-- conv3_weight: 8-bit two's complement, 9216 entries
WIDTH = 8;
DEPTH = 9216;
ADDRESS_RADIX = DEC;
DATA_RADIX = HEX;
CONTENT
BEGIN
0 : F9;
1 : F3;
2 : FE;
3 : EE;
4 : F2;
5 : F4;
6 : E7;
7 : F9;
8 : EC;
9 : 03;
10 : 00;
11 : 06;
12 : 00;
13 : F5;
14 : F8;
15 : F1;
16 : E7;
17 : E6;
18 : 1A;
19 : 04;
20 : 04;
21 : 2D;
22 : 0B;
23 : 07;
24 : 29;
25 : 0D;
26 : 07;
27 : 06;
28 : 0E;
29 : 0A;
30 : 1E;
31 : 16;
32 : 0E;
33 : 15;
34 : 18;
35 : 0F;
36 : 2F;
37 : 2E;
38 : 3C;
39 : EC;
40 : FE;
41 : F6;
42 : 14;
43 : 1E;
44 : 1C;
45 : EA;
46 : ED;
47 : E5;
48 : EC;
49 : F7;
50 : E9;
51 : DF;
52 : E0;
53 : C4;
54 : DC;
55 : DA;
56 : E8;
57 : F4;
58 : F6;
59 : E3;
60 : 04;
61 : FA;
62 : F5;
63 : EF;
64 : F8;
65 : FC;
66 : 02;
67 : FF;
68 : 04;
69 : EF;
70 : EE;
71 : FB;
72 : 1F;
73 : 03;
74 : FC;
75 : 09;
76 : F3;
77 : 09;
78 : 2F;
79 : FE;
80 : 2A;
81 : EA;
82 : F8;
83 : FF;
84 : F0;
85 : 08;
86 : 09;
87 : D0;
88 : DE;
89 : F9;
90 : F8;
91 : FB;
92 : F1;
93 : FB;
94 : 15;
95 : F7;
96 : F5;
97 : FA;
98 : E3;
99 : 14;
100 : 13;
101 : 14;
102 : 12;
103 : 0D;
104 : EC;
105 : 20;
106 : 1D;
107 : 0F;
108 : 20;
109 : 23;
110 : 3B;
111 : 0F;
112 : 15;
113 : 27;
114 : 1A;
115 : 22;
116 : 2F;
117 : F9;
118 : 0B;
119 : 0F;
120 : F4;
121 : 09;
122 : 19;
123 : E3;
124 : FC;
125 : 05;
126 : 08;
127 : 00;
128 : FF;
129 : FE;
130 : F6;
131 : FA;
132 : 09;
133 : FA;
134 : 04;
135 : FD;
136 : 04;
137 : FB;
138 : EE;
139 : F0;
140 : EB;
141 : E1;
142 : EC;
143 : F1;
144 : 09;
145 : 13;
146 : 0C;
147 : 23;
148 : 28;
149 : 2A;
150 : 2E;
151 : 23;
152 : 28;
153 : 0E;
154 : 17;
155 : 1C;
156 : E9;
157 : EB;
158 : FE;
159 : E0;
160 : E9;
161 : F6;
162 : 08;
163 : 04;
164 : 0A;
165 : 09;
166 : F8;
167 : FF;
168 : F5;
169 : 17;
170 : 08;
171 : DC;
172 : F9;
173 : 0A;
174 : C5;
175 : D6;
176 : F2;
177 : DC;
178 : E1;
179 : EF;
180 : F0;
181 : E1;
182 : E5;
183 : 15;
184 : 13;
185 : FF;
186 : 2C;
187 : 20;
188 : 1B;
189 : F5;
190 : FA;
191 : FE;
192 : D6;
193 : F7;
194 : F6;
195 : F7;
196 : F1;
197 : F7;
198 : 1F;
199 : 14;
200 : 15;
201 : F5;
202 : 01;
203 : FF;
204 : E9;
205 : EC;
206 : EF;
207 : 1D;
208 : 0C;
209 : 20;
210 : 0D;
211 : 05;
212 : 16;
213 : 06;
214 : 09;
215 : 22;
216 : FA;
217 : E8;
218 : EC;
219 : EE;
220 : E7;
221 : FC;
222 : 1B;
223 : 05;
224 : 0F;
225 : 1C;
226 : 20;
227 : 1D;
228 : 15;
229 : 12;
230 : 1D;
231 : 11;
232 : 07;
233 : 1A;
234 : FF;
235 : 05;
236 : 0A;
237 : FE;
238 : 06;
239 : 03;
240 : F3;
241 : 04;
242 : 1E;
243 : 01;
244 : 00;
245 : 12;
246 : 05;
247 : 02;
248 : 07;
249 : FD;
250 : F9;
251 : 00;
252 : 16;
253 : 07;
254 : FC;
255 : 09;
256 : 03;
257 : 0B;
258 : 41;
259 : 22;
260 : 2A;
261 : 3D;
262 : 1D;
263 : 14;
264 : 19;
265 : 13;
266 : 15;
267 : 25;
268 : 0F;
269 : 1D;
270 : 26;
271 : FB;
272 : 16;
273 : 0F;
274 : F7;
275 : 18;
276 : 1C;
277 : 0B;
278 : 1E;
279 : FF;
280 : F6;
281 : F0;
282 : 04;
283 : 1B;
284 : FF;
285 : 0F;
286 : 10;
287 : 0C;
288 : F2;
289 : F7;
290 : F8;
291 : FF;
292 : F6;
293 : F9;
294 : 01;
295 : F5;
296 : F4;
297 : 03;
298 : 08;
299 : 0B;
300 : F0;
301 : FD;
302 : FC;
303 : F3;
304 : 05;
305 : FB;
306 : F4;
307 : F4;
308 : F9;
309 : EC;
310 : 01;
311 : FE;
312 : D4;
313 : EC;
314 : ED;
315 : 13;
316 : 0C;
317 : 07;
318 : FC;
319 : 09;
320 : 01;
321 : EF;
322 : FA;
323 : DE;
324 : 04;
325 : 06;
326 : 05;
327 : 17;
328 : 10;
329 : 11;
330 : 10;
331 : 0E;
332 : FC;
333 : E0;
334 : E5;
335 : FB;
336 : 04;
337 : 03;
338 : 04;
339 : FC;
340 : FE;
341 : FB;
342 : C1;
343 : CA;
344 : C1;
345 : FE;
346 : ED;
347 : F1;
348 : FE;
349 : F9;
350 : F5;
351 : FC;
352 : 0D;
353 : 1B;
354 : 16;
355 : 1C;
356 : 1D;
357 : 0A;
358 : 0C;
359 : 0B;
360 : E8;
361 : E2;
362 : C5;
363 : C2;
364 : BE;
365 : 94;
366 : C8;
367 : DA;
368 : B8;
369 : F2;
370 : 05;
371 : FE;
372 : 09;
373 : 0D;
374 : 0E;
375 : EC;
376 : ED;
377 : EE;
378 : 02;
379 : F8;
380 : FD;
381 : 19;
382 : 0F;
383 : 27;
384 : 00;
385 : 25;
386 : 26;
387 : F9;
388 : 1A;
389 : 0F;
390 : 01;
391 : 1F;
392 : 24;
393 : 15;
394 : 19;
395 : 1C;
396 : 35;
397 : 16;
398 : 1A;
399 : 07;
400 : F9;
401 : FA;
402 : 05;
403 : 10;
404 : 03;
405 : E0;
406 : F7;
407 : 06;
408 : EB;
409 : FD;
410 : 0E;
411 : E9;
412 : F3;
413 : 03;
414 : 20;
415 : 05;
416 : 1D;
417 : 22;
418 : 1D;
419 : 2C;
420 : 2D;
421 : 30;
422 : 31;
423 : F6;
424 : F7;
425 : F6;
426 : 18;
427 : 14;
428 : 07;
429 : FB;
430 : 08;
431 : FA;
432 : 20;
433 : 23;
434 : 1C;
435 : 0D;
436 : 05;
437 : 06;
438 : 14;
439 : 0A;
440 : 00;
441 : F5;
442 : FC;
443 : 0E;
444 : E8;
445 : FE;
446 : 05;
447 : DF;
448 : FC;
449 : 06;
450 : EB;
451 : E7;
452 : F3;
453 : E2;
454 : CC;
455 : DF;
456 : E5;
457 : DE;
458 : EF;
459 : FB;
460 : 05;
461 : 1A;
462 : CE;
463 : CA;
464 : C7;
465 : E6;
466 : F1;
467 : 02;
468 : 0B;
469 : 13;
470 : FA;
471 : 21;
472 : 0C;
473 : 0F;
474 : 24;
475 : 16;
476 : 09;
477 : 23;
478 : E6;
479 : F9;
480 : 10;
481 : EB;
482 : E1;
483 : FD;
484 : E3;
485 : E9;
486 : 06;
487 : FE;
488 : FD;
489 : 05;
490 : FB;
491 : F1;
492 : F5;
493 : FB;
494 : 04;
495 : 07;
496 : EC;
497 : FC;
498 : F4;
499 : FA;
500 : FD;
501 : FB;
502 : F8;
503 : F7;
504 : ED;
505 : F6;
506 : 0A;
507 : C7;
508 : D1;
509 : D9;
510 : BA;
511 : D9;
512 : D1;
513 : 1A;
514 : 4A;
515 : 37;
516 : 08;
517 : 03;
518 : F9;
519 : 09;
520 : 0D;
521 : FB;
522 : 30;
523 : 22;
524 : 26;
525 : 03;
526 : 18;
527 : 1E;
528 : 2E;
529 : 1A;
530 : 1B;
531 : FB;
532 : 0B;
533 : 1E;
534 : FE;
535 : 19;
536 : 19;
537 : 00;
538 : 18;
539 : 10;
540 : EB;
541 : E8;
542 : D8;
543 : ED;
544 : F1;
545 : E7;
546 : 01;
547 : 07;
548 : EA;
549 : E5;
550 : FF;
551 : 02;
552 : F0;
553 : EA;
554 : 00;
555 : F0;
556 : 05;
557 : 17;
558 : 09;
559 : F8;
560 : F0;
561 : DA;
562 : F6;
563 : EC;
564 : F6;
565 : FF;
566 : F0;
567 : 19;
568 : 2A;
569 : 21;
570 : 1C;
571 : 14;
572 : 2D;
573 : EE;
574 : F9;
575 : 05;
576 : 0D;
577 : F9;
578 : F9;
579 : FA;
580 : E7;
581 : DE;
582 : 0A;
583 : 07;
584 : 0B;
585 : 0D;
586 : 15;
587 : 14;
588 : 14;
589 : 15;
590 : 20;
591 : 06;
592 : 0E;
593 : 1A;
594 : 22;
595 : 16;
596 : 1D;
597 : 15;
598 : 06;
599 : 0F;
600 : 2D;
601 : 14;
602 : 0F;
603 : F6;
604 : F0;
605 : EE;
606 : F0;
607 : F2;
608 : F4;
609 : 08;
610 : 0D;
611 : 0E;
612 : DF;
613 : E7;
614 : E8;
615 : E4;
616 : EA;
617 : DE;
618 : DF;
619 : E2;
620 : D2;
621 : 0B;
622 : 0D;
623 : 03;
624 : 03;
625 : 06;
626 : 01;
627 : 1A;
628 : 03;
629 : 05;
630 : 1E;
631 : 11;
632 : 0F;
633 : 1B;
634 : 12;
635 : 13;
636 : E2;
637 : D2;
638 : DB;
639 : 09;
640 : 06;
641 : FB;
642 : FA;
643 : EC;
644 : E1;
645 : F1;
646 : E5;
647 : D8;
648 : 20;
649 : 0E;
650 : 35;
651 : 34;
652 : 2B;
653 : 3F;
654 : 0E;
655 : 25;
656 : 3A;
657 : 0B;
658 : 16;
659 : 13;
660 : ED;
661 : F6;
662 : F4;
663 : 01;
664 : FB;
665 : F9;
666 : B9;
667 : C5;
668 : DF;
669 : AF;
670 : B2;
671 : D3;
672 : C7;
673 : D2;
674 : F1;
675 : 17;
676 : F8;
677 : 0C;
678 : 10;
679 : 16;
680 : 0A;
681 : 09;
682 : 09;
683 : 05;
684 : CF;
685 : D5;
686 : E0;
687 : D8;
688 : C9;
689 : CE;
690 : D6;
691 : CC;
692 : F7;
693 : F1;
694 : F5;
695 : F1;
696 : 09;
697 : FF;
698 : F7;
699 : 0A;
700 : FA;
701 : F8;
702 : E2;
703 : FC;
704 : 03;
705 : FF;
706 : F8;
707 : F0;
708 : E4;
709 : D9;
710 : BD;
711 : F0;
712 : F5;
713 : E8;
714 : EA;
715 : DD;
716 : D8;
717 : EC;
718 : D7;
719 : 08;
720 : F6;
721 : F5;
722 : EB;
723 : E6;
724 : DE;
725 : DD;
726 : 00;
727 : 12;
728 : 01;
729 : 08;
730 : 09;
731 : 09;
732 : 2A;
733 : 1C;
734 : 1C;
735 : 28;
736 : 10;
737 : 06;
738 : E0;
739 : E5;
740 : FC;
741 : F8;
742 : F8;
743 : 07;
744 : F9;
745 : E1;
746 : 17;
747 : F9;
748 : FC;
749 : ED;
750 : 2A;
751 : 20;
752 : 10;
753 : ED;
754 : DA;
755 : E2;
756 : F9;
757 : FD;
758 : F5;
759 : D0;
760 : E6;
761 : F3;
762 : DF;
763 : ED;
764 : F0;
765 : 06;
766 : 1C;
767 : 08;
768 : 02;
769 : 11;
770 : 0D;
771 : D7;
772 : 02;
773 : 12;
774 : 14;
775 : 0F;
776 : 27;
777 : 2D;
778 : 16;
779 : 3B;
780 : 2F;
781 : 28;
782 : 31;
783 : 10;
784 : 1B;
785 : 17;
786 : FD;
787 : 03;
788 : F1;
789 : 01;
790 : F8;
791 : E0;
792 : 1E;
793 : 18;
794 : 1E;
795 : 20;
796 : 1D;
797 : 1A;
798 : 13;
799 : 1F;
800 : 1F;
801 : FC;
802 : F2;
803 : FD;
804 : 12;
805 : DA;
806 : DB;
807 : 04;
808 : D4;
809 : BC;
810 : DE;
811 : E5;
812 : EB;
813 : E1;
814 : D5;
815 : D1;
816 : E0;
817 : E3;
818 : B8;
819 : 02;
820 : 16;
821 : 08;
822 : F0;
823 : 04;
824 : 0B;
825 : F4;
826 : 09;
827 : 08;
828 : FE;
829 : F4;
830 : 0E;
831 : 0D;
832 : 02;
833 : 10;
834 : FB;
835 : FC;
836 : 05;
837 : 13;
838 : 1B;
839 : 1B;
840 : 2A;
841 : 32;
842 : 24;
843 : 22;
844 : 1D;
845 : 0C;
846 : FB;
847 : F8;
848 : 09;
849 : 1D;
850 : 1A;
851 : 21;
852 : 24;
853 : 27;
854 : 24;
855 : 09;
856 : F5;
857 : F3;
858 : FF;
859 : EB;
860 : EA;
861 : 19;
862 : 1D;
863 : 10;
864 : 05;
865 : EB;
866 : DE;
867 : 06;
868 : F8;
869 : EE;
870 : 06;
871 : 0D;
872 : 03;
873 : 13;
874 : 0D;
875 : 0A;
876 : 04;
877 : F9;
878 : 05;
879 : F9;
880 : F8;
881 : FB;
882 : F7;
883 : F7;
884 : F4;
885 : EB;
886 : ED;
887 : E3;
888 : E8;
889 : F5;
890 : E0;
891 : CF;
892 : F8;
893 : E5;
894 : E3;
895 : 09;
896 : 03;
897 : E1;
898 : 09;
899 : 0D;
900 : E1;
901 : E5;
902 : 01;
903 : DE;
904 : E0;
905 : F2;
906 : DE;
907 : F2;
908 : 10;
909 : 07;
910 : 04;
911 : 07;
912 : 05;
913 : FA;
914 : 10;
915 : 16;
916 : 0F;
917 : 22;
918 : 16;
919 : 0D;
920 : 21;
921 : 1B;
922 : 0C;
923 : 24;
924 : 14;
925 : 0B;
926 : 2A;
927 : 0B;
928 : FF;
929 : 01;
930 : FA;
931 : F7;
932 : FB;
933 : FF;
934 : F6;
935 : FD;
936 : D8;
937 : D8;
938 : CC;
939 : E3;
940 : E0;
941 : CC;
942 : F7;
943 : F0;
944 : E2;
945 : 21;
946 : 10;
947 : 1D;
948 : 1C;
949 : 12;
950 : 18;
951 : 0F;
952 : 07;
953 : 12;
954 : 05;
955 : 0E;
956 : 1B;
957 : 0A;
958 : 16;
959 : 1A;
960 : 04;
961 : EE;
962 : F2;
963 : E9;
964 : FA;
965 : 20;
966 : E1;
967 : F9;
968 : 0B;
969 : F0;
970 : 06;
971 : 18;
972 : F0;
973 : FB;
974 : 00;
975 : FD;
976 : 0B;
977 : F5;
978 : F5;
979 : 03;
980 : F9;
981 : 01;
982 : 0D;
983 : 13;
984 : FC;
985 : 00;
986 : 06;
987 : F2;
988 : FC;
989 : 10;
990 : EA;
991 : FC;
992 : FF;
993 : F5;
994 : 09;
995 : 1B;
996 : 02;
997 : 12;
998 : 20;
999 : 26;
1000 : 14;
1001 : 2B;
1002 : 29;
1003 : 1B;
1004 : 29;
1005 : 29;
1006 : 1D;
1007 : 2A;
1008 : DA;
1009 : FA;
1010 : E3;
1011 : CF;
1012 : F7;
1013 : E2;
1014 : D2;
1015 : E9;
1016 : E0;
1017 : 15;
1018 : 18;
1019 : 1B;
1020 : FF;
1021 : 08;
1022 : F6;
1023 : 0B;
1024 : 19;
1025 : 0B;
1026 : 02;
1027 : FA;
1028 : 1A;
1029 : 0D;
1030 : 01;
1031 : 11;
1032 : 0F;
1033 : F3;
1034 : 06;
1035 : F8;
1036 : FB;
1037 : FA;
1038 : 09;
1039 : 06;
1040 : EF;
1041 : 24;
1042 : 18;
1043 : 00;
1044 : EA;
1045 : C9;
1046 : D3;
1047 : EA;
1048 : F2;
1049 : EC;
1050 : F2;
1051 : FF;
1052 : 07;
1053 : E5;
1054 : EE;
1055 : F0;
1056 : D3;
1057 : EF;
1058 : E6;
1059 : F5;
1060 : FE;
1061 : ED;
1062 : 1C;
1063 : 06;
1064 : 1B;
1065 : 2F;
1066 : FE;
1067 : FB;
1068 : 13;
1069 : F0;
1070 : EF;
1071 : 03;
1072 : FB;
1073 : 13;
1074 : F3;
1075 : F6;
1076 : 0A;
1077 : EA;
1078 : 00;
1079 : 16;
1080 : DE;
1081 : EA;
1082 : D8;
1083 : FD;
1084 : FC;
1085 : EE;
1086 : F5;
1087 : EF;
1088 : D6;
1089 : 00;
1090 : F7;
1091 : 07;
1092 : 11;
1093 : 0A;
1094 : 05;
1095 : 15;
1096 : 0C;
1097 : 11;
1098 : F1;
1099 : FD;
1100 : FF;
1101 : F6;
1102 : F6;
1103 : E7;
1104 : E5;
1105 : F7;
1106 : F0;
1107 : 04;
1108 : 07;
1109 : 10;
1110 : F7;
1111 : 00;
1112 : 05;
1113 : 04;
1114 : 0D;
1115 : 1A;
1116 : 06;
1117 : 10;
1118 : 0F;
1119 : 07;
1120 : 0A;
1121 : 01;
1122 : FC;
1123 : 05;
1124 : 0B;
1125 : 24;
1126 : 17;
1127 : 0E;
1128 : 1E;
1129 : 0B;
1130 : FF;
1131 : 09;
1132 : 02;
1133 : 0A;
1134 : E1;
1135 : F0;
1136 : F7;
1137 : F6;
1138 : F4;
1139 : 0A;
1140 : DC;
1141 : 00;
1142 : 0D;
1143 : 0B;
1144 : 08;
1145 : 06;
1146 : 0B;
1147 : F9;
1148 : E8;
1149 : 0A;
1150 : 03;
1151 : 00;
1152 : 01;
1153 : FB;
1154 : FF;
1155 : F1;
1156 : F3;
1157 : F2;
1158 : DC;
1159 : E5;
1160 : E4;
1161 : E6;
1162 : F3;
1163 : FB;
1164 : EB;
1165 : FB;
1166 : 04;
1167 : EB;
1168 : F2;
1169 : F5;
1170 : 27;
1171 : 12;
1172 : 17;
1173 : 2A;
1174 : 14;
1175 : 11;
1176 : 2A;
1177 : 1C;
1178 : 19;
1179 : 37;
1180 : 15;
1181 : 12;
1182 : 37;
1183 : 10;
1184 : 0A;
1185 : 1E;
1186 : 0E;
1187 : 02;
1188 : 17;
1189 : 3A;
1190 : 47;
1191 : FC;
1192 : 20;
1193 : 24;
1194 : FF;
1195 : 22;
1196 : 2B;
1197 : 08;
1198 : F7;
1199 : DF;
1200 : FE;
1201 : 02;
1202 : E7;
1203 : EA;
1204 : F5;
1205 : E6;
1206 : EC;
1207 : E3;
1208 : DD;
1209 : F4;
1210 : F3;
1211 : D7;
1212 : EA;
1213 : E1;
1214 : E9;
1215 : 03;
1216 : 00;
1217 : 08;
1218 : 07;
1219 : 07;
1220 : 04;
1221 : 0D;
1222 : 09;
1223 : 0B;
1224 : 53;
1225 : 2A;
1226 : 15;
1227 : 3F;
1228 : 0D;
1229 : 15;
1230 : 43;
1231 : 06;
1232 : 27;
1233 : E7;
1234 : F5;
1235 : F9;
1236 : E1;
1237 : EF;
1238 : ED;
1239 : ED;
1240 : EE;
1241 : FB;
1242 : EA;
1243 : DF;
1244 : DB;
1245 : F2;
1246 : F5;
1247 : D6;
1248 : 03;
1249 : E2;
1250 : DD;
1251 : 13;
1252 : F6;
1253 : FB;
1254 : 08;
1255 : FA;
1256 : E5;
1257 : 1A;
1258 : FD;
1259 : F7;
1260 : F3;
1261 : 11;
1262 : 2B;
1263 : FB;
1264 : 23;
1265 : 1C;
1266 : 18;
1267 : 30;
1268 : 27;
1269 : E0;
1270 : F2;
1271 : ED;
1272 : F0;
1273 : F9;
1274 : FB;
1275 : F9;
1276 : FC;
1277 : 00;
1278 : E6;
1279 : FB;
1280 : FB;
1281 : EA;
1282 : FB;
1283 : F3;
1284 : E3;
1285 : F3;
1286 : 00;
1287 : EA;
1288 : 15;
1289 : 04;
1290 : EA;
1291 : 11;
1292 : 0A;
1293 : E8;
1294 : 19;
1295 : 21;
1296 : F6;
1297 : FB;
1298 : FF;
1299 : 0B;
1300 : 11;
1301 : 17;
1302 : 04;
1303 : FF;
1304 : 0A;
1305 : 03;
1306 : 09;
1307 : 07;
1308 : FB;
1309 : FF;
1310 : 03;
1311 : F8;
1312 : F9;
1313 : F8;
1314 : 2E;
1315 : 2D;
1316 : 1E;
1317 : 1B;
1318 : 26;
1319 : 1B;
1320 : 27;
1321 : 2B;
1322 : 18;
1323 : 0A;
1324 : 04;
1325 : 25;
1326 : 0D;
1327 : 04;
1328 : 25;
1329 : EF;
1330 : F8;
1331 : 03;
1332 : 1A;
1333 : F3;
1334 : EB;
1335 : 03;
1336 : E9;
1337 : E9;
1338 : ED;
1339 : E5;
1340 : F1;
1341 : 21;
1342 : 34;
1343 : 2D;
1344 : 0D;
1345 : 3B;
1346 : 1B;
1347 : 22;
1348 : 27;
1349 : 1A;
1350 : 02;
1351 : 05;
1352 : 0C;
1353 : FB;
1354 : 00;
1355 : FA;
1356 : 11;
1357 : 11;
1358 : 0E;
1359 : 0E;
1360 : FB;
1361 : 13;
1362 : 0E;
1363 : F2;
1364 : 0A;
1365 : 05;
1366 : FE;
1367 : 09;
1368 : 27;
1369 : 0B;
1370 : 11;
1371 : 28;
1372 : FD;
1373 : 0C;
1374 : 51;
1375 : 1F;
1376 : 21;
1377 : 12;
1378 : 18;
1379 : 1B;
1380 : FD;
1381 : 09;
1382 : 17;
1383 : 05;
1384 : 06;
1385 : 18;
1386 : 0A;
1387 : F8;
1388 : 14;
1389 : 07;
1390 : 04;
1391 : 0E;
1392 : 0E;
1393 : FB;
1394 : 07;
1395 : FE;
1396 : 00;
1397 : 0B;
1398 : 01;
1399 : 02;
1400 : 06;
1401 : FC;
1402 : FA;
1403 : 00;
1404 : 30;
1405 : 0C;
1406 : 22;
1407 : 09;
1408 : FB;
1409 : 07;
1410 : 23;
1411 : 11;
1412 : 1E;
1413 : 01;
1414 : F6;
1415 : F7;
1416 : EC;
1417 : FA;
1418 : EF;
1419 : 10;
1420 : 12;
1421 : 1B;
1422 : FB;
1423 : CA;
1424 : E5;
1425 : ED;
1426 : DA;
1427 : E8;
1428 : FD;
1429 : D3;
1430 : E2;
1431 : EE;
1432 : FB;
1433 : E8;
1434 : 0A;
1435 : 1C;
1436 : 01;
1437 : F6;
1438 : 01;
1439 : FE;
1440 : F3;
1441 : FA;
1442 : FE;
1443 : E0;
1444 : F2;
1445 : ED;
1446 : F8;
1447 : 03;
1448 : EF;
1449 : 0F;
1450 : 0A;
1451 : 12;
1452 : FC;
1453 : FF;
1454 : FD;
1455 : FD;
1456 : 0F;
1457 : 03;
1458 : 03;
1459 : 17;
1460 : 0F;
1461 : FE;
1462 : 00;
1463 : 01;
1464 : EC;
1465 : F3;
1466 : EA;
1467 : F5;
1468 : F7;
1469 : EF;
1470 : FA;
1471 : 0F;
1472 : 00;
1473 : FC;
1474 : FE;
1475 : F2;
1476 : 05;
1477 : F7;
1478 : 0D;
1479 : 16;
1480 : 00;
1481 : 11;
1482 : 18;
1483 : 05;
1484 : 11;
1485 : 0D;
1486 : 0D;
1487 : 1B;
1488 : 0E;
1489 : 0E;
1490 : 12;
1491 : 21;
1492 : 19;
1493 : 1D;
1494 : 08;
1495 : 02;
1496 : FE;
1497 : 0B;
1498 : 0E;
1499 : 13;
1500 : 12;
1501 : 1D;
1502 : 1F;
1503 : 18;
1504 : 0A;
1505 : 00;
1506 : 19;
1507 : 04;
1508 : F9;
1509 : 27;
1510 : 10;
1511 : 09;
1512 : E8;
1513 : F5;
1514 : FE;
1515 : CD;
1516 : EC;
1517 : D4;
1518 : DE;
1519 : F7;
1520 : D2;
1521 : 12;
1522 : 1A;
1523 : 15;
1524 : 09;
1525 : 05;
1526 : 07;
1527 : 16;
1528 : 16;
1529 : 0E;
1530 : 0A;
1531 : EE;
1532 : ED;
1533 : 12;
1534 : 08;
1535 : 0C;
1536 : 27;
1537 : 1E;
1538 : 19;
1539 : F4;
1540 : EE;
1541 : 01;
1542 : 03;
1543 : EC;
1544 : F9;
1545 : F0;
1546 : EB;
1547 : F3;
1548 : EE;
1549 : F2;
1550 : EC;
1551 : FA;
1552 : F9;
1553 : E7;
1554 : F5;
1555 : F1;
1556 : F0;
1557 : FB;
1558 : F2;
1559 : FF;
1560 : 08;
1561 : F4;
1562 : 05;
1563 : 09;
1564 : F7;
1565 : 00;
1566 : 0B;
1567 : 0B;
1568 : 19;
1569 : 06;
1570 : 08;
1571 : 13;
1572 : F7;
1573 : FB;
1574 : 07;
1575 : 08;
1576 : 09;
1577 : 24;
1578 : F3;
1579 : F9;
1580 : 16;
1581 : F2;
1582 : F9;
1583 : 25;
1584 : EA;
1585 : F3;
1586 : 02;
1587 : DE;
1588 : EF;
1589 : EF;
1590 : DC;
1591 : F5;
1592 : E3;
1593 : 02;
1594 : 05;
1595 : 08;
1596 : FC;
1597 : 02;
1598 : 01;
1599 : 07;
1600 : 03;
1601 : 04;
1602 : 30;
1603 : 25;
1604 : 28;
1605 : 2A;
1606 : 1C;
1607 : 2B;
1608 : 32;
1609 : 1D;
1610 : 37;
1611 : 40;
1612 : 25;
1613 : 33;
1614 : 24;
1615 : 18;
1616 : 0E;
1617 : 22;
1618 : 1D;
1619 : 20;
1620 : DB;
1621 : F2;
1622 : F6;
1623 : E5;
1624 : F1;
1625 : F4;
1626 : EE;
1627 : F2;
1628 : F5;
1629 : 12;
1630 : 1C;
1631 : 10;
1632 : 0A;
1633 : 1B;
1634 : FD;
1635 : 10;
1636 : 17;
1637 : FE;
1638 : 12;
1639 : 0C;
1640 : 13;
1641 : 08;
1642 : FD;
1643 : 02;
1644 : 0A;
1645 : FD;
1646 : F7;
1647 : D5;
1648 : EC;
1649 : EE;
1650 : D5;
1651 : EF;
1652 : EF;
1653 : CE;
1654 : E1;
1655 : E7;
1656 : 00;
1657 : F9;
1658 : FF;
1659 : FB;
1660 : F2;
1661 : EF;
1662 : E7;
1663 : ED;
1664 : D9;
1665 : ED;
1666 : FF;
1667 : 04;
1668 : EB;
1669 : 00;
1670 : FB;
1671 : 01;
1672 : FF;
1673 : F0;
1674 : 13;
1675 : 00;
1676 : E9;
1677 : 29;
1678 : 10;
1679 : 07;
1680 : 04;
1681 : 0E;
1682 : 05;
1683 : 05;
1684 : 00;
1685 : 07;
1686 : 0A;
1687 : 0D;
1688 : 07;
1689 : FE;
1690 : 09;
1691 : 09;
1692 : EB;
1693 : ED;
1694 : E1;
1695 : F0;
1696 : DC;
1697 : DD;
1698 : E8;
1699 : E1;
1700 : E0;
1701 : DC;
1702 : DF;
1703 : CE;
1704 : EA;
1705 : EB;
1706 : DF;
1707 : DF;
1708 : EE;
1709 : EE;
1710 : EB;
1711 : F7;
1712 : E8;
1713 : FE;
1714 : FB;
1715 : EA;
1716 : F7;
1717 : F2;
1718 : EB;
1719 : F8;
1720 : F3;
1721 : 00;
1722 : 09;
1723 : 01;
1724 : 06;
1725 : 00;
1726 : 09;
1727 : EB;
1728 : FA;
1729 : E5;
1730 : F1;
1731 : 0D;
1732 : F5;
1733 : F5;
1734 : F4;
1735 : F0;
1736 : E1;
1737 : E8;
1738 : DE;
1739 : F1;
1740 : EA;
1741 : DB;
1742 : E3;
1743 : 04;
1744 : FD;
1745 : 04;
1746 : 15;
1747 : 01;
1748 : 0B;
1749 : 1D;
1750 : 03;
1751 : 0C;
1752 : 0D;
1753 : FF;
1754 : 10;
1755 : 11;
1756 : 15;
1757 : 08;
1758 : 00;
1759 : 08;
1760 : FD;
1761 : F9;
1762 : F9;
1763 : F6;
1764 : 47;
1765 : 3C;
1766 : 4C;
1767 : 1E;
1768 : 1D;
1769 : 27;
1770 : 1A;
1771 : 23;
1772 : 21;
1773 : FF;
1774 : FD;
1775 : F3;
1776 : FA;
1777 : 00;
1778 : F5;
1779 : F9;
1780 : F2;
1781 : F6;
1782 : C0;
1783 : B3;
1784 : D4;
1785 : CC;
1786 : CD;
1787 : D0;
1788 : B6;
1789 : D2;
1790 : E3;
1791 : 18;
1792 : 01;
1793 : 0F;
1794 : 1A;
1795 : 12;
1796 : 20;
1797 : 27;
1798 : 17;
1799 : 1D;
1800 : 1C;
1801 : 12;
1802 : 04;
1803 : 10;
1804 : 08;
1805 : FE;
1806 : FB;
1807 : FA;
1808 : F9;
1809 : FA;
1810 : 00;
1811 : F9;
1812 : EA;
1813 : EC;
1814 : EC;
1815 : FE;
1816 : 05;
1817 : 0B;
1818 : CB;
1819 : D7;
1820 : E4;
1821 : C6;
1822 : DC;
1823 : BD;
1824 : 00;
1825 : E4;
1826 : D6;
1827 : 24;
1828 : 1E;
1829 : 38;
1830 : 34;
1831 : 26;
1832 : 31;
1833 : 4B;
1834 : 1E;
1835 : 2E;
1836 : 14;
1837 : 08;
1838 : 0F;
1839 : 19;
1840 : 1E;
1841 : 15;
1842 : 08;
1843 : 15;
1844 : 0B;
1845 : F6;
1846 : F6;
1847 : FD;
1848 : FC;
1849 : FE;
1850 : 0B;
1851 : F0;
1852 : F0;
1853 : 06;
1854 : DC;
1855 : CE;
1856 : CF;
1857 : FE;
1858 : FC;
1859 : E9;
1860 : 01;
1861 : 0A;
1862 : 08;
1863 : 26;
1864 : 03;
1865 : 07;
1866 : 19;
1867 : 10;
1868 : 0E;
1869 : FC;
1870 : E7;
1871 : EA;
1872 : 0F;
1873 : 12;
1874 : 14;
1875 : 15;
1876 : 16;
1877 : 1A;
1878 : F8;
1879 : FB;
1880 : F5;
1881 : DF;
1882 : F8;
1883 : E8;
1884 : D4;
1885 : EB;
1886 : EB;
1887 : E9;
1888 : EB;
1889 : EF;
1890 : 39;
1891 : 24;
1892 : 35;
1893 : 11;
1894 : 13;
1895 : 3E;
1896 : 1C;
1897 : 1A;
1898 : 31;
1899 : 1B;
1900 : 0C;
1901 : 28;
1902 : 2D;
1903 : 23;
1904 : 3E;
1905 : 19;
1906 : 08;
1907 : 1B;
1908 : 22;
1909 : 07;
1910 : 10;
1911 : 35;
1912 : 15;
1913 : 18;
1914 : EB;
1915 : E2;
1916 : EB;
1917 : D1;
1918 : F4;
1919 : 13;
1920 : BC;
1921 : DF;
1922 : D5;
1923 : E4;
1924 : E3;
1925 : EE;
1926 : E2;
1927 : BE;
1928 : DE;
1929 : E9;
1930 : DD;
1931 : F0;
1932 : E8;
1933 : E7;
1934 : FA;
1935 : F7;
1936 : EF;
1937 : EA;
1938 : F2;
1939 : F8;
1940 : F8;
1941 : F8;
1942 : F8;
1943 : FD;
1944 : 43;
1945 : 22;
1946 : 35;
1947 : 0E;
1948 : 03;
1949 : 15;
1950 : 20;
1951 : 11;
1952 : 16;
1953 : 3D;
1954 : 37;
1955 : 2A;
1956 : 08;
1957 : FE;
1958 : 05;
1959 : 03;
1960 : FC;
1961 : 01;
1962 : 20;
1963 : 1D;
1964 : 22;
1965 : 23;
1966 : 10;
1967 : 24;
1968 : FB;
1969 : 04;
1970 : 1A;
1971 : FA;
1972 : FB;
1973 : 08;
1974 : 01;
1975 : 0C;
1976 : 13;
1977 : FC;
1978 : 03;
1979 : 07;
1980 : 09;
1981 : 02;
1982 : F3;
1983 : 21;
1984 : 0D;
1985 : 16;
1986 : F4;
1987 : FD;
1988 : F8;
1989 : 1D;
1990 : 09;
1991 : 0E;
1992 : 07;
1993 : 03;
1994 : 16;
1995 : 19;
1996 : 25;
1997 : 26;
1998 : C3;
1999 : C0;
2000 : D7;
2001 : F3;
2002 : EC;
2003 : EE;
2004 : F7;
2005 : E1;
2006 : E4;
2007 : 0C;
2008 : 08;
2009 : E4;
2010 : 25;
2011 : 2D;
2012 : 08;
2013 : DF;
2014 : F7;
2015 : 04;
2016 : 1A;
2017 : 1F;
2018 : 24;
2019 : 13;
2020 : 2B;
2021 : 2F;
2022 : 16;
2023 : 16;
2024 : 1B;
2025 : FD;
2026 : FB;
2027 : FE;
2028 : FD;
2029 : FD;
2030 : 05;
2031 : F5;
2032 : F6;
2033 : F3;
2034 : 15;
2035 : 06;
2036 : 09;
2037 : 0B;
2038 : 0D;
2039 : 12;
2040 : 13;
2041 : 0A;
2042 : 11;
2043 : 13;
2044 : FC;
2045 : 10;
2046 : 10;
2047 : 09;
2048 : 18;
2049 : 15;
2050 : 04;
2051 : 0B;
2052 : 11;
2053 : 24;
2054 : 23;
2055 : F4;
2056 : F0;
2057 : ED;
2058 : E0;
2059 : E1;
2060 : E2;
2061 : 02;
2062 : FD;
2063 : 04;
2064 : 01;
2065 : 05;
2066 : FF;
2067 : F3;
2068 : EA;
2069 : F7;
2070 : 01;
2071 : 0B;
2072 : FD;
2073 : 0A;
2074 : 16;
2075 : F9;
2076 : 12;
2077 : 0F;
2078 : FB;
2079 : F9;
2080 : 00;
2081 : F6;
2082 : ED;
2083 : F3;
2084 : F4;
2085 : E4;
2086 : EA;
2087 : E4;
2088 : F1;
2089 : ED;
2090 : FB;
2091 : 23;
2092 : 25;
2093 : 35;
2094 : 43;
2095 : 30;
2096 : 51;
2097 : E9;
2098 : F8;
2099 : F7;
2100 : 00;
2101 : 01;
2102 : FC;
2103 : DE;
2104 : E8;
2105 : F2;
2106 : 0F;
2107 : 07;
2108 : 0F;
2109 : 09;
2110 : 0E;
2111 : 0A;
2112 : 09;
2113 : 06;
2114 : 05;
2115 : 1A;
2116 : 01;
2117 : FD;
2118 : DD;
2119 : E6;
2120 : D7;
2121 : F7;
2122 : EE;
2123 : DD;
2124 : 03;
2125 : F4;
2126 : F8;
2127 : FC;
2128 : EE;
2129 : 08;
2130 : FF;
2131 : F1;
2132 : 01;
2133 : 0D;
2134 : 09;
2135 : 00;
2136 : 0B;
2137 : 03;
2138 : 07;
2139 : 11;
2140 : 13;
2141 : 02;
2142 : 17;
2143 : FD;
2144 : FF;
2145 : 03;
2146 : FB;
2147 : 04;
2148 : 13;
2149 : FE;
2150 : 05;
2151 : 25;
2152 : 1E;
2153 : 2F;
2154 : F6;
2155 : FA;
2156 : 09;
2157 : E0;
2158 : EF;
2159 : EE;
2160 : 01;
2161 : F5;
2162 : FF;
2163 : 1E;
2164 : 0B;
2165 : 1D;
2166 : 29;
2167 : 10;
2168 : 15;
2169 : F5;
2170 : F4;
2171 : F6;
2172 : FC;
2173 : F3;
2174 : F4;
2175 : FD;
2176 : F4;
2177 : 0B;
2178 : 02;
2179 : 1A;
2180 : 13;
2181 : EF;
2182 : 03;
2183 : F2;
2184 : F3;
2185 : 05;
2186 : E5;
2187 : F2;
2188 : F6;
2189 : F2;
2190 : E7;
2191 : F5;
2192 : D2;
2193 : C9;
2194 : DF;
2195 : CC;
2196 : 15;
2197 : 1E;
2198 : 31;
2199 : 18;
2200 : 18;
2201 : 1D;
2202 : 1F;
2203 : 13;
2204 : 12;
2205 : DD;
2206 : DD;
2207 : D9;
2208 : 21;
2209 : 17;
2210 : 14;
2211 : 1E;
2212 : 12;
2213 : 24;
2214 : F5;
2215 : 00;
2216 : F0;
2217 : C4;
2218 : EF;
2219 : EB;
2220 : EE;
2221 : 0F;
2222 : FA;
2223 : 11;
2224 : FD;
2225 : 09;
2226 : 2A;
2227 : 26;
2228 : 2E;
2229 : 27;
2230 : 22;
2231 : 2E;
2232 : 26;
2233 : 20;
2234 : 1E;
2235 : 24;
2236 : 11;
2237 : 0A;
2238 : 1C;
2239 : FF;
2240 : 04;
2241 : FE;
2242 : 00;
2243 : FA;
2244 : EE;
2245 : F9;
2246 : 02;
2247 : CF;
2248 : D7;
2249 : F8;
2250 : D6;
2251 : E0;
2252 : DF;
2253 : D0;
2254 : D5;
2255 : D3;
2256 : C2;
2257 : DE;
2258 : E7;
2259 : F4;
2260 : F4;
2261 : F4;
2262 : F6;
2263 : FA;
2264 : F8;
2265 : F8;
2266 : F8;
2267 : F8;
2268 : 1F;
2269 : 15;
2270 : 1C;
2271 : 2C;
2272 : 1A;
2273 : 21;
2274 : 2C;
2275 : 21;
2276 : 2D;
2277 : FB;
2278 : EE;
2279 : E2;
2280 : E7;
2281 : EB;
2282 : F5;
2283 : F4;
2284 : F0;
2285 : 05;
2286 : FD;
2287 : F0;
2288 : E3;
2289 : 08;
2290 : 01;
2291 : FB;
2292 : 18;
2293 : 17;
2294 : 23;
2295 : DB;
2296 : DB;
2297 : E3;
2298 : D6;
2299 : D9;
2300 : DF;
2301 : 09;
2302 : EB;
2303 : FC;
2304 : 15;
2305 : 19;
2306 : 0E;
2307 : 0A;
2308 : 16;
2309 : 11;
2310 : 12;
2311 : 13;
2312 : 09;
2313 : ED;
2314 : FE;
2315 : 0B;
2316 : EB;
2317 : 01;
2318 : FB;
2319 : E8;
2320 : 03;
2321 : F5;
2322 : 0F;
2323 : 0C;
2324 : 03;
2325 : 0E;
2326 : FF;
2327 : F8;
2328 : EC;
2329 : F0;
2330 : E3;
2331 : 1B;
2332 : 0C;
2333 : 09;
2334 : 19;
2335 : 14;
2336 : 0C;
2337 : 04;
2338 : 03;
2339 : F7;
2340 : 23;
2341 : 10;
2342 : 13;
2343 : 30;
2344 : 24;
2345 : 39;
2346 : 2A;
2347 : 29;
2348 : 40;
2349 : 09;
2350 : 04;
2351 : FC;
2352 : 06;
2353 : FD;
2354 : F5;
2355 : 17;
2356 : 13;
2357 : 1E;
2358 : F8;
2359 : EF;
2360 : D8;
2361 : FC;
2362 : 0A;
2363 : 00;
2364 : 04;
2365 : 19;
2366 : 10;
2367 : 0F;
2368 : 08;
2369 : 00;
2370 : 09;
2371 : FF;
2372 : E8;
2373 : 07;
2374 : 03;
2375 : F4;
2376 : 1E;
2377 : 20;
2378 : 23;
2379 : F1;
2380 : F8;
2381 : D1;
2382 : E4;
2383 : E3;
2384 : C7;
2385 : 05;
2386 : FB;
2387 : 00;
2388 : 0B;
2389 : FB;
2390 : 04;
2391 : 16;
2392 : 21;
2393 : 23;
2394 : F4;
2395 : F6;
2396 : F3;
2397 : 1D;
2398 : 27;
2399 : 1C;
2400 : 19;
2401 : 1F;
2402 : 12;
2403 : D4;
2404 : E9;
2405 : D8;
2406 : C7;
2407 : D6;
2408 : D1;
2409 : D0;
2410 : DA;
2411 : CB;
2412 : 0D;
2413 : 0A;
2414 : 1A;
2415 : 09;
2416 : 04;
2417 : FA;
2418 : 05;
2419 : FB;
2420 : F7;
2421 : E2;
2422 : E6;
2423 : EC;
2424 : ED;
2425 : F5;
2426 : E7;
2427 : 08;
2428 : 05;
2429 : 0B;
2430 : 1F;
2431 : 1E;
2432 : 36;
2433 : 0E;
2434 : 15;
2435 : 1C;
2436 : 06;
2437 : 1D;
2438 : 07;
2439 : FE;
2440 : 26;
2441 : 18;
2442 : 04;
2443 : 1D;
2444 : 20;
2445 : 29;
2446 : 4D;
2447 : 4B;
2448 : FC;
2449 : FE;
2450 : 07;
2451 : F2;
2452 : F3;
2453 : F6;
2454 : F1;
2455 : E8;
2456 : DC;
2457 : 09;
2458 : 06;
2459 : 12;
2460 : 11;
2461 : 18;
2462 : 25;
2463 : 15;
2464 : 17;
2465 : 20;
2466 : 11;
2467 : 20;
2468 : 18;
2469 : 0D;
2470 : 0E;
2471 : 01;
2472 : 0B;
2473 : 04;
2474 : F7;
2475 : 1C;
2476 : 19;
2477 : 24;
2478 : E7;
2479 : F4;
2480 : DC;
2481 : FD;
2482 : FB;
2483 : FB;
2484 : 12;
2485 : 18;
2486 : 05;
2487 : F3;
2488 : E5;
2489 : EB;
2490 : DB;
2491 : E4;
2492 : E5;
2493 : 24;
2494 : 2C;
2495 : 35;
2496 : 2C;
2497 : 3D;
2498 : 28;
2499 : 46;
2500 : 4E;
2501 : 24;
2502 : 17;
2503 : 22;
2504 : 0B;
2505 : FC;
2506 : 06;
2507 : FD;
2508 : 03;
2509 : 10;
2510 : 0B;
2511 : F9;
2512 : 00;
2513 : 0A;
2514 : 0A;
2515 : 0D;
2516 : 17;
2517 : 0D;
2518 : 11;
2519 : 15;
2520 : 15;
2521 : 01;
2522 : 08;
2523 : 07;
2524 : F6;
2525 : E0;
2526 : EC;
2527 : E1;
2528 : BD;
2529 : 13;
2530 : 0D;
2531 : 03;
2532 : 07;
2533 : 13;
2534 : 13;
2535 : 0F;
2536 : 14;
2537 : 11;
2538 : F0;
2539 : FC;
2540 : FF;
2541 : 0E;
2542 : 0F;
2543 : FE;
2544 : 28;
2545 : 22;
2546 : 16;
2547 : 00;
2548 : FA;
2549 : F8;
2550 : 0C;
2551 : 06;
2552 : 06;
2553 : 05;
2554 : 0B;
2555 : 0E;
2556 : 00;
2557 : F4;
2558 : FB;
2559 : F2;
2560 : E9;
2561 : EE;
2562 : F0;
2563 : F7;
2564 : E7;
2565 : C3;
2566 : CD;
2567 : C0;
2568 : C7;
2569 : D8;
2570 : E7;
2571 : DB;
2572 : ED;
2573 : E9;
2574 : F4;
2575 : E0;
2576 : E3;
2577 : D0;
2578 : D7;
2579 : C2;
2580 : C6;
2581 : CA;
2582 : BF;
2583 : D8;
2584 : F0;
2585 : F4;
2586 : EC;
2587 : EC;
2588 : 03;
2589 : 03;
2590 : 09;
2591 : 07;
2592 : F3;
2593 : F0;
2594 : E7;
2595 : EA;
2596 : F9;
2597 : F4;
2598 : F2;
2599 : FA;
2600 : FC;
2601 : 14;
2602 : 12;
2603 : 15;
2604 : 02;
2605 : 04;
2606 : 17;
2607 : 0A;
2608 : F9;
2609 : 0C;
2610 : 0A;
2611 : 03;
2612 : 06;
2613 : 0D;
2614 : 0C;
2615 : FC;
2616 : 18;
2617 : 16;
2618 : 15;
2619 : 1D;
2620 : 0A;
2621 : 0E;
2622 : 0C;
2623 : 03;
2624 : 08;
2625 : 20;
2626 : 04;
2627 : 17;
2628 : 09;
2629 : 0A;
2630 : 09;
2631 : F4;
2632 : DF;
2633 : D2;
2634 : DC;
2635 : DF;
2636 : D2;
2637 : 0E;
2638 : 02;
2639 : FC;
2640 : 08;
2641 : F7;
2642 : F9;
2643 : F9;
2644 : F2;
2645 : 0A;
2646 : 1E;
2647 : 20;
2648 : 31;
2649 : 0A;
2650 : 12;
2651 : 0C;
2652 : 1A;
2653 : 18;
2654 : 21;
2655 : 01;
2656 : F1;
2657 : FA;
2658 : FE;
2659 : F7;
2660 : FC;
2661 : ED;
2662 : F5;
2663 : FD;
2664 : E0;
2665 : DC;
2666 : E6;
2667 : 1B;
2668 : 0D;
2669 : 23;
2670 : 2C;
2671 : 1A;
2672 : 3C;
2673 : 0D;
2674 : 01;
2675 : 11;
2676 : 08;
2677 : 02;
2678 : 05;
2679 : F1;
2680 : F4;
2681 : F6;
2682 : FD;
2683 : FB;
2684 : 09;
2685 : FA;
2686 : FC;
2687 : F6;
2688 : 06;
2689 : FD;
2690 : E7;
2691 : 39;
2692 : 08;
2693 : 27;
2694 : 27;
2695 : 04;
2696 : 15;
2697 : 1E;
2698 : 06;
2699 : 12;
2700 : EC;
2701 : F5;
2702 : F3;
2703 : EF;
2704 : EE;
2705 : FB;
2706 : F3;
2707 : EC;
2708 : ED;
2709 : 07;
2710 : 0B;
2711 : 1A;
2712 : 04;
2713 : F9;
2714 : 10;
2715 : 10;
2716 : 07;
2717 : 03;
2718 : 0B;
2719 : 07;
2720 : 06;
2721 : EC;
2722 : FC;
2723 : F9;
2724 : EB;
2725 : E9;
2726 : E5;
2727 : 22;
2728 : 19;
2729 : 13;
2730 : 15;
2731 : 0B;
2732 : 02;
2733 : F3;
2734 : F8;
2735 : FD;
2736 : D5;
2737 : EA;
2738 : E7;
2739 : E6;
2740 : FC;
2741 : FF;
2742 : 0D;
2743 : 06;
2744 : 02;
2745 : 04;
2746 : 0E;
2747 : 09;
2748 : EC;
2749 : F0;
2750 : FA;
2751 : F1;
2752 : EB;
2753 : E6;
2754 : 2B;
2755 : 2C;
2756 : 38;
2757 : 30;
2758 : 34;
2759 : 2B;
2760 : 22;
2761 : 1E;
2762 : 33;
2763 : EE;
2764 : F4;
2765 : F1;
2766 : FA;
2767 : E9;
2768 : E7;
2769 : F8;
2770 : F7;
2771 : DD;
2772 : F4;
2773 : F1;
2774 : EA;
2775 : F8;
2776 : FC;
2777 : 00;
2778 : 16;
2779 : 1A;
2780 : 28;
2781 : E3;
2782 : E0;
2783 : E7;
2784 : D8;
2785 : F2;
2786 : ED;
2787 : F1;
2788 : E5;
2789 : DB;
2790 : 0A;
2791 : 03;
2792 : 11;
2793 : F1;
2794 : EC;
2795 : F4;
2796 : 0C;
2797 : 07;
2798 : 1D;
2799 : ED;
2800 : FA;
2801 : F6;
2802 : FC;
2803 : 0C;
2804 : 0F;
2805 : 08;
2806 : 08;
2807 : 12;
2808 : 03;
2809 : 05;
2810 : 09;
2811 : 11;
2812 : 04;
2813 : 0A;
2814 : 23;
2815 : FA;
2816 : FC;
2817 : FB;
2818 : FA;
2819 : F5;
2820 : FE;
2821 : 04;
2822 : 03;
2823 : FF;
2824 : FA;
2825 : 06;
2826 : E8;
2827 : F4;
2828 : FC;
2829 : D4;
2830 : E6;
2831 : E2;
2832 : DB;
2833 : DC;
2834 : D3;
2835 : 09;
2836 : FB;
2837 : 0A;
2838 : 09;
2839 : F8;
2840 : 0E;
2841 : 03;
2842 : 04;
2843 : 13;
2844 : 04;
2845 : F5;
2846 : 17;
2847 : 08;
2848 : 05;
2849 : 10;
2850 : 2A;
2851 : 1C;
2852 : 27;
2853 : 11;
2854 : 06;
2855 : F7;
2856 : 16;
2857 : 12;
2858 : 19;
2859 : 11;
2860 : 09;
2861 : 05;
2862 : E0;
2863 : EC;
2864 : 16;
2865 : EB;
2866 : F5;
2867 : 0F;
2868 : 1F;
2869 : 0E;
2870 : 1E;
2871 : DD;
2872 : DC;
2873 : CF;
2874 : DE;
2875 : E0;
2876 : D6;
2877 : 04;
2878 : FC;
2879 : F4;
2880 : 08;
2881 : FB;
2882 : 0C;
2883 : 06;
2884 : FA;
2885 : 01;
2886 : 06;
2887 : F6;
2888 : 0E;
2889 : 1A;
2890 : 04;
2891 : FB;
2892 : 09;
2893 : 00;
2894 : F3;
2895 : F8;
2896 : F1;
2897 : F7;
2898 : 01;
2899 : 01;
2900 : 14;
2901 : 05;
2902 : 0D;
2903 : 08;
2904 : 14;
2905 : 09;
2906 : F9;
2907 : FA;
2908 : 0B;
2909 : 0F;
2910 : F5;
2911 : 00;
2912 : 01;
2913 : F0;
2914 : FA;
2915 : 11;
2916 : E7;
2917 : F3;
2918 : E9;
2919 : E1;
2920 : E1;
2921 : DD;
2922 : DE;
2923 : E5;
2924 : E2;
2925 : F0;
2926 : ED;
2927 : EA;
2928 : FE;
2929 : 03;
2930 : FD;
2931 : E4;
2932 : DC;
2933 : E3;
2934 : FB;
2935 : 0C;
2936 : 10;
2937 : EF;
2938 : E7;
2939 : 03;
2940 : F2;
2941 : E1;
2942 : F6;
2943 : 08;
2944 : 0A;
2945 : 14;
2946 : 05;
2947 : 01;
2948 : 04;
2949 : E9;
2950 : E8;
2951 : F4;
2952 : EE;
2953 : 04;
2954 : 1B;
2955 : E7;
2956 : FF;
2957 : 13;
2958 : F3;
2959 : EB;
2960 : F1;
2961 : E6;
2962 : F3;
2963 : F5;
2964 : F8;
2965 : 08;
2966 : 08;
2967 : F1;
2968 : F7;
2969 : 04;
2970 : 20;
2971 : 27;
2972 : 24;
2973 : 1A;
2974 : 15;
2975 : 29;
2976 : 0F;
2977 : 0A;
2978 : 14;
2979 : DA;
2980 : E1;
2981 : F9;
2982 : D7;
2983 : E9;
2984 : 00;
2985 : EB;
2986 : 07;
2987 : 25;
2988 : F6;
2989 : FD;
2990 : F8;
2991 : E6;
2992 : EE;
2993 : FD;
2994 : DC;
2995 : F3;
2996 : FF;
2997 : 10;
2998 : 0D;
2999 : 0A;
3000 : 08;
3001 : 01;
3002 : 09;
3003 : 16;
3004 : 0B;
3005 : FF;
3006 : 0E;
3007 : 05;
3008 : 15;
3009 : 12;
3010 : 04;
3011 : 14;
3012 : 1B;
3013 : FE;
3014 : FE;
3015 : CE;
3016 : C1;
3017 : C2;
3018 : D2;
3019 : B0;
3020 : AE;
3021 : D7;
3022 : C9;
3023 : C7;
3024 : 19;
3025 : 0F;
3026 : 09;
3027 : 39;
3028 : 19;
3029 : 19;
3030 : 48;
3031 : 37;
3032 : 30;
3033 : F3;
3034 : E7;
3035 : DB;
3036 : 02;
3037 : FA;
3038 : EE;
3039 : 0C;
3040 : 02;
3041 : EF;
3042 : F3;
3043 : 05;
3044 : F3;
3045 : E5;
3046 : F5;
3047 : E2;
3048 : EF;
3049 : 17;
3050 : 20;
3051 : F1;
3052 : E3;
3053 : DA;
3054 : F5;
3055 : E1;
3056 : E2;
3057 : 0A;
3058 : EB;
3059 : D6;
3060 : 0A;
3061 : 0E;
3062 : 25;
3063 : 19;
3064 : 21;
3065 : 1A;
3066 : 30;
3067 : 2C;
3068 : 26;
3069 : FB;
3070 : 01;
3071 : 03;
3072 : 12;
3073 : FB;
3074 : 22;
3075 : F7;
3076 : EA;
3077 : 17;
3078 : 02;
3079 : 05;
3080 : 10;
3081 : F9;
3082 : F3;
3083 : FA;
3084 : 00;
3085 : 00;
3086 : 12;
3087 : 0D;
3088 : FB;
3089 : 06;
3090 : FB;
3091 : FC;
3092 : 07;
3093 : 07;
3094 : F9;
3095 : FD;
3096 : E6;
3097 : 1A;
3098 : FC;
3099 : E2;
3100 : 06;
3101 : D4;
3102 : EF;
3103 : E7;
3104 : C7;
3105 : 01;
3106 : E6;
3107 : FF;
3108 : 09;
3109 : F1;
3110 : FC;
3111 : 09;
3112 : F3;
3113 : EB;
3114 : F7;
3115 : F3;
3116 : 01;
3117 : F4;
3118 : 03;
3119 : 01;
3120 : 03;
3121 : 05;
3122 : 21;
3123 : E7;
3124 : EB;
3125 : D3;
3126 : F0;
3127 : F7;
3128 : FE;
3129 : E6;
3130 : F1;
3131 : 15;
3132 : F6;
3133 : F1;
3134 : E7;
3135 : E8;
3136 : F0;
3137 : E1;
3138 : 09;
3139 : F0;
3140 : F9;
3141 : 0D;
3142 : 05;
3143 : 06;
3144 : FF;
3145 : F7;
3146 : EE;
3147 : FD;
3148 : 05;
3149 : E5;
3150 : 3D;
3151 : 2D;
3152 : 3F;
3153 : 2F;
3154 : 27;
3155 : 3D;
3156 : 31;
3157 : 2F;
3158 : 29;
3159 : 0F;
3160 : 0C;
3161 : F7;
3162 : 22;
3163 : 17;
3164 : 01;
3165 : 24;
3166 : 30;
3167 : 1E;
3168 : F2;
3169 : D1;
3170 : CB;
3171 : FA;
3172 : E7;
3173 : D6;
3174 : FA;
3175 : F5;
3176 : DF;
3177 : 14;
3178 : 06;
3179 : FB;
3180 : 03;
3181 : 03;
3182 : 05;
3183 : FF;
3184 : FF;
3185 : 07;
3186 : EB;
3187 : F0;
3188 : DA;
3189 : CE;
3190 : E6;
3191 : E2;
3192 : C6;
3193 : E8;
3194 : D8;
3195 : DA;
3196 : 00;
3197 : E8;
3198 : D5;
3199 : F2;
3200 : E0;
3201 : D6;
3202 : F7;
3203 : EB;
3204 : 11;
3205 : 13;
3206 : 28;
3207 : 07;
3208 : FD;
3209 : 07;
3210 : 0D;
3211 : 10;
3212 : 0A;
3213 : 04;
3214 : 09;
3215 : FF;
3216 : FB;
3217 : 03;
3218 : FE;
3219 : 0B;
3220 : 0A;
3221 : 09;
3222 : 09;
3223 : 01;
3224 : 25;
3225 : 0C;
3226 : 03;
3227 : 0D;
3228 : 1E;
3229 : 19;
3230 : 1F;
3231 : 02;
3232 : 00;
3233 : 09;
3234 : 06;
3235 : F1;
3236 : 01;
3237 : 07;
3238 : F5;
3239 : FD;
3240 : C1;
3241 : CB;
3242 : CB;
3243 : BF;
3244 : D8;
3245 : DD;
3246 : B8;
3247 : DF;
3248 : F3;
3249 : 10;
3250 : 14;
3251 : 15;
3252 : 1A;
3253 : 17;
3254 : 19;
3255 : 17;
3256 : 11;
3257 : 19;
3258 : 08;
3259 : 29;
3260 : 2C;
3261 : 11;
3262 : 0E;
3263 : 0B;
3264 : 06;
3265 : FF;
3266 : FA;
3267 : 06;
3268 : 0E;
3269 : 12;
3270 : 07;
3271 : 0B;
3272 : 0C;
3273 : 04;
3274 : 12;
3275 : 17;
3276 : 06;
3277 : 0F;
3278 : F8;
3279 : 17;
3280 : 11;
3281 : FC;
3282 : 0A;
3283 : 09;
3284 : 07;
3285 : 12;
3286 : 18;
3287 : 20;
3288 : 17;
3289 : 15;
3290 : 18;
3291 : 0A;
3292 : 12;
3293 : 14;
3294 : EF;
3295 : F7;
3296 : EF;
3297 : ED;
3298 : 01;
3299 : 01;
3300 : FA;
3301 : 05;
3302 : 0D;
3303 : FB;
3304 : D5;
3305 : E7;
3306 : 10;
3307 : E1;
3308 : FD;
3309 : 11;
3310 : F3;
3311 : F7;
3312 : EC;
3313 : 04;
3314 : FB;
3315 : DF;
3316 : F6;
3317 : F0;
3318 : DA;
3319 : FD;
3320 : EF;
3321 : 03;
3322 : 19;
3323 : 1F;
3324 : FC;
3325 : 06;
3326 : FF;
3327 : F6;
3328 : 06;
3329 : 03;
3330 : 2C;
3331 : 30;
3332 : 54;
3333 : 1E;
3334 : 1F;
3335 : 48;
3336 : 26;
3337 : 22;
3338 : 37;
3339 : F7;
3340 : EB;
3341 : E4;
3342 : 10;
3343 : 08;
3344 : 00;
3345 : 1E;
3346 : 1D;
3347 : 07;
3348 : E4;
3349 : EC;
3350 : F4;
3351 : F8;
3352 : 05;
3353 : 03;
3354 : ED;
3355 : 06;
3356 : 0C;
3357 : CC;
3358 : D3;
3359 : F2;
3360 : C5;
3361 : C2;
3362 : D1;
3363 : B7;
3364 : BA;
3365 : CA;
3366 : 10;
3367 : 04;
3368 : 0D;
3369 : 1E;
3370 : FA;
3371 : FD;
3372 : 0B;
3373 : E9;
3374 : EC;
3375 : F4;
3376 : F3;
3377 : 00;
3378 : EE;
3379 : F2;
3380 : FD;
3381 : E9;
3382 : EF;
3383 : 00;
3384 : D0;
3385 : DD;
3386 : C5;
3387 : DF;
3388 : E3;
3389 : DF;
3390 : DD;
3391 : ED;
3392 : EE;
3393 : DF;
3394 : DE;
3395 : D7;
3396 : F4;
3397 : F9;
3398 : E1;
3399 : ED;
3400 : F1;
3401 : E7;
3402 : 18;
3403 : 15;
3404 : 1F;
3405 : 13;
3406 : 08;
3407 : 10;
3408 : 03;
3409 : FE;
3410 : 05;
3411 : 06;
3412 : 0C;
3413 : 17;
3414 : F4;
3415 : F8;
3416 : 05;
3417 : 0E;
3418 : FC;
3419 : 09;
3420 : EA;
3421 : 0A;
3422 : 02;
3423 : F9;
3424 : 02;
3425 : F6;
3426 : 05;
3427 : FF;
3428 : FF;
3429 : 32;
3430 : 2C;
3431 : 15;
3432 : 3A;
3433 : 28;
3434 : 0C;
3435 : 16;
3436 : 03;
3437 : EF;
3438 : 17;
3439 : 06;
3440 : 0C;
3441 : 0A;
3442 : 0A;
3443 : 13;
3444 : 16;
3445 : 1E;
3446 : 20;
3447 : 11;
3448 : 0A;
3449 : FD;
3450 : 12;
3451 : FF;
3452 : F4;
3453 : 15;
3454 : 1B;
3455 : FB;
3456 : D7;
3457 : EC;
3458 : 07;
3459 : F0;
3460 : FC;
3461 : 10;
3462 : F1;
3463 : 06;
3464 : 0B;
3465 : 0E;
3466 : 0B;
3467 : 0C;
3468 : 03;
3469 : FE;
3470 : 10;
3471 : FF;
3472 : FF;
3473 : 16;
3474 : E5;
3475 : 03;
3476 : F7;
3477 : DE;
3478 : F3;
3479 : E8;
3480 : FA;
3481 : FA;
3482 : FA;
3483 : 1B;
3484 : 00;
3485 : 15;
3486 : 05;
3487 : F4;
3488 : 00;
3489 : 14;
3490 : 04;
3491 : 17;
3492 : F4;
3493 : F1;
3494 : F3;
3495 : 05;
3496 : FE;
3497 : 01;
3498 : 12;
3499 : 01;
3500 : F8;
3501 : 01;
3502 : E5;
3503 : EC;
3504 : EA;
3505 : F2;
3506 : 04;
3507 : 01;
3508 : FA;
3509 : 16;
3510 : 25;
3511 : 0A;
3512 : 06;
3513 : 24;
3514 : 02;
3515 : 11;
3516 : 32;
3517 : 1D;
3518 : 1F;
3519 : 0E;
3520 : 08;
3521 : 0C;
3522 : 01;
3523 : FA;
3524 : 08;
3525 : 25;
3526 : 15;
3527 : 23;
3528 : 0F;
3529 : 20;
3530 : 0C;
3531 : 0A;
3532 : 0B;
3533 : 23;
3534 : F5;
3535 : F3;
3536 : F6;
3537 : 10;
3538 : 0E;
3539 : 1C;
3540 : 07;
3541 : FC;
3542 : FB;
3543 : 13;
3544 : 09;
3545 : 17;
3546 : 2B;
3547 : 26;
3548 : 24;
3549 : F8;
3550 : EF;
3551 : F6;
3552 : F0;
3553 : F9;
3554 : F7;
3555 : 21;
3556 : 15;
3557 : 2D;
3558 : 2A;
3559 : 1E;
3560 : 23;
3561 : 34;
3562 : 19;
3563 : 17;
3564 : E6;
3565 : EF;
3566 : FB;
3567 : 06;
3568 : FD;
3569 : FF;
3570 : FE;
3571 : F3;
3572 : 00;
3573 : 1D;
3574 : FC;
3575 : 00;
3576 : 17;
3577 : FF;
3578 : 12;
3579 : 13;
3580 : 08;
3581 : 09;
3582 : E0;
3583 : EB;
3584 : F5;
3585 : FD;
3586 : F4;
3587 : F7;
3588 : 0B;
3589 : 10;
3590 : 19;
3591 : E1;
3592 : C2;
3593 : DD;
3594 : F0;
3595 : EA;
3596 : F5;
3597 : F8;
3598 : EB;
3599 : 00;
3600 : 17;
3601 : 16;
3602 : 06;
3603 : FC;
3604 : 03;
3605 : FF;
3606 : F9;
3607 : 02;
3608 : 05;
3609 : CA;
3610 : DC;
3611 : C2;
3612 : E5;
3613 : FA;
3614 : E7;
3615 : D9;
3616 : DC;
3617 : CA;
3618 : 22;
3619 : 2A;
3620 : 3C;
3621 : 06;
3622 : 0F;
3623 : 23;
3624 : 20;
3625 : 33;
3626 : 41;
3627 : FB;
3628 : F2;
3629 : D7;
3630 : 1C;
3631 : 15;
3632 : FF;
3633 : F7;
3634 : 00;
3635 : F9;
3636 : 27;
3637 : 2C;
3638 : 39;
3639 : 28;
3640 : 1D;
3641 : 2C;
3642 : 27;
3643 : 12;
3644 : 18;
3645 : 02;
3646 : 23;
3647 : 16;
3648 : FA;
3649 : F4;
3650 : F6;
3651 : FF;
3652 : FA;
3653 : 10;
3654 : E5;
3655 : E7;
3656 : D8;
3657 : F6;
3658 : EE;
3659 : E7;
3660 : DC;
3661 : D4;
3662 : D6;
3663 : FD;
3664 : FD;
3665 : E8;
3666 : F8;
3667 : FD;
3668 : FA;
3669 : FC;
3670 : 05;
3671 : F9;
3672 : 02;
3673 : 0B;
3674 : FE;
3675 : 07;
3676 : 08;
3677 : 04;
3678 : FA;
3679 : 04;
3680 : 04;
3681 : DC;
3682 : D3;
3683 : C0;
3684 : E5;
3685 : ED;
3686 : E2;
3687 : EE;
3688 : ED;
3689 : E0;
3690 : 08;
3691 : 0B;
3692 : 05;
3693 : 0A;
3694 : 03;
3695 : 02;
3696 : EF;
3697 : F2;
3698 : F0;
3699 : 00;
3700 : F6;
3701 : E9;
3702 : FE;
3703 : FA;
3704 : FF;
3705 : 0D;
3706 : F7;
3707 : 00;
3708 : ED;
3709 : FE;
3710 : F0;
3711 : F1;
3712 : FC;
3713 : EE;
3714 : 08;
3715 : F8;
3716 : 05;
3717 : 03;
3718 : 06;
3719 : 0C;
3720 : EE;
3721 : E6;
3722 : EA;
3723 : D3;
3724 : CB;
3725 : C3;
3726 : F9;
3727 : 04;
3728 : 01;
3729 : 13;
3730 : 0B;
3731 : 01;
3732 : F8;
3733 : ED;
3734 : F9;
3735 : FC;
3736 : FB;
3737 : EC;
3738 : 02;
3739 : 06;
3740 : F6;
3741 : E3;
3742 : DB;
3743 : D4;
3744 : 0B;
3745 : 0D;
3746 : 19;
3747 : E6;
3748 : E2;
3749 : D8;
3750 : ED;
3751 : DA;
3752 : D6;
3753 : 14;
3754 : 07;
3755 : 04;
3756 : 0F;
3757 : 03;
3758 : 04;
3759 : 09;
3760 : 08;
3761 : 06;
3762 : 1F;
3763 : 18;
3764 : 1C;
3765 : 1C;
3766 : 09;
3767 : 08;
3768 : 37;
3769 : 02;
3770 : 08;
3771 : F1;
3772 : EC;
3773 : E2;
3774 : E1;
3775 : D5;
3776 : D6;
3777 : ED;
3778 : DC;
3779 : CC;
3780 : EB;
3781 : 06;
3782 : 05;
3783 : DA;
3784 : F0;
3785 : F1;
3786 : ED;
3787 : E9;
3788 : E8;
3789 : 0A;
3790 : FF;
3791 : F3;
3792 : 08;
3793 : 10;
3794 : F1;
3795 : 10;
3796 : 18;
3797 : E9;
3798 : 04;
3799 : 11;
3800 : FD;
3801 : 02;
3802 : 1C;
3803 : 0C;
3804 : 10;
3805 : 0C;
3806 : 0A;
3807 : F7;
3808 : 03;
3809 : 0D;
3810 : F2;
3811 : F2;
3812 : F7;
3813 : F1;
3814 : E5;
3815 : E8;
3816 : FE;
3817 : 06;
3818 : 0D;
3819 : EB;
3820 : FE;
3821 : 06;
3822 : DD;
3823 : E8;
3824 : 0D;
3825 : F1;
3826 : FB;
3827 : EF;
3828 : F1;
3829 : F7;
3830 : F0;
3831 : F5;
3832 : F6;
3833 : F5;
3834 : 1C;
3835 : FE;
3836 : 0F;
3837 : 03;
3838 : 0D;
3839 : 06;
3840 : 02;
3841 : 04;
3842 : 1C;
3843 : EA;
3844 : E2;
3845 : D9;
3846 : D4;
3847 : D2;
3848 : DA;
3849 : ED;
3850 : EC;
3851 : FC;
3852 : 09;
3853 : 0F;
3854 : 13;
3855 : FE;
3856 : FF;
3857 : FB;
3858 : F8;
3859 : 00;
3860 : 09;
3861 : 07;
3862 : FD;
3863 : FB;
3864 : 17;
3865 : 0D;
3866 : 02;
3867 : 0B;
3868 : 13;
3869 : 08;
3870 : 03;
3871 : F9;
3872 : 06;
3873 : 0C;
3874 : FB;
3875 : F7;
3876 : 11;
3877 : EC;
3878 : E0;
3879 : EB;
3880 : D5;
3881 : DD;
3882 : ED;
3883 : E4;
3884 : E2;
3885 : E8;
3886 : D6;
3887 : E4;
3888 : 13;
3889 : 0F;
3890 : 10;
3891 : FA;
3892 : FC;
3893 : F0;
3894 : F0;
3895 : F1;
3896 : F6;
3897 : 1D;
3898 : 11;
3899 : 05;
3900 : 24;
3901 : 1B;
3902 : 15;
3903 : 26;
3904 : 1D;
3905 : 12;
3906 : EF;
3907 : F9;
3908 : F3;
3909 : 06;
3910 : FA;
3911 : EB;
3912 : FD;
3913 : FD;
3914 : 04;
3915 : 0D;
3916 : 02;
3917 : 27;
3918 : 21;
3919 : 0D;
3920 : 20;
3921 : 2E;
3922 : 07;
3923 : 23;
3924 : DC;
3925 : F7;
3926 : F1;
3927 : E0;
3928 : 01;
3929 : FA;
3930 : F5;
3931 : F7;
3932 : E6;
3933 : E7;
3934 : DB;
3935 : EE;
3936 : BE;
3937 : E6;
3938 : F2;
3939 : C5;
3940 : D3;
3941 : FC;
3942 : F9;
3943 : 04;
3944 : 16;
3945 : 09;
3946 : 14;
3947 : 15;
3948 : 0D;
3949 : 00;
3950 : 11;
3951 : 05;
3952 : 16;
3953 : 19;
3954 : FD;
3955 : 0E;
3956 : F3;
3957 : FB;
3958 : F9;
3959 : ED;
3960 : 14;
3961 : 10;
3962 : 21;
3963 : 15;
3964 : 0F;
3965 : 04;
3966 : 2C;
3967 : 1F;
3968 : 11;
3969 : F5;
3970 : FC;
3971 : 0F;
3972 : 05;
3973 : 0A;
3974 : 17;
3975 : FC;
3976 : FC;
3977 : F7;
3978 : 09;
3979 : FC;
3980 : FE;
3981 : 08;
3982 : 04;
3983 : 08;
3984 : EF;
3985 : F1;
3986 : FA;
3987 : FC;
3988 : F9;
3989 : F5;
3990 : 03;
3991 : 07;
3992 : 03;
3993 : FC;
3994 : 0D;
3995 : FF;
3996 : 0E;
3997 : 09;
3998 : 08;
3999 : 0C;
4000 : 10;
4001 : 0E;
4002 : 0A;
4003 : 0B;
4004 : 11;
4005 : 13;
4006 : FD;
4007 : EE;
4008 : 14;
4009 : 0B;
4010 : 09;
4011 : 0B;
4012 : 09;
4013 : 13;
4014 : 22;
4015 : 1E;
4016 : FE;
4017 : 1B;
4018 : 0B;
4019 : F8;
4020 : 1D;
4021 : 20;
4022 : 28;
4023 : 08;
4024 : 0C;
4025 : 0E;
4026 : 03;
4027 : 19;
4028 : 16;
4029 : 2C;
4030 : 23;
4031 : 0D;
4032 : 06;
4033 : 07;
4034 : F1;
4035 : F1;
4036 : EE;
4037 : D9;
4038 : FE;
4039 : E4;
4040 : DE;
4041 : E3;
4042 : EB;
4043 : E6;
4044 : 0F;
4045 : 11;
4046 : 11;
4047 : F4;
4048 : F7;
4049 : F1;
4050 : 03;
4051 : EE;
4052 : EA;
4053 : 11;
4054 : F4;
4055 : E2;
4056 : 2E;
4057 : 05;
4058 : 04;
4059 : FC;
4060 : 06;
4061 : E7;
4062 : F6;
4063 : FB;
4064 : F6;
4065 : F8;
4066 : F9;
4067 : F6;
4068 : 4D;
4069 : 58;
4070 : 7F;
4071 : 08;
4072 : 27;
4073 : 2D;
4074 : 14;
4075 : 38;
4076 : 4B;
4077 : 00;
4078 : 05;
4079 : EF;
4080 : 0A;
4081 : 0D;
4082 : EE;
4083 : E3;
4084 : F5;
4085 : E0;
4086 : F6;
4087 : FD;
4088 : FE;
4089 : F9;
4090 : 03;
4091 : 15;
4092 : 0B;
4093 : 0A;
4094 : 16;
4095 : F5;
4096 : FB;
4097 : FF;
4098 : 0E;
4099 : 06;
4100 : 13;
4101 : F5;
4102 : F1;
4103 : 01;
4104 : D8;
4105 : F9;
4106 : ED;
4107 : D9;
4108 : F8;
4109 : F9;
4110 : 0C;
4111 : 01;
4112 : FF;
4113 : 01;
4114 : 04;
4115 : FD;
4116 : FC;
4117 : FE;
4118 : FE;
4119 : F2;
4120 : 0D;
4121 : 05;
4122 : FB;
4123 : 15;
4124 : 11;
4125 : 15;
4126 : 2D;
4127 : 09;
4128 : 03;
4129 : E1;
4130 : E1;
4131 : D4;
4132 : D9;
4133 : D9;
4134 : E3;
4135 : DB;
4136 : CD;
4137 : E7;
4138 : E6;
4139 : F3;
4140 : 0F;
4141 : 11;
4142 : 18;
4143 : FF;
4144 : 0D;
4145 : 12;
4146 : 1E;
4147 : 3A;
4148 : 4E;
4149 : 07;
4150 : 0B;
4151 : F8;
4152 : FC;
4153 : 06;
4154 : FE;
4155 : 0C;
4156 : 03;
4157 : EB;
4158 : F2;
4159 : F9;
4160 : EC;
4161 : DF;
4162 : E6;
4163 : DF;
4164 : 08;
4165 : F9;
4166 : F6;
4167 : F0;
4168 : 16;
4169 : 0E;
4170 : 0C;
4171 : 1D;
4172 : 0B;
4173 : F7;
4174 : 07;
4175 : F6;
4176 : F8;
4177 : 00;
4178 : EA;
4179 : FD;
4180 : 10;
4181 : F9;
4182 : 11;
4183 : 0A;
4184 : 05;
4185 : 2C;
4186 : 26;
4187 : 1E;
4188 : 26;
4189 : 26;
4190 : 1F;
4191 : 24;
4192 : 29;
4193 : 10;
4194 : 42;
4195 : 2B;
4196 : 33;
4197 : 50;
4198 : 48;
4199 : 42;
4200 : 18;
4201 : 37;
4202 : 41;
4203 : 2F;
4204 : 20;
4205 : 49;
4206 : 15;
4207 : FB;
4208 : 22;
4209 : 03;
4210 : EC;
4211 : 31;
4212 : EF;
4213 : DA;
4214 : E0;
4215 : E4;
4216 : E5;
4217 : DE;
4218 : CF;
4219 : D4;
4220 : 06;
4221 : D9;
4222 : F7;
4223 : 0A;
4224 : D7;
4225 : 10;
4226 : FF;
4227 : F0;
4228 : 06;
4229 : F5;
4230 : 0D;
4231 : EA;
4232 : 02;
4233 : 06;
4234 : F0;
4235 : 01;
4236 : FC;
4237 : F1;
4238 : E3;
4239 : F1;
4240 : FA;
4241 : 08;
4242 : F3;
4243 : EC;
4244 : F6;
4245 : FB;
4246 : EB;
4247 : E9;
4248 : F6;
4249 : F7;
4250 : DD;
4251 : EF;
4252 : E2;
4253 : C5;
4254 : 3F;
4255 : 26;
4256 : 16;
4257 : D3;
4258 : EB;
4259 : DE;
4260 : F1;
4261 : F4;
4262 : E7;
4263 : F2;
4264 : F7;
4265 : EF;
4266 : 2C;
4267 : 29;
4268 : 33;
4269 : 13;
4270 : 10;
4271 : 15;
4272 : 0C;
4273 : FC;
4274 : E2;
4275 : 0A;
4276 : 06;
4277 : 1B;
4278 : 00;
4279 : FC;
4280 : 02;
4281 : F8;
4282 : F2;
4283 : F0;
4284 : 0B;
4285 : 11;
4286 : 0F;
4287 : F2;
4288 : 00;
4289 : 05;
4290 : 00;
4291 : 0C;
4292 : 16;
4293 : FD;
4294 : EC;
4295 : DD;
4296 : EA;
4297 : E6;
4298 : D3;
4299 : 15;
4300 : 0E;
4301 : F6;
4302 : 2A;
4303 : FF;
4304 : E7;
4305 : FB;
4306 : E0;
4307 : E4;
4308 : 1E;
4309 : FB;
4310 : E9;
4311 : 1B;
4312 : 10;
4313 : 11;
4314 : 1F;
4315 : 2D;
4316 : 18;
4317 : 36;
4318 : 34;
4319 : 16;
4320 : 10;
4321 : 0E;
4322 : 19;
4323 : 02;
4324 : FB;
4325 : 03;
4326 : 00;
4327 : F8;
4328 : 07;
4329 : 0B;
4330 : 01;
4331 : F5;
4332 : 08;
4333 : FD;
4334 : E6;
4335 : 02;
4336 : 03;
4337 : F7;
4338 : ED;
4339 : F2;
4340 : EE;
4341 : F9;
4342 : 00;
4343 : 05;
4344 : D6;
4345 : F0;
4346 : EF;
4347 : E4;
4348 : FB;
4349 : F9;
4350 : DF;
4351 : E8;
4352 : E4;
4353 : DB;
4354 : E6;
4355 : D8;
4356 : FB;
4357 : 05;
4358 : 0D;
4359 : ED;
4360 : F3;
4361 : EA;
4362 : 05;
4363 : 01;
4364 : F2;
4365 : E6;
4366 : F7;
4367 : 11;
4368 : FE;
4369 : 09;
4370 : 19;
4371 : FC;
4372 : 02;
4373 : 03;
4374 : 16;
4375 : 0B;
4376 : 0B;
4377 : 05;
4378 : EE;
4379 : EA;
4380 : 03;
4381 : 02;
4382 : F7;
4383 : 0D;
4384 : 08;
4385 : 0A;
4386 : 02;
4387 : 02;
4388 : 10;
4389 : EF;
4390 : F3;
4391 : F7;
4392 : CE;
4393 : E1;
4394 : D3;
4395 : CD;
4396 : E0;
4397 : BA;
4398 : CD;
4399 : ED;
4400 : D3;
4401 : F9;
4402 : FF;
4403 : F7;
4404 : FC;
4405 : 01;
4406 : FA;
4407 : DF;
4408 : E9;
4409 : EB;
4410 : 0E;
4411 : EF;
4412 : FC;
4413 : E4;
4414 : D7;
4415 : F7;
4416 : F6;
4417 : 08;
4418 : 0F;
4419 : FE;
4420 : 07;
4421 : FF;
4422 : E4;
4423 : FA;
4424 : 03;
4425 : F6;
4426 : 03;
4427 : 0D;
4428 : 05;
4429 : 06;
4430 : 0D;
4431 : F9;
4432 : FE;
4433 : 09;
4434 : F0;
4435 : F5;
4436 : FD;
4437 : F4;
4438 : F6;
4439 : F9;
4440 : 0A;
4441 : 08;
4442 : 09;
4443 : 15;
4444 : 0B;
4445 : 07;
4446 : C2;
4447 : DC;
4448 : E3;
4449 : FD;
4450 : E9;
4451 : EC;
4452 : 17;
4453 : F6;
4454 : F2;
4455 : 1C;
4456 : E9;
4457 : F5;
4458 : 31;
4459 : 05;
4460 : FC;
4461 : 14;
4462 : F7;
4463 : F3;
4464 : 19;
4465 : 1D;
4466 : 2C;
4467 : FD;
4468 : F9;
4469 : FD;
4470 : 09;
4471 : 05;
4472 : FC;
4473 : FD;
4474 : 03;
4475 : FC;
4476 : 1D;
4477 : 10;
4478 : 0B;
4479 : 10;
4480 : 06;
4481 : 18;
4482 : D5;
4483 : D3;
4484 : E7;
4485 : B8;
4486 : AA;
4487 : C2;
4488 : D0;
4489 : C3;
4490 : CF;
4491 : F5;
4492 : 0A;
4493 : DA;
4494 : 22;
4495 : 0D;
4496 : EE;
4497 : 07;
4498 : 10;
4499 : 1D;
4500 : EA;
4501 : 08;
4502 : 0D;
4503 : F9;
4504 : 13;
4505 : 08;
4506 : FB;
4507 : 18;
4508 : 10;
4509 : F2;
4510 : E6;
4511 : EF;
4512 : E7;
4513 : D5;
4514 : D8;
4515 : E1;
4516 : C7;
4517 : EC;
4518 : F2;
4519 : E1;
4520 : DF;
4521 : 15;
4522 : 13;
4523 : 12;
4524 : 09;
4525 : 19;
4526 : 0D;
4527 : 03;
4528 : 09;
4529 : 18;
4530 : 0F;
4531 : 02;
4532 : 03;
4533 : 11;
4534 : F5;
4535 : F6;
4536 : 09;
4537 : 17;
4538 : 05;
4539 : 1B;
4540 : 20;
4541 : 0D;
4542 : F0;
4543 : FF;
4544 : 00;
4545 : E4;
4546 : F4;
4547 : EE;
4548 : 09;
4549 : 0C;
4550 : 0B;
4551 : 06;
4552 : FF;
4553 : F6;
4554 : FB;
4555 : 05;
4556 : 01;
4557 : FE;
4558 : FB;
4559 : 10;
4560 : 19;
4561 : 0F;
4562 : 0B;
4563 : EF;
4564 : F6;
4565 : EC;
4566 : FD;
4567 : 09;
4568 : 08;
4569 : F0;
4570 : 02;
4571 : F9;
4572 : FD;
4573 : FB;
4574 : DD;
4575 : 0E;
4576 : FF;
4577 : E7;
4578 : FA;
4579 : 07;
4580 : FF;
4581 : 20;
4582 : 18;
4583 : 36;
4584 : 21;
4585 : 17;
4586 : 2C;
4587 : 20;
4588 : 21;
4589 : 32;
4590 : EF;
4591 : 0D;
4592 : 2E;
4593 : 0A;
4594 : 06;
4595 : 0C;
4596 : 2C;
4597 : 26;
4598 : 34;
4599 : 33;
4600 : 20;
4601 : 1E;
4602 : 17;
4603 : 18;
4604 : 1E;
4605 : ED;
4606 : 02;
4607 : FA;
4608 : CA;
4609 : DC;
4610 : ED;
4611 : E4;
4612 : F3;
4613 : 00;
4614 : F0;
4615 : 04;
4616 : 06;
4617 : 1E;
4618 : 16;
4619 : 17;
4620 : 0C;
4621 : 11;
4622 : 1B;
4623 : 05;
4624 : 08;
4625 : 18;
4626 : E6;
4627 : 06;
4628 : EE;
4629 : D7;
4630 : F6;
4631 : E4;
4632 : FB;
4633 : FA;
4634 : EE;
4635 : 16;
4636 : 04;
4637 : 09;
4638 : FA;
4639 : F5;
4640 : FF;
4641 : 10;
4642 : 0A;
4643 : 1F;
4644 : F0;
4645 : EB;
4646 : DF;
4647 : F6;
4648 : EE;
4649 : E4;
4650 : EB;
4651 : E5;
4652 : DC;
4653 : 13;
4654 : F0;
4655 : 01;
4656 : F5;
4657 : F2;
4658 : 00;
4659 : 05;
4660 : F3;
4661 : 19;
4662 : 3A;
4663 : 21;
4664 : 2B;
4665 : 29;
4666 : 0F;
4667 : 26;
4668 : 2C;
4669 : 15;
4670 : 22;
4671 : 12;
4672 : 0E;
4673 : 13;
4674 : 00;
4675 : F8;
4676 : FA;
4677 : 13;
4678 : 0E;
4679 : 1A;
4680 : 13;
4681 : 14;
4682 : 03;
4683 : 04;
4684 : 12;
4685 : 19;
4686 : EC;
4687 : F7;
4688 : F7;
4689 : 09;
4690 : 0B;
4691 : 16;
4692 : 03;
4693 : FB;
4694 : F8;
4695 : 0A;
4696 : 09;
4697 : 15;
4698 : 2B;
4699 : 1D;
4700 : 1B;
4701 : 07;
4702 : E4;
4703 : F5;
4704 : F9;
4705 : E6;
4706 : F5;
4707 : 22;
4708 : 11;
4709 : 22;
4710 : 1A;
4711 : 12;
4712 : 1A;
4713 : 24;
4714 : 04;
4715 : 07;
4716 : CB;
4717 : DE;
4718 : EC;
4719 : F3;
4720 : F1;
4721 : F2;
4722 : EB;
4723 : E4;
4724 : F1;
4725 : 12;
4726 : FD;
4727 : 00;
4728 : 12;
4729 : FE;
4730 : 07;
4731 : 16;
4732 : 08;
4733 : 11;
4734 : EF;
4735 : FC;
4736 : FE;
4737 : F0;
4738 : F7;
4739 : 05;
4740 : FE;
4741 : FF;
4742 : 04;
4743 : EE;
4744 : E6;
4745 : F5;
4746 : EB;
4747 : E9;
4748 : FD;
4749 : F7;
4750 : EC;
4751 : 08;
4752 : F7;
4753 : FC;
4754 : FB;
4755 : F1;
4756 : F8;
4757 : FE;
4758 : 0F;
4759 : 09;
4760 : 06;
4761 : D5;
4762 : E8;
4763 : DA;
4764 : FB;
4765 : 03;
4766 : EB;
4767 : F5;
4768 : F5;
4769 : E0;
4770 : 0B;
4771 : 26;
4772 : 36;
4773 : 0C;
4774 : 13;
4775 : 28;
4776 : 27;
4777 : 24;
4778 : 43;
4779 : F7;
4780 : F6;
4781 : CB;
4782 : 21;
4783 : 13;
4784 : F4;
4785 : E7;
4786 : F9;
4787 : DE;
4788 : 19;
4789 : 22;
4790 : 2C;
4791 : 19;
4792 : 11;
4793 : 1E;
4794 : 22;
4795 : 17;
4796 : 21;
4797 : 07;
4798 : 24;
4799 : 11;
4800 : 07;
4801 : 01;
4802 : 07;
4803 : 01;
4804 : 02;
4805 : 02;
4806 : 01;
4807 : FB;
4808 : EA;
4809 : FF;
4810 : F1;
4811 : E4;
4812 : ED;
4813 : E5;
4814 : EB;
4815 : F0;
4816 : F1;
4817 : F2;
4818 : F0;
4819 : F6;
4820 : F0;
4821 : F0;
4822 : FD;
4823 : F4;
4824 : 02;
4825 : F5;
4826 : DE;
4827 : FE;
4828 : 06;
4829 : F1;
4830 : E5;
4831 : FB;
4832 : FE;
4833 : BE;
4834 : C3;
4835 : C3;
4836 : DE;
4837 : DE;
4838 : E6;
4839 : EB;
4840 : EC;
4841 : E2;
4842 : FB;
4843 : FF;
4844 : FA;
4845 : 02;
4846 : F5;
4847 : F1;
4848 : E9;
4849 : EA;
4850 : E7;
4851 : 08;
4852 : 09;
4853 : FF;
4854 : 00;
4855 : 09;
4856 : 05;
4857 : 0C;
4858 : FE;
4859 : 07;
4860 : F4;
4861 : 05;
4862 : FC;
4863 : F3;
4864 : F5;
4865 : EE;
4866 : 0C;
4867 : FB;
4868 : 03;
4869 : FC;
4870 : 00;
4871 : FC;
4872 : 02;
4873 : F6;
4874 : E4;
4875 : E3;
4876 : DF;
4877 : D5;
4878 : 0C;
4879 : 13;
4880 : 11;
4881 : 16;
4882 : 19;
4883 : 18;
4884 : FB;
4885 : 01;
4886 : 0D;
4887 : E7;
4888 : EC;
4889 : DA;
4890 : FE;
4891 : F9;
4892 : E7;
4893 : FF;
4894 : 05;
4895 : F2;
4896 : 06;
4897 : FA;
4898 : F9;
4899 : 07;
4900 : EF;
4901 : E2;
4902 : 19;
4903 : 05;
4904 : 07;
4905 : 15;
4906 : 03;
4907 : 03;
4908 : 0B;
4909 : 05;
4910 : 02;
4911 : 06;
4912 : 06;
4913 : 06;
4914 : D3;
4915 : F3;
4916 : E4;
4917 : E9;
4918 : FA;
4919 : EE;
4920 : D9;
4921 : 02;
4922 : E4;
4923 : DE;
4924 : FC;
4925 : F9;
4926 : E7;
4927 : F9;
4928 : F5;
4929 : E4;
4930 : F2;
4931 : E8;
4932 : F7;
4933 : F4;
4934 : EC;
4935 : 01;
4936 : FA;
4937 : 00;
4938 : 0B;
4939 : EE;
4940 : E3;
4941 : 17;
4942 : 07;
4943 : 24;
4944 : 00;
4945 : 05;
4946 : 01;
4947 : 04;
4948 : 0E;
4949 : F1;
4950 : 1A;
4951 : 00;
4952 : F9;
4953 : FE;
4954 : F0;
4955 : E9;
4956 : EB;
4957 : F6;
4958 : E6;
4959 : 03;
4960 : 0D;
4961 : 12;
4962 : 09;
4963 : FC;
4964 : 02;
4965 : 10;
4966 : 11;
4967 : F2;
4968 : D4;
4969 : DF;
4970 : DD;
4971 : EA;
4972 : FE;
4973 : F2;
4974 : BC;
4975 : F0;
4976 : C6;
4977 : FD;
4978 : 04;
4979 : FB;
4980 : 08;
4981 : 06;
4982 : FF;
4983 : 0D;
4984 : 09;
4985 : EB;
4986 : DA;
4987 : CE;
4988 : CD;
4989 : B5;
4990 : A6;
4991 : CC;
4992 : D2;
4993 : E3;
4994 : F3;
4995 : E6;
4996 : FB;
4997 : F8;
4998 : 11;
4999 : 0A;
5000 : 0F;
5001 : 16;
5002 : F7;
5003 : 09;
5004 : F4;
5005 : F6;
5006 : F8;
5007 : 03;
5008 : FC;
5009 : FC;
5010 : E5;
5011 : F1;
5012 : FA;
5013 : FF;
5014 : FB;
5015 : FE;
5016 : 09;
5017 : FE;
5018 : 0D;
5019 : 08;
5020 : F8;
5021 : F1;
5022 : E2;
5023 : EF;
5024 : E4;
5025 : F1;
5026 : ED;
5027 : E4;
5028 : 00;
5029 : E6;
5030 : BD;
5031 : 10;
5032 : FA;
5033 : FA;
5034 : 29;
5035 : FD;
5036 : FC;
5037 : 15;
5038 : F6;
5039 : 00;
5040 : 1C;
5041 : 0D;
5042 : 09;
5043 : FB;
5044 : F5;
5045 : E8;
5046 : FA;
5047 : 0A;
5048 : 0A;
5049 : E4;
5050 : 04;
5051 : 07;
5052 : 08;
5053 : 0E;
5054 : 1B;
5055 : 05;
5056 : 0A;
5057 : 1D;
5058 : E1;
5059 : D0;
5060 : B8;
5061 : DD;
5062 : C1;
5063 : C8;
5064 : E8;
5065 : DA;
5066 : D8;
5067 : F5;
5068 : 09;
5069 : F8;
5070 : 1E;
5071 : 1E;
5072 : 1E;
5073 : 15;
5074 : 15;
5075 : 0A;
5076 : 00;
5077 : 1A;
5078 : 05;
5079 : F4;
5080 : F7;
5081 : F9;
5082 : D2;
5083 : F0;
5084 : 07;
5085 : FA;
5086 : FA;
5087 : 1A;
5088 : F0;
5089 : E2;
5090 : FD;
5091 : E9;
5092 : E5;
5093 : F8;
5094 : 30;
5095 : 18;
5096 : 1A;
5097 : 2C;
5098 : 1A;
5099 : 29;
5100 : 41;
5101 : 36;
5102 : 45;
5103 : E4;
5104 : F3;
5105 : FC;
5106 : EF;
5107 : FB;
5108 : 02;
5109 : DE;
5110 : E9;
5111 : F2;
5112 : CE;
5113 : EF;
5114 : F2;
5115 : F5;
5116 : 16;
5117 : 1D;
5118 : E9;
5119 : 12;
5120 : FD;
5121 : FF;
5122 : 05;
5123 : FF;
5124 : FB;
5125 : 0C;
5126 : 0D;
5127 : E8;
5128 : F7;
5129 : E9;
5130 : 12;
5131 : 05;
5132 : 02;
5133 : 0E;
5134 : FE;
5135 : 1C;
5136 : F9;
5137 : F3;
5138 : EC;
5139 : FB;
5140 : 03;
5141 : FD;
5142 : F8;
5143 : 08;
5144 : 08;
5145 : EC;
5146 : 08;
5147 : EC;
5148 : EA;
5149 : F9;
5150 : F1;
5151 : 01;
5152 : 06;
5153 : 00;
5154 : EC;
5155 : FD;
5156 : F4;
5157 : 04;
5158 : 21;
5159 : 24;
5160 : 1A;
5161 : 21;
5162 : 35;
5163 : 24;
5164 : 1C;
5165 : 45;
5166 : 09;
5167 : 0F;
5168 : 0D;
5169 : 0C;
5170 : 11;
5171 : 15;
5172 : 15;
5173 : 21;
5174 : 13;
5175 : 09;
5176 : F6;
5177 : FB;
5178 : 07;
5179 : E5;
5180 : FD;
5181 : 02;
5182 : 0B;
5183 : F5;
5184 : F2;
5185 : 05;
5186 : 10;
5187 : 17;
5188 : 32;
5189 : 2E;
5190 : 24;
5191 : 1B;
5192 : 39;
5193 : 17;
5194 : 0B;
5195 : 04;
5196 : 16;
5197 : 08;
5198 : 0E;
5199 : FB;
5200 : F5;
5201 : 04;
5202 : AD;
5203 : DB;
5204 : D6;
5205 : CD;
5206 : FE;
5207 : DD;
5208 : D1;
5209 : EF;
5210 : DF;
5211 : 04;
5212 : FF;
5213 : 0E;
5214 : 0A;
5215 : 06;
5216 : 16;
5217 : 0D;
5218 : 08;
5219 : 26;
5220 : 0A;
5221 : 05;
5222 : 00;
5223 : 0D;
5224 : 10;
5225 : 0E;
5226 : 14;
5227 : 16;
5228 : 1D;
5229 : FE;
5230 : F2;
5231 : F9;
5232 : 05;
5233 : 05;
5234 : 1F;
5235 : 0B;
5236 : F5;
5237 : 15;
5238 : 2B;
5239 : 1F;
5240 : 1F;
5241 : 29;
5242 : 12;
5243 : 11;
5244 : 44;
5245 : 16;
5246 : 1C;
5247 : FD;
5248 : F8;
5249 : F3;
5250 : FF;
5251 : F6;
5252 : F2;
5253 : F2;
5254 : F0;
5255 : E7;
5256 : E1;
5257 : F5;
5258 : 1B;
5259 : F5;
5260 : 04;
5261 : 26;
5262 : FD;
5263 : 04;
5264 : F9;
5265 : 01;
5266 : E4;
5267 : E8;
5268 : 1F;
5269 : 11;
5270 : 13;
5271 : 09;
5272 : 0E;
5273 : 1B;
5274 : 18;
5275 : 06;
5276 : 02;
5277 : 1A;
5278 : 1F;
5279 : 17;
5280 : 0E;
5281 : 24;
5282 : 1D;
5283 : E9;
5284 : F1;
5285 : D8;
5286 : D4;
5287 : DB;
5288 : E5;
5289 : CF;
5290 : DE;
5291 : E4;
5292 : EC;
5293 : EB;
5294 : EF;
5295 : EC;
5296 : E1;
5297 : 07;
5298 : 0B;
5299 : F1;
5300 : 11;
5301 : 15;
5302 : 0A;
5303 : FD;
5304 : 0D;
5305 : FD;
5306 : EC;
5307 : 16;
5308 : 01;
5309 : F0;
5310 : 07;
5311 : 08;
5312 : 1A;
5313 : F4;
5314 : F8;
5315 : F9;
5316 : 0E;
5317 : 03;
5318 : 01;
5319 : F5;
5320 : F7;
5321 : 17;
5322 : F7;
5323 : F2;
5324 : 00;
5325 : 13;
5326 : F7;
5327 : 09;
5328 : E0;
5329 : EB;
5330 : F0;
5331 : 13;
5332 : 19;
5333 : 17;
5334 : 1B;
5335 : 15;
5336 : 0D;
5337 : F6;
5338 : FC;
5339 : F3;
5340 : 0E;
5341 : 0E;
5342 : FE;
5343 : 0F;
5344 : 10;
5345 : 07;
5346 : 08;
5347 : 14;
5348 : F7;
5349 : 17;
5350 : 04;
5351 : 0C;
5352 : 0D;
5353 : 15;
5354 : FD;
5355 : F2;
5356 : FD;
5357 : CB;
5358 : EC;
5359 : F1;
5360 : BF;
5361 : E5;
5362 : E7;
5363 : BE;
5364 : 0E;
5365 : 03;
5366 : 04;
5367 : 2E;
5368 : 17;
5369 : 1D;
5370 : 28;
5371 : 10;
5372 : 1F;
5373 : 0D;
5374 : FE;
5375 : 0F;
5376 : 1A;
5377 : 09;
5378 : 1A;
5379 : 13;
5380 : 0B;
5381 : 34;
5382 : 1B;
5383 : 2C;
5384 : 17;
5385 : 00;
5386 : 14;
5387 : 17;
5388 : 01;
5389 : F7;
5390 : E8;
5391 : F8;
5392 : FF;
5393 : F6;
5394 : 1B;
5395 : 1E;
5396 : 14;
5397 : 12;
5398 : 0E;
5399 : 09;
5400 : E5;
5401 : E7;
5402 : E7;
5403 : FD;
5404 : 01;
5405 : E5;
5406 : E5;
5407 : EB;
5408 : D6;
5409 : D1;
5410 : D9;
5411 : EF;
5412 : DF;
5413 : E5;
5414 : ED;
5415 : D2;
5416 : E0;
5417 : DB;
5418 : D6;
5419 : DC;
5420 : CA;
5421 : EB;
5422 : F4;
5423 : F0;
5424 : E3;
5425 : F2;
5426 : E5;
5427 : F6;
5428 : 0A;
5429 : F1;
5430 : EA;
5431 : F3;
5432 : F4;
5433 : F6;
5434 : 08;
5435 : FE;
5436 : 0D;
5437 : 17;
5438 : 07;
5439 : 00;
5440 : 06;
5441 : 07;
5442 : 06;
5443 : 01;
5444 : 0E;
5445 : DD;
5446 : DF;
5447 : F0;
5448 : FF;
5449 : F0;
5450 : F2;
5451 : F1;
5452 : E3;
5453 : ED;
5454 : 28;
5455 : 0C;
5456 : 28;
5457 : 08;
5458 : EE;
5459 : 12;
5460 : 0C;
5461 : F3;
5462 : FB;
5463 : DF;
5464 : CD;
5465 : E7;
5466 : D9;
5467 : BA;
5468 : D3;
5469 : F3;
5470 : DE;
5471 : E9;
5472 : FC;
5473 : EC;
5474 : F1;
5475 : 0E;
5476 : 05;
5477 : FB;
5478 : 12;
5479 : 08;
5480 : 07;
5481 : EE;
5482 : E6;
5483 : E5;
5484 : FF;
5485 : F4;
5486 : F0;
5487 : FC;
5488 : F8;
5489 : F6;
5490 : F2;
5491 : F8;
5492 : EB;
5493 : 07;
5494 : 00;
5495 : F5;
5496 : F3;
5497 : FD;
5498 : FD;
5499 : E6;
5500 : F6;
5501 : E1;
5502 : F3;
5503 : F7;
5504 : F4;
5505 : EC;
5506 : EE;
5507 : DE;
5508 : 2B;
5509 : 17;
5510 : 33;
5511 : 20;
5512 : 0E;
5513 : 0D;
5514 : 13;
5515 : 0A;
5516 : 0B;
5517 : 0C;
5518 : 05;
5519 : 0A;
5520 : 00;
5521 : 09;
5522 : 12;
5523 : ED;
5524 : FC;
5525 : F9;
5526 : E9;
5527 : DF;
5528 : 02;
5529 : FC;
5530 : EC;
5531 : 04;
5532 : F2;
5533 : F4;
5534 : F3;
5535 : 11;
5536 : 0F;
5537 : 19;
5538 : 18;
5539 : 0F;
5540 : 1D;
5541 : 15;
5542 : 0E;
5543 : 01;
5544 : CC;
5545 : E0;
5546 : CE;
5547 : FC;
5548 : 06;
5549 : F6;
5550 : 09;
5551 : 15;
5552 : 0C;
5553 : FB;
5554 : 08;
5555 : 04;
5556 : F4;
5557 : FA;
5558 : FF;
5559 : D9;
5560 : F2;
5561 : ED;
5562 : 06;
5563 : 02;
5564 : 07;
5565 : 05;
5566 : F7;
5567 : FA;
5568 : 04;
5569 : 0C;
5570 : 0C;
5571 : E9;
5572 : ED;
5573 : F9;
5574 : F2;
5575 : E9;
5576 : F4;
5577 : 01;
5578 : F9;
5579 : 09;
5580 : 0C;
5581 : 0B;
5582 : 02;
5583 : 04;
5584 : 00;
5585 : 0F;
5586 : 00;
5587 : FC;
5588 : 10;
5589 : 12;
5590 : 02;
5591 : 05;
5592 : 09;
5593 : 01;
5594 : 11;
5595 : 02;
5596 : F6;
5597 : F6;
5598 : E1;
5599 : F3;
5600 : E3;
5601 : FE;
5602 : F8;
5603 : F7;
5604 : FC;
5605 : ED;
5606 : 01;
5607 : 28;
5608 : 23;
5609 : 1F;
5610 : 2F;
5611 : 24;
5612 : 25;
5613 : EC;
5614 : EC;
5615 : EE;
5616 : FA;
5617 : 07;
5618 : FC;
5619 : E4;
5620 : EB;
5621 : DA;
5622 : FB;
5623 : 01;
5624 : EB;
5625 : F9;
5626 : 07;
5627 : FB;
5628 : 16;
5629 : 17;
5630 : 10;
5631 : 23;
5632 : 13;
5633 : 11;
5634 : 09;
5635 : 00;
5636 : 0A;
5637 : ED;
5638 : E0;
5639 : FB;
5640 : F4;
5641 : E6;
5642 : F0;
5643 : 05;
5644 : 04;
5645 : 0C;
5646 : 36;
5647 : 38;
5648 : 4A;
5649 : 35;
5650 : 22;
5651 : 3B;
5652 : E3;
5653 : EC;
5654 : EA;
5655 : FD;
5656 : 03;
5657 : 0B;
5658 : E4;
5659 : E6;
5660 : FC;
5661 : EB;
5662 : FF;
5663 : 01;
5664 : E4;
5665 : F1;
5666 : DA;
5667 : 0A;
5668 : 03;
5669 : 08;
5670 : E7;
5671 : D7;
5672 : DC;
5673 : 1D;
5674 : 0C;
5675 : 11;
5676 : 05;
5677 : F7;
5678 : D0;
5679 : F2;
5680 : F6;
5681 : FC;
5682 : F3;
5683 : E8;
5684 : F9;
5685 : FE;
5686 : E5;
5687 : DE;
5688 : 08;
5689 : 00;
5690 : 00;
5691 : 08;
5692 : FD;
5693 : F1;
5694 : 27;
5695 : 0D;
5696 : 1C;
5697 : E4;
5698 : EF;
5699 : FE;
5700 : F8;
5701 : EF;
5702 : F3;
5703 : FB;
5704 : E9;
5705 : EF;
5706 : 24;
5707 : 22;
5708 : 24;
5709 : FD;
5710 : F3;
5711 : 04;
5712 : D1;
5713 : DD;
5714 : BF;
5715 : 02;
5716 : 06;
5717 : 0C;
5718 : F1;
5719 : 02;
5720 : 03;
5721 : DC;
5722 : EC;
5723 : E7;
5724 : 0E;
5725 : 0A;
5726 : 07;
5727 : 13;
5728 : 0E;
5729 : 19;
5730 : E1;
5731 : EE;
5732 : F2;
5733 : F8;
5734 : FC;
5735 : F0;
5736 : 0C;
5737 : FD;
5738 : FC;
5739 : F3;
5740 : ED;
5741 : FC;
5742 : E2;
5743 : DA;
5744 : D4;
5745 : 1D;
5746 : F7;
5747 : F4;
5748 : 21;
5749 : 09;
5750 : FD;
5751 : 31;
5752 : 35;
5753 : 39;
5754 : 38;
5755 : 26;
5756 : 36;
5757 : E7;
5758 : F1;
5759 : E7;
5760 : E2;
5761 : D4;
5762 : D0;
5763 : DF;
5764 : CE;
5765 : D1;
5766 : F8;
5767 : E4;
5768 : E0;
5769 : 21;
5770 : 29;
5771 : 28;
5772 : 1E;
5773 : 17;
5774 : 14;
5775 : 11;
5776 : 0C;
5777 : 0B;
5778 : 0D;
5779 : 0E;
5780 : 17;
5781 : F6;
5782 : 09;
5783 : FE;
5784 : 01;
5785 : FC;
5786 : E9;
5787 : 0D;
5788 : 12;
5789 : 03;
5790 : 0E;
5791 : 09;
5792 : F3;
5793 : 16;
5794 : 0E;
5795 : 04;
5796 : F5;
5797 : E5;
5798 : E8;
5799 : E4;
5800 : E3;
5801 : E7;
5802 : EF;
5803 : FC;
5804 : FB;
5805 : 0A;
5806 : FE;
5807 : F5;
5808 : F7;
5809 : F3;
5810 : E5;
5811 : 00;
5812 : EF;
5813 : EC;
5814 : 11;
5815 : 0B;
5816 : 10;
5817 : 01;
5818 : 03;
5819 : 03;
5820 : F2;
5821 : F5;
5822 : 07;
5823 : F8;
5824 : E7;
5825 : E2;
5826 : E9;
5827 : E9;
5828 : E0;
5829 : EA;
5830 : EA;
5831 : EA;
5832 : 2D;
5833 : 12;
5834 : 1E;
5835 : 31;
5836 : 20;
5837 : 22;
5838 : 1E;
5839 : 02;
5840 : 1C;
5841 : 12;
5842 : 0D;
5843 : 16;
5844 : 08;
5845 : 09;
5846 : 0C;
5847 : 09;
5848 : 07;
5849 : 03;
5850 : E5;
5851 : EA;
5852 : F6;
5853 : F7;
5854 : EB;
5855 : DB;
5856 : E4;
5857 : DE;
5858 : DB;
5859 : 43;
5860 : 0B;
5861 : 22;
5862 : 2E;
5863 : FE;
5864 : 0A;
5865 : 29;
5866 : 07;
5867 : 0D;
5868 : E9;
5869 : FA;
5870 : EA;
5871 : F7;
5872 : FC;
5873 : EF;
5874 : EF;
5875 : F4;
5876 : F4;
5877 : FA;
5878 : 02;
5879 : 09;
5880 : 04;
5881 : 00;
5882 : 13;
5883 : F4;
5884 : FC;
5885 : 10;
5886 : F1;
5887 : 08;
5888 : 0D;
5889 : E0;
5890 : F7;
5891 : F2;
5892 : D8;
5893 : E9;
5894 : DA;
5895 : E5;
5896 : F0;
5897 : FC;
5898 : F8;
5899 : 06;
5900 : 10;
5901 : F0;
5902 : 0B;
5903 : 1A;
5904 : D9;
5905 : F8;
5906 : EF;
5907 : EF;
5908 : 01;
5909 : FC;
5910 : FB;
5911 : 0B;
5912 : 00;
5913 : 08;
5914 : 0B;
5915 : 14;
5916 : 1A;
5917 : 0B;
5918 : 1E;
5919 : 08;
5920 : 05;
5921 : 14;
5922 : 1A;
5923 : 06;
5924 : 26;
5925 : 1F;
5926 : 07;
5927 : 1F;
5928 : 24;
5929 : 02;
5930 : 30;
5931 : E7;
5932 : E8;
5933 : E3;
5934 : EA;
5935 : FF;
5936 : F6;
5937 : CC;
5938 : E5;
5939 : D7;
5940 : FC;
5941 : E5;
5942 : D6;
5943 : ED;
5944 : EE;
5945 : D6;
5946 : 05;
5947 : FE;
5948 : FB;
5949 : 0B;
5950 : 18;
5951 : 08;
5952 : F6;
5953 : 00;
5954 : E4;
5955 : DE;
5956 : E8;
5957 : E2;
5958 : 21;
5959 : 17;
5960 : 32;
5961 : 26;
5962 : 14;
5963 : 2F;
5964 : 31;
5965 : 16;
5966 : 2B;
5967 : F7;
5968 : FE;
5969 : F8;
5970 : FD;
5971 : 00;
5972 : 14;
5973 : F2;
5974 : FB;
5975 : 02;
5976 : E1;
5977 : E6;
5978 : E4;
5979 : E2;
5980 : E1;
5981 : DD;
5982 : EA;
5983 : DE;
5984 : C7;
5985 : E7;
5986 : E6;
5987 : E1;
5988 : F2;
5989 : F0;
5990 : EE;
5991 : E2;
5992 : ED;
5993 : FD;
5994 : FB;
5995 : F4;
5996 : F6;
5997 : 01;
5998 : F3;
5999 : F6;
6000 : 09;
6001 : EF;
6002 : F5;
6003 : 15;
6004 : 15;
6005 : 23;
6006 : 14;
6007 : 12;
6008 : 22;
6009 : 2E;
6010 : 20;
6011 : 29;
6012 : EE;
6013 : F1;
6014 : 00;
6015 : F0;
6016 : F1;
6017 : F2;
6018 : FD;
6019 : 0E;
6020 : 0E;
6021 : 2E;
6022 : 18;
6023 : 24;
6024 : 48;
6025 : 35;
6026 : 34;
6027 : 48;
6028 : 3C;
6029 : 44;
6030 : 1B;
6031 : 10;
6032 : 26;
6033 : 24;
6034 : 12;
6035 : 23;
6036 : 22;
6037 : 0C;
6038 : 0F;
6039 : F9;
6040 : FB;
6041 : F4;
6042 : 03;
6043 : F9;
6044 : FB;
6045 : 04;
6046 : F9;
6047 : F2;
6048 : FC;
6049 : E3;
6050 : E9;
6051 : 01;
6052 : EE;
6053 : E7;
6054 : FA;
6055 : 03;
6056 : E6;
6057 : 04;
6058 : EF;
6059 : E1;
6060 : FE;
6061 : F8;
6062 : EB;
6063 : 16;
6064 : FE;
6065 : 0D;
6066 : 09;
6067 : FA;
6068 : 0A;
6069 : 1B;
6070 : 10;
6071 : 0E;
6072 : 22;
6073 : 12;
6074 : 11;
6075 : 0F;
6076 : 20;
6077 : 0F;
6078 : 00;
6079 : 19;
6080 : 11;
6081 : 03;
6082 : 10;
6083 : 11;
6084 : 01;
6085 : E7;
6086 : FC;
6087 : F8;
6088 : DF;
6089 : EF;
6090 : F9;
6091 : EB;
6092 : F0;
6093 : 0B;
6094 : 10;
6095 : 0C;
6096 : 02;
6097 : F9;
6098 : FC;
6099 : F8;
6100 : F4;
6101 : FB;
6102 : D8;
6103 : C1;
6104 : EB;
6105 : CF;
6106 : D4;
6107 : DA;
6108 : DA;
6109 : E1;
6110 : EB;
6111 : 13;
6112 : FF;
6113 : 02;
6114 : 11;
6115 : 08;
6116 : 18;
6117 : 1E;
6118 : 12;
6119 : 23;
6120 : 06;
6121 : 04;
6122 : 00;
6123 : 0D;
6124 : F9;
6125 : 02;
6126 : 14;
6127 : 08;
6128 : 16;
6129 : 08;
6130 : 02;
6131 : FE;
6132 : F8;
6133 : 00;
6134 : FB;
6135 : FC;
6136 : E9;
6137 : EE;
6138 : E1;
6139 : DB;
6140 : 00;
6141 : D5;
6142 : D9;
6143 : DB;
6144 : 03;
6145 : E8;
6146 : CD;
6147 : 42;
6148 : 1D;
6149 : 51;
6150 : 45;
6151 : 28;
6152 : 48;
6153 : 50;
6154 : 29;
6155 : 48;
6156 : F9;
6157 : EE;
6158 : E2;
6159 : 09;
6160 : 08;
6161 : F7;
6162 : FE;
6163 : FE;
6164 : EA;
6165 : ED;
6166 : F0;
6167 : 0D;
6168 : EE;
6169 : F0;
6170 : 19;
6171 : E3;
6172 : E1;
6173 : FA;
6174 : E7;
6175 : F5;
6176 : F2;
6177 : FE;
6178 : 1F;
6179 : 0A;
6180 : FF;
6181 : 01;
6182 : 06;
6183 : 47;
6184 : 38;
6185 : 44;
6186 : 39;
6187 : 31;
6188 : 30;
6189 : FA;
6190 : F0;
6191 : F4;
6192 : E3;
6193 : FA;
6194 : F3;
6195 : F2;
6196 : 12;
6197 : FC;
6198 : DD;
6199 : EE;
6200 : E9;
6201 : EC;
6202 : FC;
6203 : FC;
6204 : CE;
6205 : EC;
6206 : E4;
6207 : CC;
6208 : E0;
6209 : E1;
6210 : 06;
6211 : DA;
6212 : 00;
6213 : 11;
6214 : F1;
6215 : F4;
6216 : 0C;
6217 : FE;
6218 : 0A;
6219 : 09;
6220 : F8;
6221 : 05;
6222 : 01;
6223 : 12;
6224 : 1E;
6225 : FB;
6226 : F0;
6227 : FE;
6228 : 1C;
6229 : 05;
6230 : F1;
6231 : 0D;
6232 : 06;
6233 : F6;
6234 : 01;
6235 : F4;
6236 : F6;
6237 : E0;
6238 : E4;
6239 : EC;
6240 : B3;
6241 : DC;
6242 : DA;
6243 : CE;
6244 : E3;
6245 : E3;
6246 : F8;
6247 : CF;
6248 : F5;
6249 : 03;
6250 : EE;
6251 : 04;
6252 : F5;
6253 : 05;
6254 : 28;
6255 : EC;
6256 : F5;
6257 : 01;
6258 : E5;
6259 : FB;
6260 : 0B;
6261 : FF;
6262 : FC;
6263 : 06;
6264 : 12;
6265 : 21;
6266 : 02;
6267 : 07;
6268 : 1A;
6269 : 06;
6270 : 26;
6271 : 0A;
6272 : 12;
6273 : 43;
6274 : 40;
6275 : 54;
6276 : 12;
6277 : 0B;
6278 : 22;
6279 : 02;
6280 : F7;
6281 : 11;
6282 : 07;
6283 : 09;
6284 : 02;
6285 : 01;
6286 : 08;
6287 : FC;
6288 : F9;
6289 : F8;
6290 : 11;
6291 : 08;
6292 : 06;
6293 : 14;
6294 : 0A;
6295 : 13;
6296 : 24;
6297 : 1C;
6298 : 1A;
6299 : 26;
6300 : 05;
6301 : FC;
6302 : 02;
6303 : 1A;
6304 : 1A;
6305 : 0F;
6306 : 2F;
6307 : FF;
6308 : 0B;
6309 : 31;
6310 : 2A;
6311 : 44;
6312 : 30;
6313 : 24;
6314 : 38;
6315 : 20;
6316 : 20;
6317 : 2D;
6318 : C6;
6319 : CF;
6320 : CE;
6321 : E6;
6322 : EE;
6323 : F7;
6324 : F9;
6325 : EE;
6326 : 03;
6327 : 0A;
6328 : 0C;
6329 : F3;
6330 : FF;
6331 : 17;
6332 : EA;
6333 : E1;
6334 : E0;
6335 : F3;
6336 : 06;
6337 : 0A;
6338 : 03;
6339 : 18;
6340 : 22;
6341 : 29;
6342 : 29;
6343 : 28;
6344 : 29;
6345 : 01;
6346 : F6;
6347 : 03;
6348 : F4;
6349 : ED;
6350 : F0;
6351 : ED;
6352 : EC;
6353 : F3;
6354 : 04;
6355 : FF;
6356 : FD;
6357 : FC;
6358 : 00;
6359 : FC;
6360 : EC;
6361 : 01;
6362 : FD;
6363 : FB;
6364 : ED;
6365 : F6;
6366 : 09;
6367 : FF;
6368 : 10;
6369 : 07;
6370 : 05;
6371 : 0B;
6372 : F0;
6373 : 0D;
6374 : 0D;
6375 : FB;
6376 : 0F;
6377 : 1D;
6378 : F4;
6379 : 02;
6380 : 17;
6381 : F6;
6382 : 08;
6383 : 06;
6384 : FC;
6385 : FC;
6386 : 09;
6387 : 02;
6388 : 07;
6389 : 27;
6390 : 03;
6391 : 08;
6392 : 02;
6393 : 0D;
6394 : 15;
6395 : 0F;
6396 : 2B;
6397 : 14;
6398 : 0A;
6399 : 05;
6400 : FB;
6401 : F7;
6402 : F1;
6403 : F6;
6404 : 02;
6405 : EA;
6406 : EC;
6407 : EF;
6408 : B9;
6409 : D1;
6410 : CA;
6411 : E8;
6412 : F8;
6413 : E5;
6414 : 1B;
6415 : 1E;
6416 : 03;
6417 : 0F;
6418 : 10;
6419 : 0A;
6420 : 11;
6421 : 0D;
6422 : 08;
6423 : 04;
6424 : 05;
6425 : 0D;
6426 : 3B;
6427 : 44;
6428 : 38;
6429 : 2F;
6430 : 39;
6431 : 28;
6432 : 23;
6433 : 27;
6434 : 1D;
6435 : F4;
6436 : EC;
6437 : F4;
6438 : E8;
6439 : E5;
6440 : CF;
6441 : E5;
6442 : F5;
6443 : CA;
6444 : FE;
6445 : F6;
6446 : 04;
6447 : 0C;
6448 : FA;
6449 : F9;
6450 : 00;
6451 : EA;
6452 : FF;
6453 : 11;
6454 : FF;
6455 : FE;
6456 : 07;
6457 : 04;
6458 : 08;
6459 : 09;
6460 : 0A;
6461 : 10;
6462 : 0C;
6463 : EE;
6464 : F5;
6465 : 18;
6466 : 18;
6467 : 1F;
6468 : 31;
6469 : 20;
6470 : 3E;
6471 : 46;
6472 : 30;
6473 : 32;
6474 : 35;
6475 : 28;
6476 : 24;
6477 : 10;
6478 : E2;
6479 : EB;
6480 : F7;
6481 : FC;
6482 : EE;
6483 : 07;
6484 : 0E;
6485 : 06;
6486 : 15;
6487 : 08;
6488 : 02;
6489 : 04;
6490 : EC;
6491 : DF;
6492 : F2;
6493 : ED;
6494 : E9;
6495 : F2;
6496 : F5;
6497 : FB;
6498 : E6;
6499 : FD;
6500 : 01;
6501 : E6;
6502 : F2;
6503 : ED;
6504 : EE;
6505 : E3;
6506 : E5;
6507 : 08;
6508 : 10;
6509 : 0C;
6510 : E8;
6511 : F5;
6512 : ED;
6513 : FC;
6514 : F0;
6515 : F5;
6516 : 0C;
6517 : 19;
6518 : 20;
6519 : 07;
6520 : 19;
6521 : 27;
6522 : 1A;
6523 : 22;
6524 : 2D;
6525 : D7;
6526 : DD;
6527 : E6;
6528 : F8;
6529 : 03;
6530 : FE;
6531 : 16;
6532 : 06;
6533 : 09;
6534 : F0;
6535 : F5;
6536 : E1;
6537 : D7;
6538 : EB;
6539 : D0;
6540 : E1;
6541 : FA;
6542 : EF;
6543 : 02;
6544 : FC;
6545 : 06;
6546 : 24;
6547 : 25;
6548 : 37;
6549 : 34;
6550 : 2C;
6551 : 34;
6552 : 2E;
6553 : 23;
6554 : 2D;
6555 : 33;
6556 : 11;
6557 : 06;
6558 : 25;
6559 : F6;
6560 : E7;
6561 : 02;
6562 : F3;
6563 : D7;
6564 : F4;
6565 : 07;
6566 : 01;
6567 : F2;
6568 : F5;
6569 : 06;
6570 : CC;
6571 : E4;
6572 : DA;
6573 : D9;
6574 : D4;
6575 : C4;
6576 : F4;
6577 : F8;
6578 : 00;
6579 : FC;
6580 : 00;
6581 : F0;
6582 : 08;
6583 : 03;
6584 : F0;
6585 : FC;
6586 : F8;
6587 : F7;
6588 : 00;
6589 : FE;
6590 : 0B;
6591 : 20;
6592 : 1A;
6593 : 17;
6594 : 21;
6595 : 0F;
6596 : 16;
6597 : 00;
6598 : F3;
6599 : DC;
6600 : CD;
6601 : D3;
6602 : C2;
6603 : D1;
6604 : D0;
6605 : E3;
6606 : D5;
6607 : E3;
6608 : EF;
6609 : DF;
6610 : E4;
6611 : E6;
6612 : DE;
6613 : E2;
6614 : E9;
6615 : FC;
6616 : 05;
6617 : 00;
6618 : DF;
6619 : EA;
6620 : F5;
6621 : FE;
6622 : EF;
6623 : 05;
6624 : 02;
6625 : F9;
6626 : FB;
6627 : F1;
6628 : E3;
6629 : DD;
6630 : F4;
6631 : E9;
6632 : F8;
6633 : ED;
6634 : 11;
6635 : 10;
6636 : FE;
6637 : 14;
6638 : 0E;
6639 : FE;
6640 : 1B;
6641 : 17;
6642 : 1F;
6643 : 11;
6644 : 10;
6645 : 1A;
6646 : 14;
6647 : 14;
6648 : 18;
6649 : 19;
6650 : 21;
6651 : D8;
6652 : F2;
6653 : E3;
6654 : FD;
6655 : 19;
6656 : 10;
6657 : 0E;
6658 : 1F;
6659 : 19;
6660 : BE;
6661 : E1;
6662 : F1;
6663 : C3;
6664 : DE;
6665 : DB;
6666 : A3;
6667 : BD;
6668 : BF;
6669 : 25;
6670 : 28;
6671 : 1F;
6672 : 18;
6673 : 0C;
6674 : 0E;
6675 : 21;
6676 : 11;
6677 : 15;
6678 : F0;
6679 : FD;
6680 : FC;
6681 : 0C;
6682 : 02;
6683 : 05;
6684 : EC;
6685 : F7;
6686 : F7;
6687 : FC;
6688 : 0C;
6689 : 05;
6690 : FF;
6691 : 05;
6692 : 00;
6693 : 0B;
6694 : 0A;
6695 : 03;
6696 : 1D;
6697 : 24;
6698 : 02;
6699 : 17;
6700 : 2C;
6701 : 04;
6702 : 06;
6703 : 2B;
6704 : F8;
6705 : F7;
6706 : 08;
6707 : 09;
6708 : F7;
6709 : F2;
6710 : ED;
6711 : FC;
6712 : FE;
6713 : F0;
6714 : 0B;
6715 : EA;
6716 : F0;
6717 : 15;
6718 : F2;
6719 : 1F;
6720 : 0B;
6721 : F8;
6722 : 1D;
6723 : 0C;
6724 : 12;
6725 : 01;
6726 : EE;
6727 : 09;
6728 : EE;
6729 : E8;
6730 : FB;
6731 : DF;
6732 : E6;
6733 : E6;
6734 : EB;
6735 : E5;
6736 : DD;
6737 : CB;
6738 : E8;
6739 : EA;
6740 : D9;
6741 : E1;
6742 : EB;
6743 : E4;
6744 : E4;
6745 : DD;
6746 : DB;
6747 : F0;
6748 : F4;
6749 : EA;
6750 : 10;
6751 : 0E;
6752 : 18;
6753 : 2A;
6754 : 0E;
6755 : 1A;
6756 : 0A;
6757 : 09;
6758 : 05;
6759 : 06;
6760 : 21;
6761 : 1B;
6762 : 03;
6763 : 0F;
6764 : 09;
6765 : 00;
6766 : 15;
6767 : 25;
6768 : F7;
6769 : F2;
6770 : F0;
6771 : D9;
6772 : D0;
6773 : D1;
6774 : F2;
6775 : E5;
6776 : E9;
6777 : F0;
6778 : F4;
6779 : F3;
6780 : F4;
6781 : F6;
6782 : F4;
6783 : 0E;
6784 : 02;
6785 : 01;
6786 : D2;
6787 : C9;
6788 : C4;
6789 : EE;
6790 : E7;
6791 : DA;
6792 : E8;
6793 : D5;
6794 : CA;
6795 : EE;
6796 : F4;
6797 : FC;
6798 : 20;
6799 : FB;
6800 : EE;
6801 : 0A;
6802 : 00;
6803 : 02;
6804 : FF;
6805 : F2;
6806 : E3;
6807 : E1;
6808 : E3;
6809 : E4;
6810 : E8;
6811 : 05;
6812 : F1;
6813 : 00;
6814 : 15;
6815 : 01;
6816 : 02;
6817 : 00;
6818 : F5;
6819 : 05;
6820 : 26;
6821 : 19;
6822 : 26;
6823 : 2C;
6824 : 1C;
6825 : 2C;
6826 : 20;
6827 : 27;
6828 : 21;
6829 : 13;
6830 : 2B;
6831 : 22;
6832 : 18;
6833 : 0D;
6834 : FE;
6835 : F8;
6836 : F7;
6837 : 02;
6838 : 0C;
6839 : FE;
6840 : 0C;
6841 : 03;
6842 : EF;
6843 : 19;
6844 : 10;
6845 : 05;
6846 : 0A;
6847 : 09;
6848 : F1;
6849 : 12;
6850 : 15;
6851 : 19;
6852 : 37;
6853 : 13;
6854 : 27;
6855 : 3B;
6856 : 2B;
6857 : 1E;
6858 : D4;
6859 : DE;
6860 : E6;
6861 : CB;
6862 : D3;
6863 : D8;
6864 : E6;
6865 : E1;
6866 : E8;
6867 : 00;
6868 : 05;
6869 : FC;
6870 : FF;
6871 : 05;
6872 : FA;
6873 : 04;
6874 : 09;
6875 : 03;
6876 : 11;
6877 : 0B;
6878 : 09;
6879 : 09;
6880 : FF;
6881 : 08;
6882 : FD;
6883 : 07;
6884 : 0D;
6885 : 09;
6886 : 24;
6887 : 18;
6888 : F4;
6889 : 09;
6890 : FB;
6891 : E6;
6892 : FF;
6893 : F3;
6894 : DE;
6895 : 0B;
6896 : EB;
6897 : E8;
6898 : 0B;
6899 : E7;
6900 : DE;
6901 : 02;
6902 : DF;
6903 : 02;
6904 : 0B;
6905 : 0C;
6906 : 05;
6907 : E8;
6908 : FA;
6909 : 03;
6910 : 0B;
6911 : 2C;
6912 : 02;
6913 : 1D;
6914 : 1E;
6915 : 21;
6916 : 34;
6917 : 3E;
6918 : 2C;
6919 : 26;
6920 : 37;
6921 : 03;
6922 : 03;
6923 : FD;
6924 : 04;
6925 : 04;
6926 : FC;
6927 : F3;
6928 : EA;
6929 : F5;
6930 : D5;
6931 : F3;
6932 : FB;
6933 : E9;
6934 : 01;
6935 : FE;
6936 : FD;
6937 : FB;
6938 : F1;
6939 : 08;
6940 : FA;
6941 : 11;
6942 : 1D;
6943 : 0A;
6944 : 1A;
6945 : 15;
6946 : 09;
6947 : 1B;
6948 : 01;
6949 : 0B;
6950 : 12;
6951 : FA;
6952 : 0D;
6953 : 13;
6954 : 07;
6955 : 01;
6956 : 08;
6957 : F9;
6958 : FC;
6959 : 07;
6960 : 0F;
6961 : FE;
6962 : 14;
6963 : 00;
6964 : FB;
6965 : 0E;
6966 : 18;
6967 : 1C;
6968 : 07;
6969 : 1E;
6970 : 17;
6971 : 0A;
6972 : 34;
6973 : 16;
6974 : 10;
6975 : FF;
6976 : 04;
6977 : F4;
6978 : 01;
6979 : FE;
6980 : F6;
6981 : EF;
6982 : 00;
6983 : E7;
6984 : EE;
6985 : 02;
6986 : 14;
6987 : F9;
6988 : 13;
6989 : 1B;
6990 : 1C;
6991 : 17;
6992 : 03;
6993 : F9;
6994 : F8;
6995 : F5;
6996 : 14;
6997 : 11;
6998 : 07;
6999 : FE;
7000 : 05;
7001 : 11;
7002 : 28;
7003 : 26;
7004 : 19;
7005 : 26;
7006 : 27;
7007 : 2A;
7008 : 08;
7009 : 1F;
7010 : 23;
7011 : DF;
7012 : F5;
7013 : C8;
7014 : CA;
7015 : CD;
7016 : C3;
7017 : C5;
7018 : D9;
7019 : CD;
7020 : F4;
7021 : E7;
7022 : F2;
7023 : F2;
7024 : E9;
7025 : 01;
7026 : F9;
7027 : F2;
7028 : 0E;
7029 : 03;
7030 : FC;
7031 : FC;
7032 : 04;
7033 : F3;
7034 : EF;
7035 : 12;
7036 : 04;
7037 : FE;
7038 : 0D;
7039 : 07;
7040 : 12;
7041 : 16;
7042 : 0E;
7043 : 14;
7044 : 33;
7045 : 19;
7046 : 1E;
7047 : F4;
7048 : 07;
7049 : 16;
7050 : E7;
7051 : FB;
7052 : 09;
7053 : F3;
7054 : F0;
7055 : F4;
7056 : 06;
7057 : 02;
7058 : 0C;
7059 : 25;
7060 : 14;
7061 : 25;
7062 : 27;
7063 : 11;
7064 : 0F;
7065 : E9;
7066 : EF;
7067 : EF;
7068 : FD;
7069 : F8;
7070 : FA;
7071 : 0A;
7072 : 09;
7073 : 0D;
7074 : FD;
7075 : 03;
7076 : F7;
7077 : E8;
7078 : F7;
7079 : EC;
7080 : E7;
7081 : FA;
7082 : FA;
7083 : FD;
7084 : 0F;
7085 : D8;
7086 : DB;
7087 : F5;
7088 : C4;
7089 : DA;
7090 : DE;
7091 : C8;
7092 : 1B;
7093 : 1C;
7094 : 2F;
7095 : 20;
7096 : 16;
7097 : 1B;
7098 : 31;
7099 : 1B;
7100 : 20;
7101 : 04;
7102 : FB;
7103 : E8;
7104 : 3B;
7105 : 20;
7106 : 20;
7107 : 2F;
7108 : 29;
7109 : 34;
7110 : F5;
7111 : 06;
7112 : FC;
7113 : E3;
7114 : 07;
7115 : EC;
7116 : EB;
7117 : F9;
7118 : DD;
7119 : 09;
7120 : FC;
7121 : 07;
7122 : 17;
7123 : 15;
7124 : 19;
7125 : 25;
7126 : 12;
7127 : 0F;
7128 : 02;
7129 : FD;
7130 : F4;
7131 : 12;
7132 : 0A;
7133 : E9;
7134 : 0D;
7135 : 03;
7136 : E5;
7137 : F6;
7138 : F4;
7139 : F8;
7140 : E4;
7141 : ED;
7142 : F4;
7143 : E4;
7144 : D8;
7145 : ED;
7146 : E0;
7147 : EF;
7148 : E7;
7149 : E0;
7150 : F0;
7151 : EA;
7152 : E2;
7153 : F6;
7154 : FF;
7155 : EB;
7156 : F5;
7157 : DE;
7158 : E9;
7159 : F8;
7160 : EB;
7161 : ED;
7162 : F3;
7163 : FA;
7164 : 03;
7165 : 0C;
7166 : F9;
7167 : 02;
7168 : 03;
7169 : FA;
7170 : 0F;
7171 : 08;
7172 : 16;
7173 : CA;
7174 : C8;
7175 : D5;
7176 : D4;
7177 : C1;
7178 : D9;
7179 : C4;
7180 : C5;
7181 : DD;
7182 : 10;
7183 : FD;
7184 : 01;
7185 : 0F;
7186 : FC;
7187 : FC;
7188 : 0E;
7189 : F8;
7190 : F5;
7191 : F7;
7192 : EB;
7193 : FD;
7194 : E8;
7195 : D6;
7196 : F5;
7197 : EF;
7198 : D5;
7199 : E3;
7200 : ED;
7201 : E1;
7202 : E6;
7203 : FC;
7204 : E6;
7205 : DB;
7206 : F4;
7207 : EA;
7208 : CC;
7209 : 1F;
7210 : 1B;
7211 : 0B;
7212 : 06;
7213 : 09;
7214 : 08;
7215 : 0D;
7216 : 0E;
7217 : 0F;
7218 : F5;
7219 : 04;
7220 : 01;
7221 : EC;
7222 : FF;
7223 : F8;
7224 : EA;
7225 : F8;
7226 : F2;
7227 : E4;
7228 : 0D;
7229 : E6;
7230 : FA;
7231 : 18;
7232 : FA;
7233 : 04;
7234 : 1B;
7235 : F7;
7236 : EB;
7237 : 04;
7238 : 04;
7239 : F6;
7240 : F3;
7241 : FE;
7242 : 0C;
7243 : 0C;
7244 : 06;
7245 : 07;
7246 : 0E;
7247 : 0B;
7248 : 06;
7249 : 0A;
7250 : F7;
7251 : 02;
7252 : F9;
7253 : F4;
7254 : F7;
7255 : F4;
7256 : F4;
7257 : 01;
7258 : FB;
7259 : FE;
7260 : 0C;
7261 : 09;
7262 : 14;
7263 : 04;
7264 : F6;
7265 : FA;
7266 : 0A;
7267 : FD;
7268 : 05;
7269 : F2;
7270 : F5;
7271 : 01;
7272 : E2;
7273 : E0;
7274 : B9;
7275 : DA;
7276 : CD;
7277 : A8;
7278 : F4;
7279 : E6;
7280 : E5;
7281 : 16;
7282 : 12;
7283 : 14;
7284 : 1E;
7285 : 0D;
7286 : 12;
7287 : 08;
7288 : FF;
7289 : 04;
7290 : 0D;
7291 : 17;
7292 : 11;
7293 : 06;
7294 : 12;
7295 : 05;
7296 : FA;
7297 : FC;
7298 : EB;
7299 : D8;
7300 : EE;
7301 : F7;
7302 : E1;
7303 : F9;
7304 : 11;
7305 : EB;
7306 : 0B;
7307 : 21;
7308 : 13;
7309 : 0F;
7310 : 17;
7311 : 07;
7312 : 15;
7313 : 04;
7314 : 08;
7315 : 0C;
7316 : F7;
7317 : F9;
7318 : 01;
7319 : 15;
7320 : E3;
7321 : EF;
7322 : 07;
7323 : E5;
7324 : F3;
7325 : 0A;
7326 : 07;
7327 : 0E;
7328 : 18;
7329 : 04;
7330 : 12;
7331 : 19;
7332 : 2B;
7333 : 20;
7334 : 31;
7335 : 2E;
7336 : 1C;
7337 : 13;
7338 : 2F;
7339 : 25;
7340 : 17;
7341 : 1A;
7342 : 1D;
7343 : 06;
7344 : E8;
7345 : 06;
7346 : EA;
7347 : EA;
7348 : FF;
7349 : F5;
7350 : E5;
7351 : F7;
7352 : F3;
7353 : 17;
7354 : 21;
7355 : 39;
7356 : FE;
7357 : FC;
7358 : 07;
7359 : F1;
7360 : FE;
7361 : 09;
7362 : E3;
7363 : BB;
7364 : D8;
7365 : F7;
7366 : D9;
7367 : E1;
7368 : E5;
7369 : E3;
7370 : E1;
7371 : D5;
7372 : F5;
7373 : 1C;
7374 : AD;
7375 : CE;
7376 : F0;
7377 : D3;
7378 : F1;
7379 : 0F;
7380 : CF;
7381 : C2;
7382 : BA;
7383 : E8;
7384 : EA;
7385 : D9;
7386 : 11;
7387 : 0B;
7388 : F1;
7389 : 04;
7390 : FF;
7391 : F4;
7392 : FA;
7393 : F5;
7394 : E8;
7395 : 04;
7396 : F6;
7397 : EB;
7398 : 2B;
7399 : 14;
7400 : 18;
7401 : 2F;
7402 : 18;
7403 : 07;
7404 : 09;
7405 : FA;
7406 : 0D;
7407 : 04;
7408 : FF;
7409 : 1A;
7410 : FD;
7411 : FA;
7412 : 0E;
7413 : 01;
7414 : FA;
7415 : 08;
7416 : B9;
7417 : DE;
7418 : D6;
7419 : CB;
7420 : EE;
7421 : F3;
7422 : BE;
7423 : D4;
7424 : D0;
7425 : F1;
7426 : 00;
7427 : 0B;
7428 : 0C;
7429 : 0F;
7430 : 0C;
7431 : 12;
7432 : 13;
7433 : 17;
7434 : F8;
7435 : 03;
7436 : 10;
7437 : 01;
7438 : 0F;
7439 : 0B;
7440 : 21;
7441 : 11;
7442 : 1D;
7443 : 0C;
7444 : 08;
7445 : 1F;
7446 : 0C;
7447 : 0F;
7448 : 21;
7449 : 1E;
7450 : 18;
7451 : 30;
7452 : F1;
7453 : FA;
7454 : F4;
7455 : F3;
7456 : F9;
7457 : F9;
7458 : 18;
7459 : 13;
7460 : 11;
7461 : 14;
7462 : 1A;
7463 : 0B;
7464 : 16;
7465 : 23;
7466 : 12;
7467 : 12;
7468 : 23;
7469 : 1A;
7470 : FE;
7471 : 09;
7472 : 0F;
7473 : F6;
7474 : 08;
7475 : 14;
7476 : 03;
7477 : 12;
7478 : 1A;
7479 : 20;
7480 : 26;
7481 : 24;
7482 : 03;
7483 : 14;
7484 : 01;
7485 : 0A;
7486 : 07;
7487 : 0A;
7488 : 01;
7489 : F9;
7490 : 12;
7491 : F0;
7492 : E2;
7493 : 01;
7494 : 06;
7495 : EC;
7496 : 16;
7497 : F6;
7498 : 03;
7499 : FE;
7500 : FC;
7501 : 05;
7502 : 03;
7503 : FB;
7504 : 0D;
7505 : 0B;
7506 : E8;
7507 : F3;
7508 : F1;
7509 : F8;
7510 : 08;
7511 : 04;
7512 : 19;
7513 : 05;
7514 : 0D;
7515 : EB;
7516 : F2;
7517 : 02;
7518 : F6;
7519 : F8;
7520 : 02;
7521 : F5;
7522 : F6;
7523 : FC;
7524 : F2;
7525 : 08;
7526 : FA;
7527 : 0D;
7528 : FF;
7529 : FC;
7530 : F2;
7531 : E9;
7532 : DD;
7533 : 04;
7534 : 05;
7535 : 02;
7536 : 0C;
7537 : 07;
7538 : 05;
7539 : 08;
7540 : 06;
7541 : F8;
7542 : 02;
7543 : 04;
7544 : 04;
7545 : 01;
7546 : FF;
7547 : 05;
7548 : DF;
7549 : F5;
7550 : F8;
7551 : 08;
7552 : 13;
7553 : 17;
7554 : 09;
7555 : 13;
7556 : 1B;
7557 : 06;
7558 : 11;
7559 : 0C;
7560 : D3;
7561 : EE;
7562 : CD;
7563 : D8;
7564 : E9;
7565 : BD;
7566 : E3;
7567 : 0E;
7568 : CB;
7569 : F5;
7570 : FB;
7571 : ED;
7572 : F1;
7573 : F3;
7574 : EB;
7575 : 07;
7576 : FD;
7577 : EE;
7578 : 31;
7579 : 0B;
7580 : 0B;
7581 : 1C;
7582 : FD;
7583 : 25;
7584 : 15;
7585 : 17;
7586 : 30;
7587 : DA;
7588 : E3;
7589 : CF;
7590 : D6;
7591 : DA;
7592 : F9;
7593 : D9;
7594 : D5;
7595 : F7;
7596 : FE;
7597 : 06;
7598 : FE;
7599 : E6;
7600 : DF;
7601 : DF;
7602 : F3;
7603 : F2;
7604 : F8;
7605 : F5;
7606 : F8;
7607 : 01;
7608 : F8;
7609 : F8;
7610 : EB;
7611 : 0B;
7612 : 01;
7613 : F3;
7614 : 17;
7615 : 07;
7616 : 31;
7617 : 17;
7618 : 03;
7619 : 1E;
7620 : 22;
7621 : 13;
7622 : 18;
7623 : E4;
7624 : D7;
7625 : DC;
7626 : DB;
7627 : CD;
7628 : C6;
7629 : C8;
7630 : D3;
7631 : D6;
7632 : 15;
7633 : 10;
7634 : 1D;
7635 : 1A;
7636 : 05;
7637 : 07;
7638 : 1E;
7639 : 0B;
7640 : 0D;
7641 : F8;
7642 : FD;
7643 : FA;
7644 : FF;
7645 : F6;
7646 : F0;
7647 : 03;
7648 : F1;
7649 : FE;
7650 : F2;
7651 : 03;
7652 : 0D;
7653 : F0;
7654 : EC;
7655 : F3;
7656 : E0;
7657 : E4;
7658 : F0;
7659 : 13;
7660 : 15;
7661 : 15;
7662 : F9;
7663 : F1;
7664 : D5;
7665 : 12;
7666 : 12;
7667 : FF;
7668 : FE;
7669 : 1E;
7670 : 18;
7671 : 11;
7672 : 22;
7673 : 1F;
7674 : 20;
7675 : 2F;
7676 : 1F;
7677 : 27;
7678 : 09;
7679 : 19;
7680 : 09;
7681 : FF;
7682 : 07;
7683 : F6;
7684 : F0;
7685 : 0A;
7686 : 0F;
7687 : 19;
7688 : 0C;
7689 : 07;
7690 : FC;
7691 : F7;
7692 : 05;
7693 : 0A;
7694 : 19;
7695 : 08;
7696 : F7;
7697 : ED;
7698 : 03;
7699 : FB;
7700 : E7;
7701 : 01;
7702 : F1;
7703 : E0;
7704 : EF;
7705 : 03;
7706 : 01;
7707 : EE;
7708 : 07;
7709 : E6;
7710 : FD;
7711 : 11;
7712 : F9;
7713 : FF;
7714 : 0A;
7715 : 10;
7716 : FD;
7717 : FC;
7718 : FD;
7719 : 15;
7720 : 12;
7721 : 01;
7722 : 1C;
7723 : 1C;
7724 : 0A;
7725 : 12;
7726 : 0E;
7727 : 03;
7728 : F4;
7729 : EF;
7730 : F2;
7731 : E8;
7732 : F3;
7733 : E3;
7734 : F2;
7735 : FE;
7736 : E7;
7737 : E6;
7738 : EC;
7739 : E9;
7740 : EE;
7741 : F1;
7742 : D4;
7743 : F1;
7744 : EA;
7745 : EC;
7746 : 03;
7747 : FC;
7748 : 03;
7749 : D3;
7750 : D2;
7751 : CF;
7752 : F5;
7753 : DC;
7754 : E0;
7755 : CD;
7756 : C9;
7757 : D1;
7758 : 15;
7759 : 21;
7760 : 0D;
7761 : F9;
7762 : 0E;
7763 : 02;
7764 : F0;
7765 : 1C;
7766 : 08;
7767 : 17;
7768 : 16;
7769 : 17;
7770 : 19;
7771 : 13;
7772 : 11;
7773 : 1A;
7774 : 2E;
7775 : 22;
7776 : E5;
7777 : F2;
7778 : 0F;
7779 : EC;
7780 : E9;
7781 : 09;
7782 : FC;
7783 : F8;
7784 : 28;
7785 : 01;
7786 : 04;
7787 : 01;
7788 : F0;
7789 : F6;
7790 : FA;
7791 : F3;
7792 : F8;
7793 : 01;
7794 : 1D;
7795 : 2E;
7796 : 25;
7797 : F2;
7798 : 09;
7799 : FB;
7800 : 0E;
7801 : 0F;
7802 : FE;
7803 : 00;
7804 : F7;
7805 : FF;
7806 : 16;
7807 : 10;
7808 : 0E;
7809 : 0F;
7810 : 0A;
7811 : 14;
7812 : F7;
7813 : F7;
7814 : 07;
7815 : 18;
7816 : 09;
7817 : 11;
7818 : 18;
7819 : 07;
7820 : 10;
7821 : 1A;
7822 : 03;
7823 : 0D;
7824 : 02;
7825 : FB;
7826 : 0F;
7827 : 29;
7828 : 08;
7829 : 08;
7830 : 39;
7831 : 2E;
7832 : 2C;
7833 : 2A;
7834 : 29;
7835 : 21;
7836 : 34;
7837 : 1A;
7838 : 19;
7839 : 10;
7840 : 17;
7841 : 11;
7842 : 04;
7843 : F7;
7844 : FC;
7845 : 31;
7846 : 1F;
7847 : 19;
7848 : 08;
7849 : 01;
7850 : 03;
7851 : 1E;
7852 : 14;
7853 : 17;
7854 : 16;
7855 : 13;
7856 : 00;
7857 : 0C;
7858 : 16;
7859 : 1C;
7860 : F6;
7861 : EC;
7862 : EC;
7863 : 06;
7864 : 07;
7865 : 14;
7866 : 3C;
7867 : 13;
7868 : 00;
7869 : 00;
7870 : F4;
7871 : 03;
7872 : FA;
7873 : 01;
7874 : 0F;
7875 : 0B;
7876 : F7;
7877 : F4;
7878 : FA;
7879 : F8;
7880 : EF;
7881 : 0C;
7882 : F7;
7883 : F1;
7884 : E4;
7885 : EC;
7886 : E5;
7887 : EE;
7888 : FB;
7889 : F8;
7890 : ED;
7891 : ED;
7892 : 00;
7893 : 08;
7894 : F6;
7895 : FA;
7896 : 14;
7897 : F9;
7898 : F3;
7899 : 04;
7900 : FA;
7901 : E1;
7902 : E1;
7903 : D6;
7904 : EB;
7905 : 05;
7906 : F4;
7907 : 18;
7908 : 08;
7909 : 03;
7910 : FF;
7911 : DE;
7912 : CE;
7913 : E9;
7914 : D3;
7915 : D8;
7916 : E0;
7917 : E5;
7918 : E5;
7919 : 15;
7920 : E9;
7921 : DF;
7922 : F9;
7923 : D5;
7924 : E4;
7925 : 00;
7926 : F1;
7927 : 04;
7928 : 1D;
7929 : E7;
7930 : F0;
7931 : D9;
7932 : FC;
7933 : 01;
7934 : E8;
7935 : F3;
7936 : F6;
7937 : E6;
7938 : 27;
7939 : 3F;
7940 : 36;
7941 : 1C;
7942 : 2B;
7943 : 39;
7944 : 1A;
7945 : 16;
7946 : 12;
7947 : 1E;
7948 : 11;
7949 : FC;
7950 : 2A;
7951 : 30;
7952 : 2B;
7953 : 10;
7954 : 0E;
7955 : 0E;
7956 : 0D;
7957 : 19;
7958 : 34;
7959 : 1A;
7960 : 07;
7961 : 13;
7962 : 13;
7963 : FA;
7964 : 0B;
7965 : 13;
7966 : 37;
7967 : 25;
7968 : 12;
7969 : 26;
7970 : 14;
7971 : 04;
7972 : 25;
7973 : 2D;
7974 : FD;
7975 : 0C;
7976 : FF;
7977 : 02;
7978 : FB;
7979 : E9;
7980 : E8;
7981 : D0;
7982 : E4;
7983 : F9;
7984 : E4;
7985 : DD;
7986 : E6;
7987 : E2;
7988 : D7;
7989 : F1;
7990 : F6;
7991 : ED;
7992 : 29;
7993 : 0A;
7994 : FC;
7995 : 07;
7996 : 09;
7997 : 0B;
7998 : 1D;
7999 : 28;
8000 : 2B;
8001 : CD;
8002 : D5;
8003 : E6;
8004 : F7;
8005 : F6;
8006 : F8;
8007 : FC;
8008 : F2;
8009 : 01;
8010 : EC;
8011 : F2;
8012 : F2;
8013 : 00;
8014 : 0B;
8015 : 14;
8016 : BA;
8017 : CE;
8018 : B4;
8019 : F8;
8020 : 02;
8021 : DD;
8022 : FD;
8023 : 08;
8024 : F2;
8025 : FA;
8026 : E8;
8027 : DD;
8028 : F4;
8029 : FD;
8030 : EA;
8031 : F1;
8032 : F1;
8033 : FC;
8034 : 12;
8035 : FF;
8036 : 19;
8037 : D6;
8038 : CB;
8039 : B8;
8040 : D5;
8041 : CB;
8042 : B7;
8043 : CA;
8044 : C8;
8045 : B8;
8046 : E6;
8047 : 00;
8048 : EC;
8049 : 04;
8050 : 09;
8051 : 07;
8052 : CF;
8053 : E1;
8054 : DB;
8055 : 05;
8056 : 11;
8057 : 0A;
8058 : 07;
8059 : 11;
8060 : 09;
8061 : 03;
8062 : 01;
8063 : E7;
8064 : 23;
8065 : 0E;
8066 : 1C;
8067 : 1D;
8068 : 1B;
8069 : 0E;
8070 : 1B;
8071 : 1D;
8072 : 19;
8073 : DD;
8074 : EA;
8075 : E8;
8076 : EC;
8077 : EE;
8078 : EB;
8079 : EE;
8080 : FF;
8081 : FD;
8082 : 02;
8083 : FF;
8084 : 07;
8085 : 13;
8086 : 03;
8087 : 10;
8088 : F7;
8089 : FB;
8090 : FC;
8091 : DF;
8092 : EE;
8093 : DF;
8094 : F3;
8095 : 01;
8096 : F5;
8097 : F7;
8098 : 02;
8099 : F7;
8100 : F0;
8101 : F9;
8102 : FF;
8103 : 09;
8104 : 03;
8105 : F9;
8106 : E9;
8107 : E5;
8108 : F3;
8109 : 0C;
8110 : 0E;
8111 : 10;
8112 : 0D;
8113 : 10;
8114 : 11;
8115 : 15;
8116 : 0E;
8117 : 1E;
8118 : F2;
8119 : EB;
8120 : FA;
8121 : FA;
8122 : F1;
8123 : FA;
8124 : DE;
8125 : E3;
8126 : E6;
8127 : 04;
8128 : 01;
8129 : 0C;
8130 : 05;
8131 : 08;
8132 : 0F;
8133 : 08;
8134 : 09;
8135 : FE;
8136 : FC;
8137 : FA;
8138 : DB;
8139 : FC;
8140 : 00;
8141 : DD;
8142 : 0B;
8143 : 18;
8144 : EF;
8145 : F1;
8146 : 08;
8147 : 12;
8148 : F9;
8149 : FA;
8150 : 09;
8151 : EF;
8152 : F7;
8153 : F6;
8154 : E3;
8155 : E2;
8156 : E1;
8157 : F7;
8158 : F2;
8159 : 06;
8160 : 01;
8161 : 00;
8162 : 00;
8163 : F1;
8164 : F7;
8165 : FC;
8166 : ED;
8167 : F9;
8168 : EC;
8169 : 01;
8170 : FF;
8171 : E9;
8172 : F3;
8173 : FF;
8174 : 0E;
8175 : 01;
8176 : 09;
8177 : 04;
8178 : 04;
8179 : 00;
8180 : 06;
8181 : ED;
8182 : F2;
8183 : F3;
8184 : F3;
8185 : F5;
8186 : FA;
8187 : EE;
8188 : EF;
8189 : F2;
8190 : ED;
8191 : F5;
8192 : FC;
8193 : 14;
8194 : 0F;
8195 : 11;
8196 : 12;
8197 : 11;
8198 : 12;
8199 : 21;
8200 : 28;
8201 : 32;
8202 : 26;
8203 : 26;
8204 : 2B;
8205 : 05;
8206 : 0C;
8207 : 10;
8208 : F7;
8209 : 03;
8210 : FE;
8211 : D3;
8212 : E0;
8213 : D1;
8214 : ED;
8215 : E6;
8216 : D7;
8217 : 01;
8218 : 0C;
8219 : FC;
8220 : 16;
8221 : 0A;
8222 : FE;
8223 : 13;
8224 : 07;
8225 : 00;
8226 : C6;
8227 : C0;
8228 : CC;
8229 : D1;
8230 : D1;
8231 : CE;
8232 : E0;
8233 : C5;
8234 : C3;
8235 : FC;
8236 : 08;
8237 : 06;
8238 : 1B;
8239 : 28;
8240 : 2C;
8241 : 30;
8242 : 34;
8243 : 36;
8244 : FC;
8245 : 02;
8246 : EF;
8247 : F9;
8248 : F6;
8249 : FC;
8250 : E3;
8251 : F3;
8252 : F1;
8253 : 08;
8254 : 0E;
8255 : DD;
8256 : FE;
8257 : 05;
8258 : E1;
8259 : 11;
8260 : 19;
8261 : 07;
8262 : 09;
8263 : F9;
8264 : FB;
8265 : 22;
8266 : 18;
8267 : 12;
8268 : 0A;
8269 : 06;
8270 : F3;
8271 : 0E;
8272 : 14;
8273 : 25;
8274 : 11;
8275 : FE;
8276 : 0E;
8277 : 14;
8278 : 02;
8279 : FF;
8280 : 2F;
8281 : 25;
8282 : 18;
8283 : 27;
8284 : 26;
8285 : 21;
8286 : 1B;
8287 : 12;
8288 : 06;
8289 : 17;
8290 : 18;
8291 : 23;
8292 : 1E;
8293 : 1D;
8294 : 1B;
8295 : 1C;
8296 : 11;
8297 : 08;
8298 : E4;
8299 : E5;
8300 : EC;
8301 : E6;
8302 : E2;
8303 : EE;
8304 : DA;
8305 : EA;
8306 : E3;
8307 : FC;
8308 : 02;
8309 : F2;
8310 : 01;
8311 : 0B;
8312 : FF;
8313 : F4;
8314 : 02;
8315 : FD;
8316 : 1B;
8317 : 13;
8318 : 10;
8319 : 22;
8320 : 13;
8321 : 19;
8322 : F1;
8323 : FD;
8324 : 06;
8325 : FB;
8326 : F9;
8327 : 00;
8328 : F8;
8329 : F6;
8330 : F1;
8331 : E8;
8332 : F3;
8333 : F3;
8334 : DA;
8335 : F2;
8336 : D5;
8337 : F5;
8338 : E9;
8339 : D5;
8340 : EF;
8341 : EE;
8342 : EB;
8343 : 2E;
8344 : 1A;
8345 : 1E;
8346 : 17;
8347 : 16;
8348 : 24;
8349 : E7;
8350 : E7;
8351 : F3;
8352 : 24;
8353 : 13;
8354 : 06;
8355 : 0D;
8356 : 1D;
8357 : FE;
8358 : 11;
8359 : 13;
8360 : 09;
8361 : E7;
8362 : F1;
8363 : FD;
8364 : F7;
8365 : 00;
8366 : FE;
8367 : F6;
8368 : FA;
8369 : F9;
8370 : F8;
8371 : FD;
8372 : EA;
8373 : FC;
8374 : FB;
8375 : E4;
8376 : 0A;
8377 : 01;
8378 : F4;
8379 : 02;
8380 : 12;
8381 : F2;
8382 : 14;
8383 : 23;
8384 : 12;
8385 : 1B;
8386 : 15;
8387 : 10;
8388 : 10;
8389 : 1C;
8390 : 2B;
8391 : 0E;
8392 : 16;
8393 : 16;
8394 : 10;
8395 : 0C;
8396 : 15;
8397 : 07;
8398 : 08;
8399 : 0D;
8400 : 0A;
8401 : 08;
8402 : 05;
8403 : 0E;
8404 : FD;
8405 : FE;
8406 : F3;
8407 : 01;
8408 : FB;
8409 : F5;
8410 : 14;
8411 : FD;
8412 : 1F;
8413 : 17;
8414 : 07;
8415 : E4;
8416 : EA;
8417 : E0;
8418 : F4;
8419 : F3;
8420 : E8;
8421 : E7;
8422 : EB;
8423 : DF;
8424 : FB;
8425 : E4;
8426 : A8;
8427 : 10;
8428 : 00;
8429 : C8;
8430 : 3A;
8431 : 1E;
8432 : FA;
8433 : 02;
8434 : 05;
8435 : 0F;
8436 : 11;
8437 : 11;
8438 : 14;
8439 : FA;
8440 : FE;
8441 : 0E;
8442 : F4;
8443 : 10;
8444 : 09;
8445 : 17;
8446 : 3D;
8447 : 21;
8448 : FD;
8449 : FD;
8450 : FC;
8451 : C0;
8452 : CC;
8453 : C0;
8454 : B7;
8455 : D2;
8456 : BD;
8457 : C6;
8458 : E5;
8459 : D9;
8460 : 00;
8461 : 1C;
8462 : 29;
8463 : 03;
8464 : 18;
8465 : 09;
8466 : 10;
8467 : 12;
8468 : 17;
8469 : DD;
8470 : F3;
8471 : FC;
8472 : E5;
8473 : ED;
8474 : E9;
8475 : EE;
8476 : F4;
8477 : F6;
8478 : 23;
8479 : 29;
8480 : 32;
8481 : 14;
8482 : 21;
8483 : 2A;
8484 : 17;
8485 : 10;
8486 : 22;
8487 : 05;
8488 : 30;
8489 : 0F;
8490 : ED;
8491 : 15;
8492 : EC;
8493 : 03;
8494 : 2C;
8495 : 07;
8496 : 03;
8497 : 09;
8498 : E6;
8499 : FE;
8500 : F7;
8501 : E1;
8502 : F6;
8503 : E6;
8504 : F3;
8505 : 22;
8506 : 2C;
8507 : 40;
8508 : 21;
8509 : 1E;
8510 : 26;
8511 : 19;
8512 : 28;
8513 : 20;
8514 : E3;
8515 : DF;
8516 : E5;
8517 : F0;
8518 : F6;
8519 : F0;
8520 : D8;
8521 : E2;
8522 : DB;
8523 : E1;
8524 : 03;
8525 : 09;
8526 : B4;
8527 : E4;
8528 : F3;
8529 : C9;
8530 : E4;
8531 : EA;
8532 : 00;
8533 : F1;
8534 : E8;
8535 : E5;
8536 : DB;
8537 : D0;
8538 : F1;
8539 : F1;
8540 : FD;
8541 : 19;
8542 : 1E;
8543 : 13;
8544 : 21;
8545 : 37;
8546 : 14;
8547 : 49;
8548 : 4F;
8549 : 2D;
8550 : 29;
8551 : 34;
8552 : 1F;
8553 : 10;
8554 : 2F;
8555 : 0C;
8556 : FC;
8557 : 08;
8558 : F3;
8559 : 10;
8560 : 1A;
8561 : 32;
8562 : 22;
8563 : 10;
8564 : 1C;
8565 : 24;
8566 : 1C;
8567 : 24;
8568 : DD;
8569 : D1;
8570 : BE;
8571 : 06;
8572 : 02;
8573 : 00;
8574 : 0C;
8575 : 04;
8576 : F5;
8577 : 01;
8578 : 12;
8579 : FB;
8580 : 15;
8581 : 25;
8582 : 21;
8583 : 0F;
8584 : 20;
8585 : 27;
8586 : FD;
8587 : F5;
8588 : FF;
8589 : F6;
8590 : F3;
8591 : E7;
8592 : 09;
8593 : 03;
8594 : 05;
8595 : 0C;
8596 : 09;
8597 : 0C;
8598 : 0B;
8599 : 06;
8600 : 04;
8601 : 18;
8602 : 11;
8603 : 07;
8604 : 19;
8605 : 0F;
8606 : 0C;
8607 : 05;
8608 : FA;
8609 : 0F;
8610 : 1B;
8611 : 14;
8612 : 21;
8613 : 04;
8614 : 0A;
8615 : EB;
8616 : FD;
8617 : 06;
8618 : ED;
8619 : 10;
8620 : 16;
8621 : 11;
8622 : F0;
8623 : F1;
8624 : EA;
8625 : E5;
8626 : D8;
8627 : DA;
8628 : 03;
8629 : E0;
8630 : E4;
8631 : FE;
8632 : 07;
8633 : 1D;
8634 : F2;
8635 : 0F;
8636 : 04;
8637 : 05;
8638 : 13;
8639 : 33;
8640 : E1;
8641 : DF;
8642 : F8;
8643 : F3;
8644 : F3;
8645 : ED;
8646 : 02;
8647 : 05;
8648 : 04;
8649 : 0B;
8650 : 0C;
8651 : 12;
8652 : FB;
8653 : FA;
8654 : FC;
8655 : ED;
8656 : F9;
8657 : FF;
8658 : 1C;
8659 : 10;
8660 : 11;
8661 : 22;
8662 : 16;
8663 : 12;
8664 : 2C;
8665 : 13;
8666 : 12;
8667 : 25;
8668 : 23;
8669 : 36;
8670 : 11;
8671 : 11;
8672 : 14;
8673 : 18;
8674 : 1C;
8675 : 1F;
8676 : F6;
8677 : 07;
8678 : 22;
8679 : 14;
8680 : 12;
8681 : 13;
8682 : 1D;
8683 : 1F;
8684 : 1E;
8685 : E7;
8686 : E4;
8687 : D3;
8688 : EC;
8689 : F5;
8690 : EF;
8691 : F2;
8692 : EE;
8693 : F5;
8694 : E0;
8695 : E0;
8696 : E2;
8697 : E6;
8698 : EC;
8699 : EB;
8700 : E5;
8701 : F0;
8702 : F2;
8703 : FF;
8704 : 13;
8705 : 0A;
8706 : 04;
8707 : 09;
8708 : 0C;
8709 : 0B;
8710 : 11;
8711 : 0A;
8712 : 33;
8713 : 13;
8714 : 18;
8715 : 1A;
8716 : 04;
8717 : 18;
8718 : 1F;
8719 : 0C;
8720 : 1C;
8721 : DE;
8722 : FD;
8723 : F9;
8724 : DF;
8725 : F6;
8726 : F8;
8727 : EA;
8728 : F1;
8729 : F9;
8730 : ED;
8731 : E3;
8732 : F4;
8733 : E1;
8734 : E5;
8735 : E6;
8736 : CB;
8737 : C8;
8738 : BF;
8739 : 04;
8740 : 16;
8741 : 1F;
8742 : FD;
8743 : 1E;
8744 : 0F;
8745 : FD;
8746 : 16;
8747 : 0B;
8748 : FD;
8749 : 17;
8750 : 1C;
8751 : FA;
8752 : 09;
8753 : 04;
8754 : 08;
8755 : 14;
8756 : 18;
8757 : E9;
8758 : FE;
8759 : 02;
8760 : E9;
8761 : F6;
8762 : FD;
8763 : F3;
8764 : F6;
8765 : 04;
8766 : F3;
8767 : FF;
8768 : 10;
8769 : F6;
8770 : FA;
8771 : F8;
8772 : 05;
8773 : 18;
8774 : 1C;
8775 : AE;
8776 : BE;
8777 : BC;
8778 : B4;
8779 : DF;
8780 : E8;
8781 : E8;
8782 : FC;
8783 : 13;
8784 : 3B;
8785 : 29;
8786 : 26;
8787 : 26;
8788 : 0B;
8789 : 1B;
8790 : 19;
8791 : FE;
8792 : 03;
8793 : E1;
8794 : DF;
8795 : E4;
8796 : ED;
8797 : E6;
8798 : E6;
8799 : E5;
8800 : EC;
8801 : F1;
8802 : EF;
8803 : F4;
8804 : F2;
8805 : FF;
8806 : 05;
8807 : 11;
8808 : 03;
8809 : EC;
8810 : EE;
8811 : FE;
8812 : FF;
8813 : 16;
8814 : 0E;
8815 : FC;
8816 : F0;
8817 : 1C;
8818 : 19;
8819 : 13;
8820 : 37;
8821 : 1D;
8822 : 0C;
8823 : 1B;
8824 : 17;
8825 : 11;
8826 : 28;
8827 : 21;
8828 : 1D;
8829 : 27;
8830 : 2C;
8831 : 30;
8832 : 18;
8833 : 27;
8834 : 20;
8835 : 19;
8836 : 1F;
8837 : 29;
8838 : 12;
8839 : 09;
8840 : 04;
8841 : 03;
8842 : FE;
8843 : E9;
8844 : FA;
8845 : FE;
8846 : F0;
8847 : 10;
8848 : 02;
8849 : 08;
8850 : 00;
8851 : FA;
8852 : 03;
8853 : FB;
8854 : FF;
8855 : 02;
8856 : FC;
8857 : ED;
8858 : 09;
8859 : 02;
8860 : EC;
8861 : DE;
8862 : 13;
8863 : FC;
8864 : FD;
8865 : F8;
8866 : F4;
8867 : F6;
8868 : 13;
8869 : 04;
8870 : 0D;
8871 : 27;
8872 : 16;
8873 : 16;
8874 : 13;
8875 : 0F;
8876 : 31;
8877 : 2C;
8878 : 1B;
8879 : 28;
8880 : 13;
8881 : 07;
8882 : 1A;
8883 : F3;
8884 : F9;
8885 : 02;
8886 : EF;
8887 : F9;
8888 : 06;
8889 : E3;
8890 : F9;
8891 : 03;
8892 : 04;
8893 : FF;
8894 : EF;
8895 : FA;
8896 : EF;
8897 : E3;
8898 : FF;
8899 : FA;
8900 : F1;
8901 : 16;
8902 : 08;
8903 : 02;
8904 : 08;
8905 : F7;
8906 : 03;
8907 : E6;
8908 : EB;
8909 : EA;
8910 : 35;
8911 : 13;
8912 : 20;
8913 : 22;
8914 : F9;
8915 : F9;
8916 : 0E;
8917 : F8;
8918 : 02;
8919 : 15;
8920 : 0A;
8921 : EE;
8922 : 0D;
8923 : 0B;
8924 : ED;
8925 : F9;
8926 : F9;
8927 : F7;
8928 : 00;
8929 : 0A;
8930 : 1D;
8931 : 0E;
8932 : 13;
8933 : 19;
8934 : 12;
8935 : 21;
8936 : 24;
8937 : 06;
8938 : FC;
8939 : ED;
8940 : 00;
8941 : FD;
8942 : F9;
8943 : F2;
8944 : EE;
8945 : E4;
8946 : E9;
8947 : 04;
8948 : FC;
8949 : FE;
8950 : 00;
8951 : FF;
8952 : 11;
8953 : 0E;
8954 : 01;
8955 : F0;
8956 : 00;
8957 : 02;
8958 : 09;
8959 : 0B;
8960 : 0A;
8961 : 17;
8962 : 0B;
8963 : 06;
8964 : 29;
8965 : 2B;
8966 : 42;
8967 : 11;
8968 : 0C;
8969 : 0B;
8970 : 23;
8971 : 25;
8972 : 1F;
8973 : EC;
8974 : F5;
8975 : F1;
8976 : FE;
8977 : 01;
8978 : FA;
8979 : E9;
8980 : EE;
8981 : F0;
8982 : FC;
8983 : F8;
8984 : F8;
8985 : FC;
8986 : F0;
8987 : E7;
8988 : F6;
8989 : EA;
8990 : E6;
8991 : EB;
8992 : 02;
8993 : F8;
8994 : F6;
8995 : FD;
8996 : F7;
8997 : 02;
8998 : 03;
8999 : EA;
9000 : 44;
9001 : 22;
9002 : 2F;
9003 : 27;
9004 : 13;
9005 : 31;
9006 : 2E;
9007 : 14;
9008 : 36;
9009 : D6;
9010 : F6;
9011 : F4;
9012 : E8;
9013 : F8;
9014 : 01;
9015 : E3;
9016 : F6;
9017 : F6;
9018 : BB;
9019 : C1;
9020 : CB;
9021 : D2;
9022 : C8;
9023 : C5;
9024 : D4;
9025 : E6;
9026 : ED;
9027 : 19;
9028 : 10;
9029 : FC;
9030 : 02;
9031 : 13;
9032 : F8;
9033 : FE;
9034 : 0A;
9035 : FE;
9036 : F3;
9037 : FC;
9038 : 06;
9039 : F6;
9040 : FC;
9041 : 10;
9042 : 1B;
9043 : 0C;
9044 : 1F;
9045 : FA;
9046 : FE;
9047 : F7;
9048 : FE;
9049 : F7;
9050 : FD;
9051 : 02;
9052 : F9;
9053 : FA;
9054 : BF;
9055 : CD;
9056 : E3;
9057 : DA;
9058 : E0;
9059 : E7;
9060 : E8;
9061 : E4;
9062 : F3;
9063 : DE;
9064 : E0;
9065 : E4;
9066 : E4;
9067 : EB;
9068 : FB;
9069 : F9;
9070 : EB;
9071 : 11;
9072 : 2F;
9073 : 10;
9074 : 20;
9075 : 1A;
9076 : 0B;
9077 : 1A;
9078 : 28;
9079 : 0A;
9080 : 1F;
9081 : 00;
9082 : 00;
9083 : 00;
9084 : F5;
9085 : FC;
9086 : 02;
9087 : FF;
9088 : FA;
9089 : 09;
9090 : F4;
9091 : EC;
9092 : DD;
9093 : F9;
9094 : FB;
9095 : FE;
9096 : F9;
9097 : 01;
9098 : F5;
9099 : F0;
9100 : 1C;
9101 : 0C;
9102 : 14;
9103 : 2B;
9104 : 29;
9105 : 01;
9106 : 0C;
9107 : FB;
9108 : 1A;
9109 : 09;
9110 : 0E;
9111 : 11;
9112 : 0C;
9113 : 13;
9114 : 1F;
9115 : 04;
9116 : 0F;
9117 : 1A;
9118 : 29;
9119 : 20;
9120 : 0C;
9121 : 1B;
9122 : 1D;
9123 : 20;
9124 : 21;
9125 : 1D;
9126 : FA;
9127 : 00;
9128 : F8;
9129 : F9;
9130 : 00;
9131 : F9;
9132 : F2;
9133 : FE;
9134 : E5;
9135 : 1F;
9136 : 0B;
9137 : 19;
9138 : 0A;
9139 : 05;
9140 : 11;
9141 : 10;
9142 : 0E;
9143 : 12;
9144 : 19;
9145 : 04;
9146 : 0E;
9147 : 1D;
9148 : 05;
9149 : 08;
9150 : 2B;
9151 : 0D;
9152 : 0D;
9153 : 0D;
9154 : 05;
9155 : 0B;
9156 : 03;
9157 : EC;
9158 : F4;
9159 : FE;
9160 : EB;
9161 : F4;
9162 : 00;
9163 : 04;
9164 : 0D;
9165 : 01;
9166 : FD;
9167 : 02;
9168 : FB;
9169 : 02;
9170 : EF;
9171 : F3;
9172 : 01;
9173 : FF;
9174 : EF;
9175 : FB;
9176 : F2;
9177 : EF;
9178 : FE;
9179 : F9;
9180 : 17;
9181 : 0F;
9182 : 01;
9183 : 06;
9184 : 02;
9185 : FD;
9186 : F6;
9187 : FB;
9188 : FA;
9189 : 0A;
9190 : F7;
9191 : 02;
9192 : 02;
9193 : F0;
9194 : 02;
9195 : 06;
9196 : F6;
9197 : 0B;
9198 : 24;
9199 : 0C;
9200 : 04;
9201 : 32;
9202 : FA;
9203 : 02;
9204 : 2C;
9205 : FC;
9206 : F9;
9207 : 09;
9208 : 04;
9209 : F2;
9210 : 04;
9211 : F0;
9212 : F7;
9213 : EE;
9214 : E3;
9215 : E3;
END;
