0 0 0 0 0 0
0 1 0 0 0 0
0 2 0 0 0 0
0 3 0 0 0 0
0 4 0 0 0 0
0 5 0 0 0 0
0 6 0 0 0 0
0 7 0 0 0 0
0 8 0 0 0 0
0 9 0 0 0 0
0 10 0 0 0 0
0 11 0 0 0 0
0 12 0 0 0 0
0 13 0 0 0 0
0 14 0 0 0 0
0 15 0 0 0 0
0 16 0 0 0 0
0 17 0 0 0 0
0 18 0 0 0 0
0 19 0 0 0 0
0 20 0 0 0 0
0 21 0 0 0 0
0 22 0 0 0 0
0 23 0 0 0 0
0 24 0 0 0 0
0 25 0 0 0 0
0 26 0 0 0 0
0 27 0 0 0 0
0 28 0 0 0 0
0 29 0 0 0 0
0 30 0 0 0 0
0 31 0 0 0 0
0 32 0 0 0 0
0 33 0 0 0 0
0 34 0 0 0 0
0 35 0 0 0 0
0 36 0 0 0 0
0 37 0 0 0 0
0 38 0 0 0 0
0 39 0 0 0 0
0 40 0 0 0 0
0 41 0 0 0 0
0 42 0 0 0 0
0 43 0 0 0 0
0 44 0 0 0 0
0 45 0 0 0 0
0 46 0 0 0 0
0 47 0 0 0 0
0 48 0 0 0 0
0 49 0 0 0 0
0 50 0 0 0 0
0 51 0 0 0 0
0 52 0 0 0 0
0 53 0 0 0 0
0 54 0 0 0 0
0 55 0 0 0 0
0 56 0 0 0 0
0 57 0 0 0 0
0 58 0 0 0 0
0 59 0 0 0 0
0 60 0 0 0 0
0 61 0 0 0 0
0 62 0 0 0 0
0 63 0 0 0 0
0 64 0 0 0 0
0 65 0 0 0 0
0 66 0 0 0 0
0 67 0 0 0 0
0 68 0 0 0 0
0 69 0 0 0 0
0 70 0 0 0 0
0 71 0 0 0 0
0 72 0 0 0 0
0 73 0 0 0 0
0 74 0 0 0 0
0 75 0 0 0 0
0 76 0 0 0 0
0 77 0 0 0 0
0 78 0 0 0 0
0 79 0 0 0 0
0 80 0 0 0 0
0 81 0 0 0 0
0 82 0 0 0 0
0 83 0 0 0 0
0 84 0 0 0 0
0 85 0 0 0 0
0 86 0 0 0 0
0 87 0 0 0 0
0 88 0 0 0 0
0 89 0 0 0 0
0 90 0 0 0 0
0 91 0 0 0 0
0 92 0 0 0 0
0 93 0 0 0 0
0 94 0 0 0 0
0 95 0 0 0 0
0 96 0 0 0 0
0 97 0 0 0 0
0 98 0 0 0 0
0 99 0 0 0 0
0 100 0 0 0 0
0 101 0 0 0 0
0 102 0 0 0 0
0 103 0 0 0 0
0 104 0 0 0 0
0 105 0 0 0 0
0 106 0 0 0 0
0 107 0 0 0 0
0 108 0 0 0 0
0 109 0 0 0 0
0 110 0 0 0 0
0 111 0 0 0 0
0 112 0 0 0 0
0 113 0 0 0 0
0 114 0 0 0 0
0 115 0 0 0 0
0 116 0 0 0 0
0 117 0 0 0 0
0 118 0 0 0 0
0 119 0 0 0 0
0 120 0 0 0 0
0 121 0 0 0 0
0 122 0 0 0 0
0 123 0 0 0 0
0 124 0 0 0 0
0 125 0 0 0 0
0 126 0 0 0 0
0 127 0 0 0 0
0 128 0 0 0 0
0 129 0 0 0 0
0 130 0 0 0 0
0 131 0 0 0 0
0 132 0 0 0 0
0 133 0 0 0 0
0 134 0 0 0 0
0 135 0 0 0 0
0 136 0 0 0 0
0 137 0 0 0 0
0 138 0 0 0 0
0 139 0 0 0 0
0 140 0 0 0 0
0 141 0 0 0 0
0 142 0 0 0 0
0 143 0 0 0 0
0 144 0 0 0 0
0 145 0 0 0 0
0 146 0 0 0 0
0 147 0 0 0 0
0 148 0 0 0 0
0 149 0 0 0 0
0 150 0 0 0 0
0 151 0 0 0 0
0 152 0 0 0 0
0 153 0 0 0 0
0 154 0 0 0 0
0 155 0 0 0 0
0 156 0 0 0 0
0 157 0 0 0 0
0 158 0 0 0 0
0 159 0 0 0 0
0 160 0 0 0 0
0 161 0 0 0 0
0 162 0 0 0 0
0 163 0 0 0 0
0 164 0 0 0 0
0 165 0 0 0 0
0 166 0 0 0 0
0 167 0 0 0 0
0 168 0 0 0 0
0 169 0 0 0 0
0 170 0 0 0 0
0 171 0 0 0 0
0 172 0 0 0 0
0 173 0 0 0 0
0 174 0 0 0 0
0 175 0 0 0 0
0 176 0 0 0 0
0 177 0 0 0 0
0 178 0 0 0 0
0 179 0 0 0 0
0 180 0 0 0 0
0 181 0 0 0 0
0 182 0 0 0 0
0 183 0 0 0 0
0 184 0 0 0 0
0 185 0 0 0 0
0 186 0 0 0 0
0 187 0 0 0 0
0 188 0 0 0 0
0 189 0 0 0 0
0 190 0 0 0 0
0 191 0 0 0 0
0 192 0 0 0 0
0 193 0 0 0 0
0 194 0 0 0 0
0 195 0 0 0 0
0 196 0 0 0 0
0 197 0 0 0 0
0 198 0 0 0 0
0 199 0 0 0 0
0 200 0 0 0 0
0 201 0 0 0 0
0 202 0 0 0 0
0 203 0 0 0 0
0 204 0 0 0 0
0 205 0 0 0 0
0 206 0 0 0 0
0 207 0 0 0 0
0 208 0 0 0 0
0 209 0 0 0 0
0 210 0 0 0 0
0 211 0 0 0 0
0 212 0 0 0 0
0 213 0 0 0 0
0 214 0 0 0 0
0 215 0 0 0 0
0 216 0 0 0 0
0 217 0 0 0 0
0 218 0 0 0 0
0 219 0 0 0 0
0 220 0 0 0 0
0 221 0 0 0 0
0 222 0 0 0 0
0 223 0 0 0 0
0 224 0 0 0 0
0 225 0 0 0 0
0 226 0 0 0 0
0 227 0 0 0 0
0 228 0 0 0 0
0 229 0 0 0 0
0 230 0 0 0 0
0 231 0 0 0 0
0 232 0 0 0 0
0 233 0 0 0 0
0 234 0 0 0 0
0 235 0 0 0 0
0 236 0 0 0 0
0 237 0 0 0 0
0 238 0 0 0 0
0 239 0 0 0 0
0 240 0 0 0 0
0 241 0 0 0 0
0 242 0 0 0 0
0 243 0 0 0 0
0 244 0 0 0 0
0 245 0 0 0 0
0 246 0 0 0 0
0 247 0 0 0 0
0 248 0 0 0 0
0 249 0 0 0 0
0 250 0 0 0 0
0 251 0 0 0 0
0 252 0 0 0 0
0 253 0 0 0 0
0 254 0 0 0 0
0 255 0 0 0 0
0 256 0 0 0 0
0 257 0 0 0 0
0 258 0 0 0 0
0 259 0 0 0 0
0 260 0 0 0 0
0 261 0 0 0 0
0 262 0 0 0 0
0 263 0 0 0 0
0 264 0 0 0 0
0 265 0 0 0 0
0 266 0 0 0 0
0 267 0 0 0 0
0 268 0 0 0 0
0 269 0 0 0 0
0 270 0 0 0 0
0 271 0 0 0 0
0 272 0 0 0 0
0 273 0 0 0 0
0 274 0 0 0 0
0 275 0 0 0 0
0 276 0 0 0 0
0 277 0 0 0 0
0 278 0 0 0 0
0 279 0 0 0 0
0 280 0 0 0 0
0 281 0 0 0 0
0 282 0 0 0 0
0 283 0 0 0 0
0 284 0 0 0 0
0 285 0 0 0 0
0 286 0 0 0 0
0 287 0 0 0 0
0 288 0 0 0 0
0 289 0 0 0 0
0 290 0 0 0 0
0 291 0 0 0 0
0 292 0 0 0 0
0 293 0 0 0 0
0 294 0 0 0 0
0 295 0 0 0 0
0 296 0 0 0 0
0 297 0 0 0 0
0 298 0 0 0 0
0 299 0 0 0 0
0 300 0 0 0 0
0 301 0 0 0 0
0 302 0 0 0 0
0 303 0 0 0 0
0 304 0 0 0 0
0 305 0 0 0 0
0 306 0 0 0 0
0 307 0 0 0 0
0 308 0 0 0 0
0 309 0 0 0 0
0 310 0 0 0 0
0 311 0 0 0 0
0 312 0 0 0 0
0 313 0 0 0 0
0 314 0 0 0 0
0 315 0 0 0 0
0 316 0 0 0 0
0 317 0 0 0 0
0 318 0 0 0 0
0 319 0 0 0 0
0 320 0 0 0 0
0 321 0 0 0 0
0 322 0 0 0 0
0 323 0 0 0 0
0 324 0 0 0 0
0 325 0 0 0 0
0 326 0 0 0 0
0 327 0 0 0 0
0 328 0 0 0 0
0 329 0 0 0 0
0 330 0 0 0 0
0 331 0 0 0 0
0 332 0 0 0 0
0 333 0 0 0 0
0 334 0 0 0 0
0 335 0 0 0 0
0 336 0 0 0 0
0 337 0 0 0 0
0 338 0 0 0 0
0 339 0 0 0 0
0 340 0 0 0 0
0 341 0 0 0 0
0 342 0 0 0 0
0 343 0 0 0 0
0 344 0 0 0 0
0 345 0 0 0 0
0 346 0 0 0 0
0 347 0 0 0 0
0 348 0 0 0 0
0 349 0 0 0 0
0 350 0 0 0 0
0 351 0 0 0 0
0 352 0 0 0 0
0 353 0 0 0 0
0 354 0 0 0 0
0 355 0 0 0 0
0 356 0 0 0 0
0 357 0 0 0 0
0 358 0 0 0 0
0 359 0 0 0 0
0 360 0 0 0 0
0 361 0 0 0 0
0 362 0 0 0 0
0 363 0 0 0 0
0 364 0 0 0 0
0 365 0 0 0 0
0 366 0 0 0 0
0 367 0 0 0 0
0 368 0 0 0 0
0 369 0 0 0 0
0 370 0 0 0 0
0 371 0 0 0 0
0 372 0 0 0 0
0 373 0 0 0 0
0 374 0 0 0 0
0 375 0 0 0 0
0 376 0 0 0 0
0 377 0 0 0 0
0 378 0 0 0 0
0 379 0 0 0 0
0 380 0 0 0 0
0 381 0 0 0 0
0 382 0 0 0 0
0 383 0 0 0 0
0 384 0 0 0 0
0 385 0 0 0 0
0 386 0 0 0 0
0 387 0 0 0 0
0 388 0 0 0 0
0 389 0 0 0 0
0 390 0 0 0 0
0 391 0 0 0 0
0 392 0 0 0 0
0 393 0 0 0 0
0 394 0 0 0 0
0 395 0 0 0 0
0 396 0 0 0 0
0 397 0 0 0 0
0 398 0 0 0 0
0 399 0 0 0 0
0 400 0 0 0 0
0 401 0 0 0 0
0 402 0 0 0 0
0 403 0 0 0 0
0 404 0 0 0 0
0 405 0 0 0 0
0 406 0 0 0 0
0 407 0 0 0 0
0 408 0 0 0 0
0 409 0 0 0 0
0 410 0 0 0 0
0 411 0 0 0 0
0 412 0 0 0 0
0 413 0 0 0 0
0 414 0 0 0 0
0 415 0 0 0 0
0 416 0 0 0 0
0 417 0 0 0 0
0 418 0 0 0 0
0 419 0 0 0 0
0 420 0 0 0 0
0 421 0 0 0 0
0 422 0 0 0 0
0 423 0 0 0 0
0 424 0 0 0 0
0 425 0 0 0 0
0 426 0 0 0 0
0 427 0 0 0 0
0 428 0 0 0 0
0 429 0 0 0 0
0 430 0 0 0 0
0 431 0 0 0 0
0 432 0 0 0 0
0 433 0 0 0 0
0 434 0 0 0 0
0 435 0 0 0 0
0 436 0 0 0 0
0 437 0 0 0 0
0 438 0 0 0 0
0 439 0 0 0 0
0 440 0 0 0 0
0 441 0 0 0 0
0 442 0 0 0 0
0 443 0 0 0 0
0 444 0 0 0 0
0 445 0 0 0 0
0 446 0 0 0 0
0 447 0 0 0 0
0 448 0 0 0 0
0 449 0 0 0 0
0 450 0 0 0 0
0 451 0 0 0 0
0 452 0 0 0 0
0 453 0 0 0 0
0 454 0 0 0 0
0 455 0 0 0 0
0 456 0 0 0 0
0 457 0 0 0 0
0 458 0 0 0 0
0 459 0 0 0 0
0 460 0 0 0 0
0 461 0 0 0 0
0 462 0 0 0 0
0 463 0 0 0 0
0 464 0 0 0 0
0 465 0 0 0 0
0 466 0 0 0 0
0 467 0 0 0 0
0 468 0 0 0 0
0 469 0 0 0 0
0 470 0 0 0 0
0 471 0 0 0 0
0 472 0 0 0 0
0 473 0 0 0 0
0 474 0 0 0 0
0 475 0 0 0 0
0 476 0 0 0 0
0 477 0 0 0 0
0 478 0 0 0 0
0 479 0 0 0 0
0 480 0 0 0 0
0 481 0 0 0 0
0 482 0 0 0 0
0 483 0 0 0 0
0 484 0 0 0 0
0 485 0 0 0 0
0 486 0 0 0 0
0 487 0 0 0 0
0 488 0 0 0 0
0 489 0 0 0 0
0 490 0 0 0 0
0 491 0 0 0 0
0 492 0 0 0 0
0 493 0 0 0 0
0 494 0 0 0 0
0 495 0 0 0 0
0 496 0 0 0 0
0 497 0 0 0 0
0 498 0 0 0 0
0 499 0 0 0 0
0 500 0 0 0 0
0 501 0 0 0 0
0 502 0 0 0 0
0 503 0 0 0 0
0 504 0 0 0 0
0 505 0 0 0 0
0 506 0 0 0 0
0 507 0 0 0 0
0 508 0 0 0 0
0 509 0 0 0 0
0 510 0 0 0 0
0 511 0 0 0 0
1 0 0 0 0 0
1 1 224 224 224 0
1 2 -336 -336 -336 0
1 3 0 0 0 0
1 4 0 0 0 0
1 5 2080 2080 365 1
1 6 -960 -960 -960 0
1 7 0 0 0 0
1 8 0 0 0 0
1 9 1072 1072 1072 0
1 10 80 80 80 0
1 11 0 0 0 0
1 12 0 0 0 0
1 13 -16 -16 -16 0
1 14 384 384 384 0
1 15 0 0 0 0
1 16 0 0 0 0
1 17 560 560 560 0
1 18 1264 1264 1264 0
1 19 0 0 0 0
1 20 0 0 0 0
1 21 -928 -928 -928 0
1 22 1280 1280 1280 0
1 23 0 0 0 0
1 24 0 0 0 0
1 25 880 880 880 0
1 26 720 720 720 0
1 27 0 0 0 0
1 28 0 0 0 0
1 29 688 688 688 0
1 30 -272 -272 -272 0
1 31 0 0 0 0
1 32 0 0 0 0
1 33 656 656 656 0
1 34 -208 -208 -208 0
1 35 0 0 0 0
1 36 0 0 0 0
1 37 1024 1024 1024 0
1 38 1184 1184 1184 0
1 39 0 0 0 0
1 40 0 0 0 0
1 41 192 192 192 0
1 42 -1312 -1312 -1312 0
1 43 0 0 0 0
1 44 0 0 0 0
1 45 -352 -352 -352 0
1 46 -16 -16 -16 0
1 47 0 0 0 0
1 48 0 0 0 0
1 49 816 816 816 0
1 50 -544 -544 -544 0
1 51 0 0 0 0
1 52 0 0 0 0
1 53 1056 1056 1056 0
1 54 3184 3184 1469 1
1 55 0 0 0 0
1 56 0 0 0 0
1 57 1216 1216 1216 0
1 58 3408 3408 1693 1
1 59 0 0 0 0
1 60 0 0 0 0
1 61 832 832 832 0
1 62 2400 2400 685 1
1 63 0 0 0 0
1 64 0 0 0 0
1 65 -704 -704 -704 0
1 66 560 560 560 0
1 67 0 0 0 0
1 68 0 0 0 0
1 69 2544 2544 829 1
1 70 800 800 800 0
1 71 0 0 0 0
1 72 0 0 0 0
1 73 3376 3376 1661 1
1 74 1968 1968 253 1
1 75 0 0 0 0
1 76 0 0 0 0
1 77 704 704 704 0
1 78 1472 1472 1472 0
1 79 0 0 0 0
1 80 0 0 0 0
1 81 -448 -448 -448 0
1 82 -1296 -1296 -1296 0
1 83 0 0 0 0
1 84 0 0 0 0
1 85 -1120 -1120 -1120 0
1 86 2000 2000 285 1
1 87 0 0 0 0
1 88 0 0 0 0
1 89 1968 1968 253 1
1 90 3792 3792 2077 1
1 91 0 0 0 0
1 92 0 0 0 0
1 93 688 688 688 0
1 94 1488 1488 1488 0
1 95 0 0 0 0
1 96 0 0 0 0
1 97 256 256 256 0
1 98 544 544 544 0
1 99 0 0 0 0
1 100 0 0 0 0
1 101 1664 1664 1664 0
1 102 96 96 96 0
1 103 0 0 0 0
1 104 0 0 0 0
1 105 -80 -80 -80 0
1 106 1776 1776 61 1
1 107 0 0 0 0
1 108 0 0 0 0
1 109 304 304 304 0
1 110 2112 2112 397 1
1 111 0 0 0 0
1 112 0 0 0 0
1 113 -224 -224 -224 0
1 114 1232 1232 1232 0
1 115 0 0 0 0
1 116 0 0 0 0
1 117 1424 1424 1424 0
1 118 256 256 256 0
1 119 0 0 0 0
1 120 0 0 0 0
1 121 1376 1376 1376 0
1 122 32 32 32 0
1 123 0 0 0 0
1 124 0 0 0 0
1 125 848 848 848 0
1 126 672 672 672 0
1 127 0 0 0 0
1 128 0 0 0 0
1 129 288 288 288 0
1 130 -1248 -1248 -1248 0
1 131 0 0 0 0
1 132 0 0 0 0
1 133 1488 1488 1488 0
1 134 1680 1680 1680 0
1 135 0 0 0 0
1 136 0 0 0 0
1 137 2208 2208 493 1
1 138 3376 3376 1661 1
1 139 0 0 0 0
1 140 0 0 0 0
1 141 464 464 464 0
1 142 1264 1264 1264 0
1 143 0 0 0 0
1 144 0 0 0 0
1 145 624 624 624 0
1 146 1328 1328 1328 0
1 147 0 0 0 0
1 148 0 0 0 0
1 149 2000 2000 285 1
1 150 1792 1792 77 1
1 151 0 0 0 0
1 152 0 0 0 0
1 153 -880 -880 -880 0
1 154 1376 1376 1376 0
1 155 0 0 0 0
1 156 0 0 0 0
1 157 -224 -224 -224 0
1 158 -448 -448 -448 0
1 159 0 0 0 0
1 160 0 0 0 0
1 161 -320 -320 -320 0
1 162 -464 -464 -464 0
1 163 0 0 0 0
1 164 0 0 0 0
1 165 2320 2320 605 1
1 166 768 768 768 0
1 167 0 0 0 0
1 168 0 0 0 0
1 169 3584 3584 1869 1
1 170 1008 1008 1008 0
1 171 0 0 0 0
1 172 0 0 0 0
1 173 240 240 240 0
1 174 144 144 144 0
1 175 0 0 0 0
1 176 0 0 0 0
1 177 1008 1008 1008 0
1 178 -80 -80 -80 0
1 179 0 0 0 0
1 180 0 0 0 0
1 181 160 160 160 0
1 182 1008 1008 1008 0
1 183 0 0 0 0
1 184 0 0 0 0
1 185 384 384 384 0
1 186 1616 1616 1616 0
1 187 0 0 0 0
1 188 0 0 0 0
1 189 544 544 544 0
1 190 576 576 576 0
1 191 0 0 0 0
1 192 0 0 0 0
1 193 -384 -384 -384 0
1 194 -368 -368 -368 0
1 195 0 0 0 0
1 196 0 0 0 0
1 197 -272 -272 -272 0
1 198 1712 1712 1712 0
1 199 0 0 0 0
1 200 0 0 0 0
1 201 560 560 560 0
1 202 2480 2480 765 1
1 203 0 0 0 0
1 204 0 0 0 0
1 205 448 448 448 0
1 206 -496 -496 -496 0
1 207 0 0 0 0
1 208 0 0 0 0
1 209 832 832 832 0
1 210 720 720 720 0
1 211 0 0 0 0
1 212 0 0 0 0
1 213 944 944 944 0
1 214 1088 1088 1088 0
1 215 0 0 0 0
1 216 0 0 0 0
1 217 2512 2512 797 1
1 218 -1184 -1184 -1184 0
1 219 0 0 0 0
1 220 0 0 0 0
1 221 -16 -16 -16 0
1 222 512 512 512 0
1 223 0 0 0 0
1 224 0 0 0 0
1 225 -1344 -1344 -1344 0
1 226 816 816 816 0
1 227 0 0 0 0
1 228 0 0 0 0
1 229 1152 1152 1152 0
1 230 -224 -224 -224 0
1 231 0 0 0 0
1 232 0 0 0 0
1 233 256 256 256 0
1 234 320 320 320 0
1 235 0 0 0 0
1 236 0 0 0 0
1 237 208 208 208 0
1 238 864 864 864 0
1 239 0 0 0 0
1 240 0 0 0 0
1 241 32 32 32 0
1 242 -144 -144 -144 0
1 243 0 0 0 0
1 244 0 0 0 0
1 245 1504 1504 1504 0
1 246 1424 1424 1424 0
1 247 0 0 0 0
1 248 0 0 0 0
1 249 -144 -144 -144 0
1 250 224 224 224 0
1 251 0 0 0 0
1 252 0 0 0 0
1 253 208 208 208 0
1 254 -336 -336 -336 0
1 255 0 0 0 0
1 256 0 0 0 0
1 257 -192 -192 -192 0
1 258 464 464 464 0
1 259 0 0 0 0
1 260 0 0 0 0
1 261 800 800 800 0
1 262 464 464 464 0
1 263 0 0 0 0
1 264 0 0 0 0
1 265 -736 -736 -736 0
1 266 2912 2912 1197 1
1 267 0 0 0 0
1 268 0 0 0 0
1 269 -192 -192 -192 0
1 270 528 528 528 0
1 271 0 0 0 0
1 272 0 0 0 0
1 273 64 64 64 0
1 274 -320 -320 -320 0
1 275 0 0 0 0
1 276 0 0 0 0
1 277 768 768 768 0
1 278 16 16 16 0
1 279 0 0 0 0
1 280 0 0 0 0
1 281 944 944 944 0
1 282 608 608 608 0
1 283 0 0 0 0
1 284 0 0 0 0
1 285 -208 -208 -208 0
1 286 1168 1168 1168 0
1 287 0 0 0 0
1 288 0 0 0 0
1 289 128 128 128 0
1 290 160 160 160 0
1 291 0 0 0 0
1 292 0 0 0 0
1 293 1984 1984 269 1
1 294 -816 -816 -816 0
1 295 0 0 0 0
1 296 0 0 0 0
1 297 -1808 -1808 -1808 0
1 298 912 912 912 0
1 299 0 0 0 0
1 300 0 0 0 0
1 301 -256 -256 -256 0
1 302 288 288 288 0
1 303 0 0 0 0
1 304 0 0 0 0
1 305 1024 1024 1024 0
1 306 1088 1088 1088 0
1 307 0 0 0 0
1 308 0 0 0 0
1 309 -192 -192 -192 0
1 310 2464 2464 749 1
1 311 0 0 0 0
1 312 0 0 0 0
1 313 -2176 -2176 -2176 0
1 314 2800 2800 1085 1
1 315 0 0 0 0
1 316 0 0 0 0
1 317 -176 -176 -176 0
1 318 736 736 736 0
1 319 0 0 0 0
1 320 0 0 0 0
1 321 352 352 352 0
1 322 -352 -352 -352 0
1 323 0 0 0 0
1 324 0 0 0 0
1 325 -288 -288 -288 0
1 326 -1280 -1280 -1280 0
1 327 0 0 0 0
1 328 0 0 0 0
1 329 1984 1984 269 1
1 330 -608 -608 -608 0
1 331 0 0 0 0
1 332 0 0 0 0
1 333 432 432 432 0
1 334 -384 -384 -384 0
1 335 0 0 0 0
1 336 0 0 0 0
1 337 -64 -64 -64 0
1 338 -192 -192 -192 0
1 339 0 0 0 0
1 340 0 0 0 0
1 341 -224 -224 -224 0
1 342 2912 2912 1197 1
1 343 0 0 0 0
1 344 0 0 0 0
1 345 -256 -256 -256 0
1 346 832 832 832 0
1 347 0 0 0 0
1 348 0 0 0 0
1 349 64 64 64 0
1 350 1504 1504 1504 0
1 351 0 0 0 0
1 352 0 0 0 0
1 353 112 112 112 0
1 354 768 768 768 0
1 355 0 0 0 0
1 356 0 0 0 0
1 357 1056 1056 1056 0
1 358 960 960 960 0
1 359 0 0 0 0
1 360 0 0 0 0
1 361 2992 2992 1277 1
1 362 2032 2032 317 1
1 363 0 0 0 0
1 364 0 0 0 0
1 365 320 320 320 0
1 366 1280 1280 1280 0
1 367 0 0 0 0
1 368 0 0 0 0
1 369 1184 1184 1184 0
1 370 1232 1232 1232 0
1 371 0 0 0 0
1 372 0 0 0 0
1 373 -784 -784 -784 0
1 374 2272 2272 557 1
1 375 0 0 0 0
1 376 0 0 0 0
1 377 -208 -208 -208 0
1 378 1472 1472 1472 0
1 379 0 0 0 0
1 380 0 0 0 0
1 381 -416 -416 -416 0
1 382 1088 1088 1088 0
1 383 0 0 0 0
1 384 0 0 0 0
1 385 352 352 352 0
1 386 -368 -368 -368 0
1 387 0 0 0 0
1 388 0 0 0 0
1 389 1584 1584 1584 0
1 390 2176 2176 461 1
1 391 0 0 0 0
1 392 0 0 0 0
1 393 -1216 -1216 -1216 0
1 394 3168 3168 1453 1
1 395 0 0 0 0
1 396 0 0 0 0
1 397 -208 -208 -208 0
1 398 1616 1616 1616 0
1 399 0 0 0 0
1 400 0 0 0 0
1 401 304 304 304 0
1 402 160 160 160 0
1 403 0 0 0 0
1 404 0 0 0 0
1 405 1072 1072 1072 0
1 406 1104 1104 1104 0
1 407 0 0 0 0
1 408 0 0 0 0
1 409 816 816 816 0
1 410 2960 2960 1245 1
1 411 0 0 0 0
1 412 0 0 0 0
1 413 704 704 704 0
1 414 1760 1760 45 1
1 415 0 0 0 0
1 416 0 0 0 0
1 417 464 464 464 0
1 418 768 768 768 0
1 419 0 0 0 0
1 420 0 0 0 0
1 421 -672 -672 -672 0
1 422 560 560 560 0
1 423 0 0 0 0
1 424 0 0 0 0
1 425 1968 1968 253 1
1 426 -1632 -1632 -1632 0
1 427 0 0 0 0
1 428 0 0 0 0
1 429 496 496 496 0
1 430 -720 -720 -720 0
1 431 0 0 0 0
1 432 0 0 0 0
1 433 656 656 656 0
1 434 192 192 192 0
1 435 0 0 0 0
1 436 0 0 0 0
1 437 768 768 768 0
1 438 1632 1632 1632 0
1 439 0 0 0 0
1 440 0 0 0 0
1 441 864 864 864 0
1 442 2912 2912 1197 1
1 443 0 0 0 0
1 444 0 0 0 0
1 445 -32 -32 -32 0
1 446 1168 1168 1168 0
1 447 0 0 0 0
1 448 0 0 0 0
1 449 -320 -320 -320 0
1 450 -1344 -1344 -1344 0
1 451 0 0 0 0
1 452 0 0 0 0
1 453 208 208 208 0
1 454 160 160 160 0
1 455 0 0 0 0
1 456 0 0 0 0
1 457 -272 -272 -272 0
1 458 3072 3072 1357 1
1 459 0 0 0 0
1 460 0 0 0 0
1 461 -336 -336 -336 0
1 462 1888 1888 173 1
1 463 0 0 0 0
1 464 0 0 0 0
1 465 624 624 624 0
1 466 -1056 -1056 -1056 0
1 467 0 0 0 0
1 468 0 0 0 0
1 469 2416 2416 701 1
1 470 3968 3968 2253 1
1 471 0 0 0 0
1 472 0 0 0 0
1 473 -416 -416 -416 0
1 474 4032 4032 2317 1
1 475 0 0 0 0
1 476 0 0 0 0
1 477 -544 -544 -544 0
1 478 736 736 736 0
1 479 0 0 0 0
1 480 0 0 0 0
1 481 640 640 640 0
1 482 640 640 640 0
1 483 0 0 0 0
1 484 0 0 0 0
1 485 -608 -608 -608 0
1 486 3024 3024 1309 1
1 487 0 0 0 0
1 488 0 0 0 0
1 489 -2752 -2752 -2752 0
1 490 3536 3536 1821 1
1 491 0 0 0 0
1 492 0 0 0 0
1 493 -512 -512 -512 0
1 494 608 608 608 0
1 495 0 0 0 0
1 496 0 0 0 0
1 497 208 208 208 0
1 498 -208 -208 -208 0
1 499 0 0 0 0
1 500 0 0 0 0
1 501 1264 1264 1264 0
1 502 2208 2208 493 1
1 503 0 0 0 0
1 504 0 0 0 0
1 505 800 800 800 0
1 506 1680 1680 1680 0
1 507 0 0 0 0
1 508 0 0 0 0
1 509 -144 -144 -144 0
1 510 528 528 528 0
1 511 0 0 0 0
2 0 0 0 0 0
2 1 192 416 416 0
2 2 528 192 192 0
2 3 0 0 0 0
2 4 0 0 0 0
2 5 560 925 925 0
2 6 1040 80 80 0
2 7 -496 -496 -496 0
2 8 0 0 0 0
2 9 -32 1040 1040 0
2 10 -560 -480 -480 0
2 11 -224 -224 -224 0
2 12 0 0 0 0
2 13 -640 -656 -656 0
2 14 2592 2976 1261 1
2 15 -208 -208 -208 0
2 16 0 0 0 0
2 17 672 1232 1232 0
2 18 944 2208 493 1
2 19 0 0 0 0
2 20 0 0 0 0
2 21 -1888 -2816 -2816 0
2 22 -1664 -384 -384 0
2 23 -400 -400 -400 0
2 24 0 0 0 0
2 25 1120 2000 285 1
2 26 48 768 768 0
2 27 544 544 544 0
2 28 0 0 0 0
2 29 -512 176 176 0
2 30 -752 -1024 -1024 0
2 31 -2000 -2000 -2000 0
2 32 0 0 0 0
2 33 -400 256 256 0
2 34 -368 -576 -576 0
2 35 0 0 0 0
2 36 0 0 0 0
2 37 976 2000 285 1
2 38 208 1392 1392 0
2 39 48 48 48 0
2 40 0 0 0 0
2 41 192 384 384 0
2 42 2672 1360 1360 0
2 43 32 32 32 0
2 44 0 0 0 0
2 45 -160 -512 -512 0
2 46 1136 1120 1120 0
2 47 -1136 -1136 -1136 0
2 48 0 0 0 0
2 49 -160 656 656 0
2 50 -416 -960 -960 0
2 51 0 0 0 0
2 52 0 0 0 0
2 53 2112 3168 1453 1
2 54 2544 4013 2298 1
2 55 560 560 560 0
2 56 0 0 0 0
2 57 720 1936 221 1
2 58 208 1901 186 1
2 59 240 240 240 0
2 60 0 0 0 0
2 61 416 1248 1248 0
2 62 1600 2285 570 1
2 63 2208 2208 493 1
2 64 0 0 0 0
2 65 160 -544 -544 0
2 66 96 656 656 0
2 67 0 0 0 0
2 68 0 0 0 0
2 69 1232 2061 346 1
2 70 768 1568 1568 0
2 71 688 688 688 0
2 72 0 0 0 0
2 73 544 2205 490 1
2 74 -2160 -1907 -1907 0
2 75 1200 1200 1200 0
2 76 0 0 0 0
2 77 400 1104 1104 0
2 78 2944 4416 2701 1
2 79 2512 2512 797 1
2 80 0 0 0 0
2 81 16 -432 -432 0
2 82 160 -1136 -1136 0
2 83 0 0 0 0
2 84 0 0 0 0
2 85 2736 1616 1616 0
2 86 1552 1837 122 1
2 87 -832 -832 -832 0
2 88 0 0 0 0
2 89 -16 237 237 0
2 90 1952 4029 2314 1
2 91 -1168 -1168 -1168 0
2 92 0 0 0 0
2 93 1360 2048 333 1
2 94 3328 4816 3101 1
2 95 -1968 -1968 -1968 0
2 96 0 0 0 0
2 97 -464 -208 -208 0
2 98 -800 -256 -256 0
2 99 0 0 0 0
2 100 0 0 0 0
2 101 -464 1200 1200 0
2 102 944 1040 1040 0
2 103 416 416 416 0
2 104 0 0 0 0
2 105 512 432 432 0
2 106 208 269 269 0
2 107 2752 2752 1037 1
2 108 0 0 0 0
2 109 -864 -560 -560 0
2 110 1808 2205 490 1
2 111 528 528 528 0
2 112 0 0 0 0
2 113 272 48 48 0
2 114 816 2048 333 1
2 115 0 0 0 0
2 116 0 0 0 0
2 117 1840 3264 1549 1
2 118 2992 3248 1533 1
2 119 -224 -224 -224 0
2 120 0 0 0 0
2 121 80 1456 1456 0
2 122 -240 -208 -208 0
2 123 2016 2016 301 1
2 124 0 0 0 0
2 125 1056 1904 189 1
2 126 3808 4480 2765 1
2 127 1024 1024 1024 0
2 128 0 0 0 0
2 129 336 624 624 0
2 130 48 -1200 -1200 0
2 131 0 0 0 0
2 132 0 0 0 0
2 133 1696 3184 1469 1
2 134 1152 2832 1117 1
2 135 -672 -672 -672 0
2 136 0 0 0 0
2 137 352 845 845 0
2 138 2400 4061 2346 1
2 139 -1280 -1280 -1280 0
2 140 0 0 0 0
2 141 176 640 640 0
2 142 1072 2336 621 1
2 143 256 256 256 0
2 144 0 0 0 0
2 145 944 1568 1568 0
2 146 496 1824 109 1
2 147 0 0 0 0
2 148 0 0 0 0
2 149 -1152 -867 -867 0
2 150 2352 2429 714 1
2 151 704 704 704 0
2 152 0 0 0 0
2 153 560 -320 -320 0
2 154 1760 3136 1421 1
2 155 2704 2704 989 1
2 156 0 0 0 0
2 157 -464 -688 -688 0
2 158 -2096 -2544 -2544 0
2 159 720 720 720 0
2 160 0 0 0 0
2 161 -224 -544 -544 0
2 162 -880 -1344 -1344 0
2 163 0 0 0 0
2 164 0 0 0 0
2 165 1296 1901 186 1
2 166 1440 2208 493 1
2 167 -176 -176 -176 0
2 168 0 0 0 0
2 169 1040 2909 1194 1
2 170 1280 2288 573 1
2 171 -48 -48 -48 0
2 172 0 0 0 0
2 173 -80 160 160 0
2 174 800 944 944 0
2 175 976 976 976 0
2 176 0 0 0 0
2 177 -496 512 512 0
2 178 -400 -480 -480 0
2 179 0 0 0 0
2 180 0 0 0 0
2 181 2304 2464 749 1
2 182 0 1008 1008 0
2 183 272 272 272 0
2 184 0 0 0 0
2 185 16 400 400 0
2 186 1952 3568 1853 1
2 187 1168 1168 1168 0
2 188 0 0 0 0
2 189 608 1152 1152 0
2 190 3040 3616 1901 1
2 191 1728 1728 13 1
2 192 0 0 0 0
2 193 -336 -720 -720 0
2 194 -256 -624 -624 0
2 195 0 0 0 0
2 196 0 0 0 0
2 197 -976 -1248 -1248 0
2 198 2864 4576 2861 1
2 199 -352 -352 -352 0
2 200 0 0 0 0
2 201 336 896 896 0
2 202 -496 269 269 0
2 203 -1136 -1136 -1136 0
2 204 0 0 0 0
2 205 -400 48 48 0
2 206 1616 1120 1120 0
2 207 736 736 736 0
2 208 0 0 0 0
2 209 752 1584 1584 0
2 210 1120 1840 125 1
2 211 0 0 0 0
2 212 0 0 0 0
2 213 3648 4592 2877 1
2 214 -496 592 592 0
2 215 -288 -288 -288 0
2 216 0 0 0 0
2 217 -720 77 77 0
2 218 1680 496 496 0
2 219 1056 1056 1056 0
2 220 0 0 0 0
2 221 320 304 304 0
2 222 672 1184 1184 0
2 223 1536 1536 1536 0
2 224 0 0 0 0
2 225 -784 -2128 -2128 0
2 226 -736 80 80 0
2 227 0 0 0 0
2 228 0 0 0 0
2 229 48 1200 1200 0
2 230 848 624 624 0
2 231 0 0 0 0
2 232 0 0 0 0
2 233 -480 -224 -224 0
2 234 2512 2832 1117 1
2 235 608 608 608 0
2 236 0 0 0 0
2 237 -1120 -912 -912 0
2 238 528 1392 1392 0
2 239 576 576 576 0
2 240 0 0 0 0
2 241 64 96 96 0
2 242 272 128 128 0
2 243 0 0 0 0
2 244 0 0 0 0
2 245 2768 4272 2557 1
2 246 2160 3584 1869 1
2 247 128 128 128 0
2 248 0 0 0 0
2 249 -272 -416 -416 0
2 250 1136 1360 1360 0
2 251 1136 1136 1136 0
2 252 0 0 0 0
2 253 -16 192 192 0
2 254 496 160 160 0
2 255 272 272 272 0
2 256 0 0 0 0
2 257 352 160 160 0
2 258 944 1408 1408 0
2 259 0 0 0 0
2 260 0 0 0 0
2 261 -320 480 480 0
2 262 -496 -32 -32 0
2 263 48 48 48 0
2 264 0 0 0 0
2 265 -736 -1472 -1472 0
2 266 -800 397 397 0
2 267 -1264 -1264 -1264 0
2 268 0 0 0 0
2 269 -320 -512 -512 0
2 270 3760 4288 2573 1
2 271 2944 2944 1229 1
2 272 0 0 0 0
2 273 -544 -480 -480 0
2 274 -432 -752 -752 0
2 275 0 0 0 0
2 276 0 0 0 0
2 277 3008 3776 2061 1
2 278 1440 1456 1456 0
2 279 592 592 592 0
2 280 0 0 0 0
2 281 -592 352 352 0
2 282 2720 3328 1613 1
2 283 -320 -320 -320 0
2 284 0 0 0 0
2 285 112 -96 -96 0
2 286 2400 3568 1853 1
2 287 1904 1904 189 1
2 288 0 0 0 0
2 289 720 848 848 0
2 290 224 384 384 0
2 291 0 0 0 0
2 292 0 0 0 0
2 293 -2160 -1891 -1891 0
2 294 -96 -912 -912 0
2 295 864 864 864 0
2 296 0 0 0 0
2 297 544 -1264 -1264 0
2 298 448 1360 1360 0
2 299 1728 1728 13 1
2 300 0 0 0 0
2 301 -1920 -2176 -2176 0
2 302 -1328 -1040 -1040 0
2 303 160 160 160 0
2 304 0 0 0 0
2 305 544 1568 1568 0
2 306 1344 2432 717 1
2 307 0 0 0 0
2 308 0 0 0 0
2 309 1184 992 992 0
2 310 2160 2909 1194 1
2 311 80 80 80 0
2 312 0 0 0 0
2 313 -528 -2704 -2704 0
2 314 512 1597 1597 0
2 315 1056 1056 1056 0
2 316 0 0 0 0
2 317 352 176 176 0
2 318 384 1120 1120 0
2 319 1328 1328 1328 0
2 320 0 0 0 0
2 321 320 672 672 0
2 322 816 464 464 0
2 323 0 0 0 0
2 324 0 0 0 0
2 325 1376 1088 1088 0
2 326 720 -560 -560 0
2 327 560 560 560 0
2 328 0 0 0 0
2 329 208 477 477 0
2 330 -1360 -1968 -1968 0
2 331 1872 1872 157 1
2 332 0 0 0 0
2 333 1424 1856 141 1
2 334 3296 2912 1197 1
2 335 -64 -64 -64 0
2 336 0 0 0 0
2 337 -688 -752 -752 0
2 338 -96 -288 -288 0
2 339 0 0 0 0
2 340 0 0 0 0
2 341 2672 2448 733 1
2 342 176 1373 1373 0
2 343 336 336 336 0
2 344 0 0 0 0
2 345 128 -128 -128 0
2 346 2944 3776 2061 1
2 347 -1408 -1408 -1408 0
2 348 0 0 0 0
2 349 -144 -80 -80 0
2 350 6240 7744 6029 1
2 351 2448 2448 733 1
2 352 0 0 0 0
2 353 288 400 400 0
2 354 272 1040 1040 0
2 355 0 0 0 0
2 356 0 0 0 0
2 357 1760 2816 1101 1
2 358 464 1424 1424 0
2 359 -128 -128 -128 0
2 360 0 0 0 0
2 361 592 1869 154 1
2 362 3040 3357 1642 1
2 363 -256 -256 -256 0
2 364 0 0 0 0
2 365 2016 2336 621 1
2 366 2976 4256 2541 1
2 367 -1312 -1312 -1312 0
2 368 0 0 0 0
2 369 1168 2352 637 1
2 370 1952 3184 1469 1
2 371 0 0 0 0
2 372 0 0 0 0
2 373 1088 304 304 0
2 374 -800 -243 -243 0
2 375 1120 1120 1120 0
2 376 0 0 0 0
2 377 -544 -752 -752 0
2 378 1696 3168 1453 1
2 379 1408 1408 1408 0
2 380 0 0 0 0
2 381 544 128 128 0
2 382 3376 4464 2749 1
2 383 2880 2880 1165 1
2 384 0 0 0 0
2 385 240 592 592 0
2 386 864 496 496 0
2 387 0 0 0 0
2 388 0 0 0 0
2 389 1856 3440 1725 1
2 390 1248 1709 1709 0
2 391 -704 -704 -704 0
2 392 0 0 0 0
2 393 496 -720 -720 0
2 394 3520 4973 3258 1
2 395 -320 -320 -320 0
2 396 0 0 0 0
2 397 -32 -240 -240 0
2 398 4016 5632 3917 1
2 399 -1072 -1072 -1072 0
2 400 0 0 0 0
2 401 -128 176 176 0
2 402 224 384 384 0
2 403 0 0 0 0
2 404 0 0 0 0
2 405 2736 3808 2093 1
2 406 1808 2912 1197 1
2 407 224 224 224 0
2 408 0 0 0 0
2 409 528 1344 1344 0
2 410 -672 573 573 0
2 411 544 544 544 0
2 412 0 0 0 0
2 413 1056 1760 45 1
2 414 3152 3197 1482 1
2 415 1808 1808 93 1
2 416 0 0 0 0
2 417 432 896 896 0
2 418 400 1168 1168 0
2 419 0 0 0 0
2 420 0 0 0 0
2 421 -1616 -2288 -2288 0
2 422 -448 112 112 0
2 423 -80 -80 -80 0
2 424 0 0 0 0
2 425 -816 -563 -563 0
2 426 1632 0 0 0
2 427 1008 1008 1008 0
2 428 0 0 0 0
2 429 -992 -496 -496 0
2 430 -1888 -2608 -2608 0
2 431 -1376 -1376 -1376 0
2 432 0 0 0 0
2 433 96 752 752 0
2 434 768 960 960 0
2 435 0 0 0 0
2 436 0 0 0 0
2 437 2416 3184 1469 1
2 438 1136 2768 1053 1
2 439 -384 -384 -384 0
2 440 0 0 0 0
2 441 0 864 864 0
2 442 128 1325 1325 0
2 443 1472 1472 1472 0
2 444 0 0 0 0
2 445 464 432 432 0
2 446 3616 4784 3069 1
2 447 -288 -288 -288 0
2 448 0 0 0 0
2 449 -208 -528 -528 0
2 450 -960 -2304 -2304 0
2 451 0 0 0 0
2 452 0 0 0 0
2 453 4112 4320 2605 1
2 454 2208 2368 653 1
2 455 128 128 128 0
2 456 0 0 0 0
2 457 -864 -1136 -1136 0
2 458 992 2349 634 1
2 459 32 32 32 0
2 460 0 0 0 0
2 461 272 -64 -64 0
2 462 2048 2221 506 1
2 463 752 752 752 0
2 464 0 0 0 0
2 465 16 640 640 0
2 466 64 -992 -992 0
2 467 0 0 0 0
2 468 0 0 0 0
2 469 2224 2925 1210 1
2 470 2400 4653 2938 1
2 471 -144 -144 -144 0
2 472 0 0 0 0
2 473 -768 -1184 -1184 0
2 474 3792 6109 4394 1
2 475 -32 -32 -32 0
2 476 0 0 0 0
2 477 -672 -1216 -1216 0
2 478 1680 2416 701 1
2 479 1376 1376 1376 0
2 480 0 0 0 0
2 481 912 1552 1552 0
2 482 896 1536 1536 0
2 483 0 0 0 0
2 484 0 0 0 0
2 485 -1616 -2224 -2224 0
2 486 2944 4253 2538 1
2 487 0 0 0 0
2 488 0 0 0 0
2 489 -240 -2992 -2992 0
2 490 2032 3853 2138 1
2 491 2672 2672 957 1
2 492 0 0 0 0
2 493 -224 -736 -736 0
2 494 -512 96 96 0
2 495 576 576 576 0
2 496 0 0 0 0
2 497 -288 -80 -80 0
2 498 -448 -656 -656 0
2 499 0 0 0 0
2 500 0 0 0 0
2 501 1712 2976 1261 1
2 502 896 1389 1389 0
2 503 448 448 448 0
2 504 0 0 0 0
2 505 -432 368 368 0
2 506 1376 3056 1341 1
2 507 560 560 560 0
2 508 0 0 0 0
2 509 480 336 336 0
2 510 2128 2656 941 1
2 511 1072 1072 1072 0
3 0 0 0 0 0
3 1 -480 -64 -64 0
3 2 -560 -368 -368 0
3 3 -848 -848 -848 0
3 4 0 0 0 0
3 5 -144 781 781 0
3 6 2672 2752 1037 1
3 7 -304 -800 -800 0
3 8 0 0 0 0
3 9 0 1040 1040 0
3 10 0 -480 -480 0
3 11 0 -224 -224 0
3 12 0 0 0 0
3 13 512 -144 -144 0
3 14 2704 3965 2250 1
3 15 -624 -832 -832 0
3 16 0 0 0 0
3 17 -176 1056 1056 0
3 18 2448 2941 1226 1
3 19 1344 1344 1344 0
3 20 0 0 0 0
3 21 928 -1888 -1888 0
3 22 -688 -1072 -1072 0
3 23 -1184 -1584 -1584 0
3 24 0 0 0 0
3 25 0 285 285 0
3 26 0 768 768 0
3 27 0 544 544 0
3 28 0 0 0 0
3 29 528 704 704 0
3 30 -816 -1840 -1840 0
3 31 576 -1424 -1424 0
3 32 0 0 0 0
3 33 192 448 448 0
3 34 2752 2176 461 1
3 35 -368 -368 -368 0
3 36 0 0 0 0
3 37 144 429 429 0
3 38 160 1552 1552 0
3 39 -1152 -1104 -1104 0
3 40 0 0 0 0
3 41 0 384 384 0
3 42 0 1360 1360 0
3 43 0 32 32 0
3 44 0 0 0 0
3 45 -304 -816 -816 0
3 46 928 2048 333 1
3 47 -64 -1200 -1200 0
3 48 0 0 0 0
3 49 -784 -128 -128 0
3 50 144 -816 -816 0
3 51 -208 -208 -208 0
3 52 0 0 0 0
3 53 -336 1117 1117 0
3 54 192 2490 775 1
3 55 2624 3184 1469 1
3 56 0 0 0 0
3 57 0 221 221 0
3 58 0 186 186 0
3 59 0 240 240 0
3 60 0 0 0 0
3 61 64 1312 1312 0
3 62 1904 2474 759 1
3 63 1280 1773 58 1
3 64 0 0 0 0
3 65 -592 -1136 -1136 0
3 66 1152 1808 93 1
3 67 -32 -32 -32 0
3 68 0 0 0 0
3 69 -352 -6 -6 0
3 70 1104 2672 957 1
3 71 1600 2288 573 1
3 72 0 0 0 0
3 73 0 490 490 0
3 74 0 -1907 -1907 0
3 75 0 1200 1200 0
3 76 0 0 0 0
3 77 -272 832 832 0
3 78 3424 6125 4410 1
3 79 -288 509 509 0
3 80 0 0 0 0
3 81 -176 -608 -608 0
3 82 -1152 -2288 -2288 0
3 83 288 288 288 0
3 84 0 0 0 0
3 85 560 2176 461 1
3 86 304 426 426 0
3 87 -528 -1360 -1360 0
3 88 0 0 0 0
3 89 0 237 237 0
3 90 0 2314 599 1
3 91 0 -1168 -1168 0
3 92 0 0 0 0
3 93 2480 2813 1098 1
3 94 -464 2637 922 1
3 95 352 -1616 -1616 0
3 96 0 0 0 0
3 97 -32 -240 -240 0
3 98 3072 2816 1101 1
3 99 -240 -240 -240 0
3 100 0 0 0 0
3 101 336 1536 1536 0
3 102 800 1840 125 1
3 103 1440 1856 141 1
3 104 0 0 0 0
3 105 0 432 432 0
3 106 0 269 269 0
3 107 0 1037 1037 0
3 108 0 0 0 0
3 109 480 -80 -80 0
3 110 -96 394 394 0
3 111 -432 96 96 0
3 112 0 0 0 0
3 113 368 416 416 0
3 114 1488 1821 106 1
3 115 384 384 384 0
3 116 0 0 0 0
3 117 -128 1421 1421 0
3 118 864 2397 682 1
3 119 704 480 480 0
3 120 0 0 0 0
3 121 0 1456 1456 0
3 122 0 -208 -208 0
3 123 0 301 301 0
3 124 0 0 0 0
3 125 992 1181 1181 0
3 126 816 3581 1866 1
3 127 512 1536 1536 0
3 128 0 0 0 0
3 129 688 1312 1312 0
3 130 -496 -1696 -1696 0
3 131 304 304 304 0
3 132 0 0 0 0
3 133 32 1501 1501 0
3 134 1120 2237 522 1
3 135 1504 832 832 0
3 136 0 0 0 0
3 137 0 845 845 0
3 138 0 2346 631 1
3 139 0 -1280 -1280 0
3 140 0 0 0 0
3 141 1184 1824 109 1
3 142 1776 2397 682 1
3 143 1728 1984 269 1
3 144 0 0 0 0
3 145 -464 1104 1104 0
3 146 2496 2605 890 1
3 147 912 912 912 0
3 148 0 0 0 0
3 149 96 -771 -771 0
3 150 1056 1770 55 1
3 151 1328 2032 317 1
3 152 0 0 0 0
3 153 0 -320 -320 0
3 154 0 1421 1421 0
3 155 0 989 989 0
3 156 0 0 0 0
3 157 96 -592 -592 0
3 158 -336 -2880 -2880 0
3 159 416 1136 1136 0
3 160 0 0 0 0
3 161 -816 -1360 -1360 0
3 162 -112 -1456 -1456 0
3 163 -784 -784 -784 0
3 164 0 0 0 0
3 165 672 858 858 0
3 166 3024 3517 1802 1
3 167 480 304 304 0
3 168 0 0 0 0
3 169 0 1194 1194 0
3 170 0 573 573 0
3 171 0 -48 -48 0
3 172 0 0 0 0
3 173 -80 80 80 0
3 174 2160 3104 1389 1
3 175 -528 448 448 0
3 176 0 0 0 0
3 177 464 976 976 0
3 178 1632 1152 1152 0
3 179 112 112 112 0
3 180 0 0 0 0
3 181 112 861 861 0
3 182 -128 880 880 0
3 183 1968 2240 525 1
3 184 0 0 0 0
3 185 0 400 400 0
3 186 0 1853 138 1
3 187 0 1168 1168 0
3 188 0 0 0 0
3 189 1968 3120 1405 1
3 190 1376 3277 1562 1
3 191 1088 1101 1101 0
3 192 0 0 0 0
3 193 -736 -1456 -1456 0
3 194 -288 -912 -912 0
3 195 -608 -608 -608 0
3 196 0 0 0 0
3 197 -304 -1552 -1552 0
3 198 912 3773 2058 1
3 199 1216 864 864 0
3 200 0 0 0 0
3 201 0 896 896 0
3 202 0 269 269 0
3 203 0 -1136 -1136 0
3 204 0 0 0 0
3 205 944 992 992 0
3 206 80 1200 1200 0
3 207 1104 1840 125 1
3 208 0 0 0 0
3 209 112 1696 1696 0
3 210 3312 3437 1722 1
3 211 656 656 656 0
3 212 0 0 0 0
3 213 -64 2813 1098 1
3 214 1472 2064 349 1
3 215 1056 768 768 0
3 216 0 0 0 0
3 217 0 77 77 0
3 218 0 496 496 0
3 219 0 1056 1056 0
3 220 0 0 0 0
3 221 -352 -48 -48 0
3 222 1440 2624 909 1
3 223 1024 2560 845 1
3 224 0 0 0 0
3 225 928 -1200 -1200 0
3 226 1776 1856 141 1
3 227 -272 -272 -272 0
3 228 0 0 0 0
3 229 -384 816 816 0
3 230 2032 2656 941 1
3 231 -272 -272 -272 0
3 232 0 0 0 0
3 233 0 -224 -224 0
3 234 0 1117 1117 0
3 235 0 608 608 0
3 236 0 0 0 0
3 237 400 -512 -512 0
3 238 -448 944 944 0
3 239 -1408 -832 -832 0
3 240 0 0 0 0
3 241 912 1008 1008 0
3 242 3024 3152 1437 1
3 243 -416 -416 -416 0
3 244 0 0 0 0
3 245 304 2861 1146 1
3 246 -336 1533 1533 0
3 247 1168 1296 1296 0
3 248 0 0 0 0
3 249 0 -416 -416 0
3 250 0 1360 1360 0
3 251 0 1136 1136 0
3 252 0 0 0 0
3 253 1024 1216 1216 0
3 254 48 208 208 0
3 255 -256 16 16 0
3 256 0 0 0 0
3 257 -160 0 0 0
3 258 -1856 -448 -448 0
3 259 736 736 736 0
3 260 0 0 0 0
3 261 304 784 784 0
3 262 928 896 896 0
3 263 1504 1552 1552 0
3 264 0 0 0 0
3 265 0 -1472 -1472 0
3 266 0 397 397 0
3 267 0 -1264 -1264 0
3 268 0 0 0 0
3 269 336 -176 -176 0
3 270 736 3309 1594 1
3 271 -32 1197 1197 0
3 272 0 0 0 0
3 273 928 448 448 0
3 274 784 32 32 0
3 275 -768 -768 -768 0
3 276 0 0 0 0
3 277 -80 1981 266 1
3 278 944 2400 685 1
3 279 1280 1872 157 1
3 280 0 0 0 0
3 281 0 352 352 0
3 282 0 1613 1613 0
3 283 0 -320 -320 0
3 284 0 0 0 0
3 285 480 384 384 0
3 286 1632 3485 1770 1
3 287 -528 -339 -339 0
3 288 0 0 0 0
3 289 1296 2144 429 1
3 290 3312 3696 1981 1
3 291 -224 -224 -224 0
3 292 0 0 0 0
3 293 -176 -2067 -2067 0
3 294 464 -448 -448 0
3 295 128 992 992 0
3 296 0 0 0 0
3 297 0 -1264 -1264 0
3 298 0 1360 1360 0
3 299 0 13 13 0
3 300 0 0 0 0
3 301 272 -1904 -1904 0
3 302 1024 -16 -16 0
3 303 -496 -336 -336 0
3 304 0 0 0 0
3 305 672 2240 525 1
3 306 1024 1741 26 1
3 307 928 928 928 0
3 308 0 0 0 0
3 309 400 1392 1392 0
3 310 -320 874 874 0
3 311 1472 1552 1552 0
3 312 0 0 0 0
3 313 0 -2704 -2704 0
3 314 0 1597 1597 0
3 315 0 1056 1056 0
3 316 0 0 0 0
3 317 -192 -16 -16 0
3 318 -1264 -144 -144 0
3 319 624 1952 237 1
3 320 0 0 0 0
3 321 -672 0 0 0
3 322 1760 2224 509 1
3 323 -624 -624 -624 0
3 324 0 0 0 0
3 325 -304 784 784 0
3 326 1504 944 944 0
3 327 -192 368 368 0
3 328 0 0 0 0
3 329 0 477 477 0
3 330 0 -1968 -1968 0
3 331 0 157 157 0
3 332 0 0 0 0
3 333 1216 1357 1357 0
3 334 240 1437 1437 0
3 335 -272 -336 -336 0
3 336 0 0 0 0
3 337 1456 704 704 0
3 338 32 -256 -256 0
3 339 -352 -352 -352 0
3 340 0 0 0 0
3 341 0 733 733 0
3 342 848 2221 506 1
3 343 16 352 352 0
3 344 0 0 0 0
3 345 0 -128 -128 0
3 346 0 2061 346 1
3 347 0 -1408 -1408 0
3 348 0 0 0 0
3 349 992 912 912 0
3 350 1232 7261 5546 1
3 351 112 845 845 0
3 352 0 0 0 0
3 353 144 544 544 0
3 354 -32 1008 1008 0
3 355 1088 1088 1088 0
3 356 0 0 0 0
3 357 480 1581 1581 0
3 358 928 2352 637 1
3 359 -800 -928 -928 0
3 360 0 0 0 0
3 361 0 154 154 0
3 362 0 1642 1642 0
3 363 0 -256 -256 0
3 364 0 0 0 0
3 365 800 1421 1421 0
3 366 848 3389 1674 1
3 367 720 -592 -592 0
3 368 0 0 0 0
3 369 256 893 893 0
3 370 -1248 221 221 0
3 371 992 992 992 0
3 372 0 0 0 0
3 373 96 400 400 0
3 374 464 221 221 0
3 375 1888 3008 1293 1
3 376 0 0 0 0
3 377 0 -752 -752 0
3 378 0 1453 1453 0
3 379 0 1408 1408 0
3 380 0 0 0 0
3 381 -496 -368 -368 0
3 382 864 3613 1898 1
3 383 1072 2237 522 1
3 384 0 0 0 0
3 385 1776 2368 653 1
3 386 240 736 736 0
3 387 464 464 464 0
3 388 0 0 0 0
3 389 -16 1709 1709 0
3 390 1136 2845 1130 1
3 391 464 -240 -240 0
3 392 0 0 0 0
3 393 0 -720 -720 0
3 394 0 3258 1543 1
3 395 0 -320 -320 0
3 396 0 0 0 0
3 397 160 -80 -80 0
3 398 480 4397 2682 1
3 399 880 -192 -192 0
3 400 0 0 0 0
3 401 352 528 528 0
3 402 144 528 528 0
3 403 -304 -304 -304 0
3 404 0 0 0 0
3 405 432 2525 810 1
3 406 1936 3133 1418 1
3 407 2848 3072 1357 1
3 408 0 0 0 0
3 409 0 1344 1344 0
3 410 0 573 573 0
3 411 0 544 544 0
3 412 0 0 0 0
3 413 848 893 893 0
3 414 -96 1386 1386 0
3 415 528 621 621 0
3 416 0 0 0 0
3 417 -144 752 752 0
3 418 3024 4192 2477 1
3 419 336 336 336 0
3 420 0 0 0 0
3 421 -112 -2400 -2400 0
3 422 624 736 736 0
3 423 -1392 -1472 -1472 0
3 424 0 0 0 0
3 425 0 -563 -563 0
3 426 0 0 0 0
3 427 0 1008 1008 0
3 428 0 0 0 0
3 429 -176 -672 -672 0
3 430 992 -1616 -1616 0
3 431 -96 -1472 -1472 0
3 432 0 0 0 0
3 433 144 896 896 0
3 434 2064 3024 1309 1
3 435 192 192 192 0
3 436 0 0 0 0
3 437 144 1613 1613 0
3 438 1536 2589 874 1
3 439 560 176 176 0
3 440 0 0 0 0
3 441 0 864 864 0
3 442 0 1325 1325 0
3 443 0 1472 1472 0
3 444 0 0 0 0
3 445 2112 2544 829 1
3 446 -720 2349 634 1
3 447 528 240 240 0
3 448 0 0 0 0
3 449 1248 720 720 0
3 450 -1440 -3744 -3744 0
3 451 -192 -192 -192 0
3 452 0 0 0 0
3 453 -80 2525 810 1
3 454 352 1005 1005 0
3 455 1456 1584 1584 0
3 456 0 0 0 0
3 457 0 -1136 -1136 0
3 458 0 634 634 0
3 459 0 32 32 0
3 460 0 0 0 0
3 461 1792 1728 13 1
3 462 -432 74 74 0
3 463 320 1072 1072 0
3 464 0 0 0 0
3 465 1088 1728 13 1
3 466 2048 1056 1056 0
3 467 752 752 752 0
3 468 0 0 0 0
3 469 -112 1098 1098 0
3 470 1424 4362 2647 1
3 471 1488 1344 1344 0
3 472 0 0 0 0
3 473 0 -1184 -1184 0
3 474 0 4394 2679 1
3 475 0 -32 -32 0
3 476 0 0 0 0
3 477 640 -576 -576 0
3 478 2464 3165 1450 1
3 479 2192 3568 1853 1
3 480 0 0 0 0
3 481 96 1648 1648 0
3 482 3328 4864 3149 1
3 483 1344 1344 1344 0
3 484 0 0 0 0
3 485 -192 -2416 -2416 0
3 486 -1168 1370 1370 0
3 487 1120 1120 1120 0
3 488 0 0 0 0
3 489 0 -2992 -2992 0
3 490 0 2138 423 1
3 491 0 957 957 0
3 492 0 0 0 0
3 493 752 16 16 0
3 494 912 1008 1008 0
3 495 2240 2816 1101 1
3 496 0 0 0 0
3 497 448 368 368 0
3 498 -80 -736 -736 0
3 499 0 0 0 0
3 500 0 0 0 0
3 501 432 1693 1693 0
3 502 1120 2509 794 1
3 503 2128 2576 861 1
3 504 0 0 0 0
3 505 0 368 368 0
3 506 0 1341 1341 0
3 507 0 560 560 0
3 508 0 0 0 0
3 509 736 1072 1072 0
3 510 -128 813 813 0
3 511 480 1552 1552 0
4 0 0 0 0 0
4 1 0 0 0 0
4 2 528 528 528 0
4 3 0 0 0 0
4 4 0 0 0 0
4 5 0 0 0 0
4 6 640 640 640 0
4 7 -368 -368 -368 0
4 8 0 0 0 0
4 9 0 0 0 0
4 10 0 0 0 0
4 11 0 0 0 0
4 12 0 0 0 0
4 13 0 0 0 0
4 14 0 0 0 0
4 15 0 0 0 0
4 16 0 0 0 0
4 17 0 0 0 0
4 18 944 944 944 0
4 19 0 0 0 0
4 20 0 0 0 0
4 21 0 0 0 0
4 22 -1456 -1456 -1456 0
4 23 -384 -384 -384 0
4 24 0 0 0 0
4 25 0 0 0 0
4 26 0 0 0 0
4 27 0 0 0 0
4 28 0 0 0 0
4 29 0 0 0 0
4 30 0 0 0 0
4 31 0 0 0 0
4 32 0 0 0 0
4 33 0 0 0 0
4 34 -368 -368 -368 0
4 35 0 0 0 0
4 36 0 0 0 0
4 37 0 0 0 0
4 38 656 656 656 0
4 39 176 176 176 0
4 40 0 0 0 0
4 41 0 0 0 0
4 42 0 0 0 0
4 43 0 0 0 0
4 44 0 0 0 0
4 45 0 0 0 0
4 46 0 0 0 0
4 47 0 0 0 0
4 48 0 0 0 0
4 49 0 0 0 0
4 50 -416 -416 -416 0
4 51 0 0 0 0
4 52 0 0 0 0
4 53 0 0 0 0
4 54 3456 3456 1741 1
4 55 464 464 464 0
4 56 0 0 0 0
4 57 0 0 0 0
4 58 0 0 0 0
4 59 0 0 0 0
4 60 0 0 0 0
4 61 0 0 0 0
4 62 0 0 0 0
4 63 0 0 0 0
4 64 0 0 0 0
4 65 0 0 0 0
4 66 96 96 96 0
4 67 0 0 0 0
4 68 0 0 0 0
4 69 0 0 0 0
4 70 1056 1056 1056 0
4 71 416 416 416 0
4 72 0 0 0 0
4 73 0 0 0 0
4 74 0 0 0 0
4 75 0 0 0 0
4 76 0 0 0 0
4 77 0 0 0 0
4 78 0 0 0 0
4 79 0 0 0 0
4 80 0 0 0 0
4 81 0 0 0 0
4 82 160 160 160 0
4 83 0 0 0 0
4 84 0 0 0 0
4 85 0 0 0 0
4 86 832 832 832 0
4 87 -528 -528 -528 0
4 88 0 0 0 0
4 89 0 0 0 0
4 90 0 0 0 0
4 91 0 0 0 0
4 92 0 0 0 0
4 93 0 0 0 0
4 94 0 0 0 0
4 95 0 0 0 0
4 96 0 0 0 0
4 97 0 0 0 0
4 98 -800 -800 -800 0
4 99 0 0 0 0
4 100 0 0 0 0
4 101 0 0 0 0
4 102 1200 1200 1200 0
4 103 -32 -32 -32 0
4 104 0 0 0 0
4 105 0 0 0 0
4 106 0 0 0 0
4 107 0 0 0 0
4 108 0 0 0 0
4 109 0 0 0 0
4 110 0 0 0 0
4 111 0 0 0 0
4 112 0 0 0 0
4 113 0 0 0 0
4 114 816 816 816 0
4 115 0 0 0 0
4 116 0 0 0 0
4 117 0 0 0 0
4 118 2224 2224 509 1
4 119 -80 -80 -80 0
4 120 0 0 0 0
4 121 0 0 0 0
4 122 0 0 0 0
4 123 0 0 0 0
4 124 0 0 0 0
4 125 0 0 0 0
4 126 0 0 0 0
4 127 0 0 0 0
4 128 0 0 0 0
4 129 0 0 0 0
4 130 48 48 48 0
4 131 0 0 0 0
4 132 0 0 0 0
4 133 0 0 0 0
4 134 -16 -16 -16 0
4 135 -336 -336 -336 0
4 136 0 0 0 0
4 137 0 0 0 0
4 138 0 0 0 0
4 139 0 0 0 0
4 140 0 0 0 0
4 141 0 0 0 0
4 142 0 0 0 0
4 143 0 0 0 0
4 144 0 0 0 0
4 145 0 0 0 0
4 146 496 496 496 0
4 147 0 0 0 0
4 148 0 0 0 0
4 149 0 0 0 0
4 150 528 528 528 0
4 151 240 240 240 0
4 152 0 0 0 0
4 153 0 0 0 0
4 154 0 0 0 0
4 155 0 0 0 0
4 156 0 0 0 0
4 157 0 0 0 0
4 158 0 0 0 0
4 159 0 0 0 0
4 160 0 0 0 0
4 161 0 0 0 0
4 162 -880 -880 -880 0
4 163 0 0 0 0
4 164 0 0 0 0
4 165 0 0 0 0
4 166 -288 -288 -288 0
4 167 400 400 400 0
4 168 0 0 0 0
4 169 0 0 0 0
4 170 0 0 0 0
4 171 0 0 0 0
4 172 0 0 0 0
4 173 0 0 0 0
4 174 0 0 0 0
4 175 0 0 0 0
4 176 0 0 0 0
4 177 0 0 0 0
4 178 -400 -400 -400 0
4 179 0 0 0 0
4 180 0 0 0 0
4 181 0 0 0 0
4 182 528 528 528 0
4 183 384 384 384 0
4 184 0 0 0 0
4 185 0 0 0 0
4 186 0 0 0 0
4 187 0 0 0 0
4 188 0 0 0 0
4 189 0 0 0 0
4 190 0 0 0 0
4 191 0 0 0 0
4 192 0 0 0 0
4 193 0 0 0 0
4 194 -256 -256 -256 0
4 195 0 0 0 0
4 196 0 0 0 0
4 197 0 0 0 0
4 198 1392 1392 1392 0
4 199 -160 -160 -160 0
4 200 0 0 0 0
4 201 0 0 0 0
4 202 0 0 0 0
4 203 0 0 0 0
4 204 0 0 0 0
4 205 0 0 0 0
4 206 0 0 0 0
4 207 0 0 0 0
4 208 0 0 0 0
4 209 0 0 0 0
4 210 1120 1120 1120 0
4 211 0 0 0 0
4 212 0 0 0 0
4 213 0 0 0 0
4 214 832 832 832 0
4 215 288 288 288 0
4 216 0 0 0 0
4 217 0 0 0 0
4 218 0 0 0 0
4 219 0 0 0 0
4 220 0 0 0 0
4 221 0 0 0 0
4 222 0 0 0 0
4 223 0 0 0 0
4 224 0 0 0 0
4 225 0 0 0 0
4 226 -736 -736 -736 0
4 227 0 0 0 0
4 228 0 0 0 0
4 229 0 0 0 0
4 230 704 704 704 0
4 231 320 320 320 0
4 232 0 0 0 0
4 233 0 0 0 0
4 234 0 0 0 0
4 235 0 0 0 0
4 236 0 0 0 0
4 237 0 0 0 0
4 238 0 0 0 0
4 239 0 0 0 0
4 240 0 0 0 0
4 241 0 0 0 0
4 242 272 272 272 0
4 243 0 0 0 0
4 244 0 0 0 0
4 245 0 0 0 0
4 246 1104 1104 1104 0
4 247 -336 -336 -336 0
4 248 0 0 0 0
4 249 0 0 0 0
4 250 0 0 0 0
4 251 0 0 0 0
4 252 0 0 0 0
4 253 0 0 0 0
4 254 0 0 0 0
4 255 0 0 0 0
4 256 0 0 0 0
4 257 0 0 0 0
4 258 944 944 944 0
4 259 0 0 0 0
4 260 0 0 0 0
4 261 0 0 0 0
4 262 -336 -336 -336 0
4 263 160 160 160 0
4 264 0 0 0 0
4 265 0 0 0 0
4 266 0 0 0 0
4 267 0 0 0 0
4 268 0 0 0 0
4 269 0 0 0 0
4 270 0 0 0 0
4 271 0 0 0 0
4 272 0 0 0 0
4 273 0 0 0 0
4 274 -432 -432 -432 0
4 275 0 0 0 0
4 276 0 0 0 0
4 277 0 0 0 0
4 278 1008 1008 1008 0
4 279 528 528 528 0
4 280 0 0 0 0
4 281 0 0 0 0
4 282 0 0 0 0
4 283 0 0 0 0
4 284 0 0 0 0
4 285 0 0 0 0
4 286 0 0 0 0
4 287 0 0 0 0
4 288 0 0 0 0
4 289 0 0 0 0
4 290 224 224 224 0
4 291 0 0 0 0
4 292 0 0 0 0
4 293 0 0 0 0
4 294 -48 -48 -48 0
4 295 48 48 48 0
4 296 0 0 0 0
4 297 0 0 0 0
4 298 0 0 0 0
4 299 0 0 0 0
4 300 0 0 0 0
4 301 0 0 0 0
4 302 0 0 0 0
4 303 0 0 0 0
4 304 0 0 0 0
4 305 0 0 0 0
4 306 1344 1344 1344 0
4 307 0 0 0 0
4 308 0 0 0 0
4 309 0 0 0 0
4 310 1888 1888 173 1
4 311 80 80 80 0
4 312 0 0 0 0
4 313 0 0 0 0
4 314 0 0 0 0
4 315 0 0 0 0
4 316 0 0 0 0
4 317 0 0 0 0
4 318 0 0 0 0
4 319 0 0 0 0
4 320 0 0 0 0
4 321 0 0 0 0
4 322 816 816 816 0
4 323 0 0 0 0
4 324 0 0 0 0
4 325 0 0 0 0
4 326 -80 -80 -80 0
4 327 96 96 96 0
4 328 0 0 0 0
4 329 0 0 0 0
4 330 0 0 0 0
4 331 0 0 0 0
4 332 0 0 0 0
4 333 0 0 0 0
4 334 0 0 0 0
4 335 0 0 0 0
4 336 0 0 0 0
4 337 0 0 0 0
4 338 -96 -96 -96 0
4 339 0 0 0 0
4 340 0 0 0 0
4 341 0 0 0 0
4 342 2288 2288 573 1
4 343 880 880 880 0
4 344 0 0 0 0
4 345 0 0 0 0
4 346 0 0 0 0
4 347 0 0 0 0
4 348 0 0 0 0
4 349 0 0 0 0
4 350 0 0 0 0
4 351 0 0 0 0
4 352 0 0 0 0
4 353 0 0 0 0
4 354 272 272 272 0
4 355 0 0 0 0
4 356 0 0 0 0
4 357 0 0 0 0
4 358 -256 -256 -256 0
4 359 -512 -512 -512 0
4 360 0 0 0 0
4 361 0 0 0 0
4 362 0 0 0 0
4 363 0 0 0 0
4 364 0 0 0 0
4 365 0 0 0 0
4 366 0 0 0 0
4 367 0 0 0 0
4 368 0 0 0 0
4 369 0 0 0 0
4 370 1952 1952 237 1
4 371 0 0 0 0
4 372 0 0 0 0
4 373 0 0 0 0
4 374 1152 1152 1152 0
4 375 736 736 736 0
4 376 0 0 0 0
4 377 0 0 0 0
4 378 0 0 0 0
4 379 0 0 0 0
4 380 0 0 0 0
4 381 0 0 0 0
4 382 0 0 0 0
4 383 0 0 0 0
4 384 0 0 0 0
4 385 0 0 0 0
4 386 864 864 864 0
4 387 0 0 0 0
4 388 0 0 0 0
4 389 0 0 0 0
4 390 1264 1264 1264 0
4 391 -704 -704 -704 0
4 392 0 0 0 0
4 393 0 0 0 0
4 394 0 0 0 0
4 395 0 0 0 0
4 396 0 0 0 0
4 397 0 0 0 0
4 398 0 0 0 0
4 399 0 0 0 0
4 400 0 0 0 0
4 401 0 0 0 0
4 402 224 224 224 0
4 403 0 0 0 0
4 404 0 0 0 0
4 405 0 0 0 0
4 406 1712 1712 1712 0
4 407 256 256 256 0
4 408 0 0 0 0
4 409 0 0 0 0
4 410 0 0 0 0
4 411 0 0 0 0
4 412 0 0 0 0
4 413 0 0 0 0
4 414 0 0 0 0
4 415 0 0 0 0
4 416 0 0 0 0
4 417 0 0 0 0
4 418 400 400 400 0
4 419 0 0 0 0
4 420 0 0 0 0
4 421 0 0 0 0
4 422 -672 -672 -672 0
4 423 -144 -144 -144 0
4 424 0 0 0 0
4 425 0 0 0 0
4 426 0 0 0 0
4 427 0 0 0 0
4 428 0 0 0 0
4 429 0 0 0 0
4 430 0 0 0 0
4 431 0 0 0 0
4 432 0 0 0 0
4 433 0 0 0 0
4 434 768 768 768 0
4 435 0 0 0 0
4 436 0 0 0 0
4 437 0 0 0 0
4 438 1520 1520 1520 0
4 439 -352 -352 -352 0
4 440 0 0 0 0
4 441 0 0 0 0
4 442 0 0 0 0
4 443 0 0 0 0
4 444 0 0 0 0
4 445 0 0 0 0
4 446 0 0 0 0
4 447 0 0 0 0
4 448 0 0 0 0
4 449 0 0 0 0
4 450 -960 -960 -960 0
4 451 0 0 0 0
4 452 0 0 0 0
4 453 0 0 0 0
4 454 1920 1920 205 1
4 455 -96 -96 -96 0
4 456 0 0 0 0
4 457 0 0 0 0
4 458 0 0 0 0
4 459 0 0 0 0
4 460 0 0 0 0
4 461 0 0 0 0
4 462 0 0 0 0
4 463 0 0 0 0
4 464 0 0 0 0
4 465 0 0 0 0
4 466 64 64 64 0
4 467 0 0 0 0
4 468 0 0 0 0
4 469 0 0 0 0
4 470 1040 1040 1040 0
4 471 176 176 176 0
4 472 0 0 0 0
4 473 0 0 0 0
4 474 0 0 0 0
4 475 0 0 0 0
4 476 0 0 0 0
4 477 0 0 0 0
4 478 0 0 0 0
4 479 0 0 0 0
4 480 0 0 0 0
4 481 0 0 0 0
4 482 896 896 896 0
4 483 0 0 0 0
4 484 0 0 0 0
4 485 0 0 0 0
4 486 464 464 464 0
4 487 -48 -48 -48 0
4 488 0 0 0 0
4 489 0 0 0 0
4 490 0 0 0 0
4 491 0 0 0 0
4 492 0 0 0 0
4 493 0 0 0 0
4 494 0 0 0 0
4 495 0 0 0 0
4 496 0 0 0 0
4 497 0 0 0 0
4 498 -448 -448 -448 0
4 499 0 0 0 0
4 500 0 0 0 0
4 501 0 0 0 0
4 502 624 624 624 0
4 503 208 208 208 0
4 504 0 0 0 0
4 505 0 0 0 0
4 506 0 0 0 0
4 507 0 0 0 0
4 508 0 0 0 0
4 509 0 0 0 0
4 510 0 0 0 0
4 511 0 0 0 0
5 0 0 0 0 0
5 1 224 224 224 0
5 2 -336 192 192 0
5 3 0 0 0 0
5 4 0 0 0 0
5 5 2400 2400 685 1
5 6 -1040 -400 -400 0
5 7 -1536 -1904 -1904 0
5 8 0 0 0 0
5 9 1184 1184 1184 0
5 10 848 848 848 0
5 11 560 560 560 0
5 12 0 0 0 0
5 13 320 320 320 0
5 14 -528 -528 -528 0
5 15 0 0 0 0
5 16 0 0 0 0
5 17 560 560 560 0
5 18 1264 2208 493 1
5 19 0 0 0 0
5 20 0 0 0 0
5 21 -544 -544 -544 0
5 22 432 -1024 -1024 0
5 23 368 -16 -16 0
5 24 0 0 0 0
5 25 3008 3008 1293 1
5 26 3424 3424 1709 1
5 27 656 656 656 0
5 28 0 0 0 0
5 29 -1184 -1184 -1184 0
5 30 -144 -144 -144 0
5 31 0 0 0 0
5 32 0 0 0 0
5 33 656 656 656 0
5 34 -208 -576 -576 0
5 35 0 0 0 0
5 36 0 0 0 0
5 37 2480 2480 765 1
5 38 3120 3776 2061 1
5 39 144 320 320 0
5 40 0 0 0 0
5 41 -1808 -1808 -1808 0
5 42 1072 1072 1072 0
5 43 -864 -864 -864 0
5 44 0 0 0 0
5 45 624 624 624 0
5 46 -672 -672 -672 0
5 47 0 0 0 0
5 48 0 0 0 0
5 49 816 816 816 0
5 50 -544 -960 -960 0
5 51 0 0 0 0
5 52 0 0 0 0
5 53 864 864 864 0
5 54 2560 4301 2586 1
5 55 -1376 -912 -912 0
5 56 0 0 0 0
5 57 -1008 -1008 -1008 0
5 58 5872 5872 4157 1
5 59 -688 -688 -688 0
5 60 0 0 0 0
5 61 1408 1408 1408 0
5 62 1024 1024 1024 0
5 63 0 0 0 0
5 64 0 0 0 0
5 65 -704 -704 -704 0
5 66 560 656 656 0
5 67 0 0 0 0
5 68 0 0 0 0
5 69 3312 3312 1597 1
5 70 -352 704 704 0
5 71 -128 288 288 0
5 72 0 0 0 0
5 73 3648 3648 1933 1
5 74 0 0 0 0
5 75 1168 1168 1168 0
5 76 0 0 0 0
5 77 2016 2016 301 1
5 78 1840 1840 125 1
5 79 0 0 0 0
5 80 0 0 0 0
5 81 -448 -448 -448 0
5 82 -1296 -1136 -1136 0
5 83 0 0 0 0
5 84 0 0 0 0
5 85 -1600 -1600 -1600 0
5 86 -256 576 576 0
5 87 592 64 64 0
5 88 0 0 0 0
5 89 192 192 192 0
5 90 3984 3984 2269 1
5 91 -736 -736 -736 0
5 92 0 0 0 0
5 93 1840 1840 125 1
5 94 1008 1008 1008 0
5 95 0 0 0 0
5 96 0 0 0 0
5 97 256 256 256 0
5 98 544 -256 -256 0
5 99 0 0 0 0
5 100 0 0 0 0
5 101 2224 2224 509 1
5 102 -1856 -656 -656 0
5 103 1504 1472 1472 0
5 104 0 0 0 0
5 105 2112 2112 397 1
5 106 848 848 848 0
5 107 -32 -32 -32 0
5 108 0 0 0 0
5 109 832 832 832 0
5 110 912 912 912 0
5 111 0 0 0 0
5 112 0 0 0 0
5 113 -224 -224 -224 0
5 114 1232 2048 333 1
5 115 0 0 0 0
5 116 0 0 0 0
5 117 2192 2192 477 1
5 118 528 1037 1037 0
5 119 1312 1232 1232 0
5 120 0 0 0 0
5 121 2752 2752 1037 1
5 122 -1600 -1600 -1600 0
5 123 752 752 752 0
5 124 0 0 0 0
5 125 1424 1424 1424 0
5 126 1456 1456 1456 0
5 127 0 0 0 0
5 128 0 0 0 0
5 129 288 288 288 0
5 130 -1248 -1200 -1200 0
5 131 0 0 0 0
5 132 0 0 0 0
5 133 2144 2144 429 1
5 134 848 832 832 0
5 135 448 112 112 0
5 136 0 0 0 0
5 137 1296 1296 1296 0
5 138 2720 2720 1005 1
5 139 640 640 640 0
5 140 0 0 0 0
5 141 448 448 448 0
5 142 2144 2144 429 1
5 143 0 0 0 0
5 144 0 0 0 0
5 145 624 624 624 0
5 146 1328 1824 109 1
5 147 0 0 0 0
5 148 0 0 0 0
5 149 3680 3680 1965 1
5 150 -448 80 80 0
5 151 1232 1472 1472 0
5 152 0 0 0 0
5 153 1344 1344 1344 0
5 154 320 320 320 0
5 155 640 640 640 0
5 156 0 0 0 0
5 157 -1696 -1696 -1696 0
5 158 -64 -64 -64 0
5 159 0 0 0 0
5 160 0 0 0 0
5 161 -320 -320 -320 0
5 162 -464 -1344 -1344 0
5 163 0 0 0 0
5 164 0 0 0 0
5 165 704 704 704 0
5 166 -128 -416 -416 0
5 167 -848 -448 -448 0
5 168 0 0 0 0
5 169 752 752 752 0
5 170 4032 4032 2317 1
5 171 272 272 272 0
5 172 0 0 0 0
5 173 1424 1424 1424 0
5 174 560 560 560 0
5 175 0 0 0 0
5 176 0 0 0 0
5 177 1008 1008 1008 0
5 178 -80 -480 -480 0
5 179 0 0 0 0
5 180 0 0 0 0
5 181 1264 1264 1264 0
5 182 1696 2224 509 1
5 183 256 640 640 0
5 184 0 0 0 0
5 185 -560 -560 -560 0
5 186 2080 2080 365 1
5 187 208 208 208 0
5 188 0 0 0 0
5 189 1136 1136 1136 0
5 190 208 208 208 0
5 191 0 0 0 0
5 192 0 0 0 0
5 193 -384 -384 -384 0
5 194 -368 -624 -624 0
5 195 0 0 0 0
5 196 0 0 0 0
5 197 -592 -592 -592 0
5 198 1248 2640 925 1
5 199 304 144 144 0
5 200 0 0 0 0
5 201 2576 2576 861 1
5 202 656 656 656 0
5 203 400 400 400 0
5 204 0 0 0 0
5 205 16 16 16 0
5 206 1152 1152 1152 0
5 207 0 0 0 0
5 208 0 0 0 0
5 209 832 832 832 0
5 210 720 1840 125 1
5 211 0 0 0 0
5 212 0 0 0 0
5 213 1904 1904 189 1
5 214 3440 4272 2557 1
5 215 -80 208 208 0
5 216 0 0 0 0
5 217 1328 1328 1328 0
5 218 2512 2512 797 1
5 219 -160 -160 -160 0
5 220 0 0 0 0
5 221 2512 2512 797 1
5 222 -928 -928 -928 0
5 223 0 0 0 0
5 224 0 0 0 0
5 225 -1344 -1344 -1344 0
5 226 816 80 80 0
5 227 0 0 0 0
5 228 0 0 0 0
5 229 1136 1136 1136 0
5 230 304 1008 1008 0
5 231 608 928 928 0
5 232 0 0 0 0
5 233 2784 2784 1069 1
5 234 544 544 544 0
5 235 1968 1968 253 1
5 236 0 0 0 0
5 237 -272 -272 -272 0
5 238 -416 -416 -416 0
5 239 0 0 0 0
5 240 0 0 0 0
5 241 32 32 32 0
5 242 -144 128 128 0
5 243 0 0 0 0
5 244 0 0 0 0
5 245 3456 3456 1741 1
5 246 1872 2976 1261 1
5 247 2336 2000 285 1
5 248 0 0 0 0
5 249 752 752 752 0
5 250 -160 -160 -160 0
5 251 -256 -256 -256 0
5 252 0 0 0 0
5 253 1168 1168 1168 0
5 254 144 144 144 0
5 255 0 0 0 0
5 256 0 0 0 0
5 257 -192 -192 -192 0
5 258 464 1408 1408 0
5 259 0 0 0 0
5 260 0 0 0 0
5 261 -384 -384 -384 0
5 262 -176 -512 -512 0
5 263 352 512 512 0
5 264 0 0 0 0
5 265 1232 1232 1232 0
5 266 -800 -800 -800 0
5 267 2208 2208 493 1
5 268 0 0 0 0
5 269 -128 -128 -128 0
5 270 1600 1600 1600 0
5 271 0 0 0 0
5 272 0 0 0 0
5 273 64 64 64 0
5 274 -320 -752 -752 0
5 275 0 0 0 0
5 276 0 0 0 0
5 277 1488 1488 1488 0
5 278 1664 2672 957 1
5 279 -720 -192 -192 0
5 280 0 0 0 0
5 281 -944 -944 -944 0
5 282 -896 -896 -896 0
5 283 -256 -256 -256 0
5 284 0 0 0 0
5 285 1728 1728 13 1
5 286 1248 1248 1248 0
5 287 0 0 0 0
5 288 0 0 0 0
5 289 128 128 128 0
5 290 160 384 384 0
5 291 0 0 0 0
5 292 0 0 0 0
5 293 1264 1264 1264 0
5 294 -656 -704 -704 0
5 295 720 768 768 0
5 296 0 0 0 0
5 297 5968 5968 4253 1
5 298 768 768 768 0
5 299 1136 1136 1136 0
5 300 0 0 0 0
5 301 -1920 -1920 -1920 0
5 302 224 224 224 0
5 303 0 0 0 0
5 304 0 0 0 0
5 305 1024 1024 1024 0
5 306 1088 2432 717 1
5 307 0 0 0 0
5 308 0 0 0 0
5 309 16 16 16 0
5 310 3328 3501 1786 1
5 311 32 112 112 0
5 312 0 0 0 0
5 313 -176 -176 -176 0
5 314 3200 3200 1485 1
5 315 1088 1088 1088 0
5 316 0 0 0 0
5 317 1232 1232 1232 0
5 318 -176 -176 -176 0
5 319 0 0 0 0
5 320 0 0 0 0
5 321 352 352 352 0
5 322 -352 464 464 0
5 323 0 0 0 0
5 324 0 0 0 0
5 325 720 720 720 0
5 326 352 272 272 0
5 327 1552 1648 1648 0
5 328 0 0 0 0
5 329 3360 3360 1645 1
5 330 304 304 304 0
5 331 1600 1600 1600 0
5 332 0 0 0 0
5 333 1456 1456 1456 0
5 334 -368 -368 -368 0
5 335 0 0 0 0
5 336 0 0 0 0
5 337 -64 -64 -64 0
5 338 -192 -288 -288 0
5 339 0 0 0 0
5 340 0 0 0 0
5 341 736 736 736 0
5 342 4544 5117 3402 1
5 343 -960 -80 -80 0
5 344 0 0 0 0
5 345 -64 -64 -64 0
5 346 1904 1904 189 1
5 347 -880 -880 -880 0
5 348 0 0 0 0
5 349 1776 1776 61 1
5 350 -720 -720 -720 0
5 351 0 0 0 0
5 352 0 0 0 0
5 353 112 112 112 0
5 354 768 1040 1040 0
5 355 0 0 0 0
5 356 0 0 0 0
5 357 1232 1232 1232 0
5 358 80 -176 -176 0
5 359 -704 -1216 -1216 0
5 360 0 0 0 0
5 361 1312 1312 1312 0
5 362 624 624 624 0
5 363 944 944 944 0
5 364 0 0 0 0
5 365 752 752 752 0
5 366 1008 1008 1008 0
5 367 0 0 0 0
5 368 0 0 0 0
5 369 1184 1184 1184 0
5 370 1232 1469 1469 0
5 371 0 0 0 0
5 372 0 0 0 0
5 373 -3808 -3808 -3808 0
5 374 1312 2464 749 1
5 375 -1792 -1056 -1056 0
5 376 0 0 0 0
5 377 3344 3344 1629 1
5 378 -480 -480 -480 0
5 379 176 176 176 0
5 380 0 0 0 0
5 381 2080 2080 365 1
5 382 -192 -192 -192 0
5 383 0 0 0 0
5 384 0 0 0 0
5 385 352 352 352 0
5 386 -368 496 496 0
5 387 0 0 0 0
5 388 0 0 0 0
5 389 1392 1392 1392 0
5 390 1616 2880 1165 1
5 391 672 -32 -32 0
5 392 0 0 0 0
5 393 464 464 464 0
5 394 944 944 944 0
5 395 544 544 544 0
5 396 0 0 0 0
5 397 736 736 736 0
5 398 1264 1264 1264 0
5 399 0 0 0 0
5 400 0 0 0 0
5 401 304 304 304 0
5 402 160 384 384 0
5 403 0 0 0 0
5 404 0 0 0 0
5 405 384 384 384 0
5 406 304 2016 301 1
5 407 16 272 272 0
5 408 0 0 0 0
5 409 3024 3024 1309 1
5 410 976 976 976 0
5 411 2272 2272 557 1
5 412 0 0 0 0
5 413 2112 2112 397 1
5 414 1664 1664 1664 0
5 415 0 0 0 0
5 416 0 0 0 0
5 417 464 464 464 0
5 418 768 1168 1168 0
5 419 0 0 0 0
5 420 0 0 0 0
5 421 336 336 336 0
5 422 -448 -1120 -1120 0
5 423 1088 944 944 0
5 424 0 0 0 0
5 425 4224 4224 2509 1
5 426 -960 -960 -960 0
5 427 -304 -304 -304 0
5 428 0 0 0 0
5 429 -1344 -1344 -1344 0
5 430 -1360 -1360 -1360 0
5 431 0 0 0 0
5 432 0 0 0 0
5 433 656 656 656 0
5 434 192 960 960 0
5 435 0 0 0 0
5 436 0 0 0 0
5 437 608 608 608 0
5 438 1648 3168 1453 1
5 439 -32 -384 -384 0
5 440 0 0 0 0
5 441 2800 2800 1085 1
5 442 4576 4576 2861 1
5 443 -128 -128 -128 0
5 444 0 0 0 0
5 445 1488 1488 1488 0
5 446 272 272 272 0
5 447 0 0 0 0
5 448 0 0 0 0
5 449 -320 -320 -320 0
5 450 -1344 -2304 -2304 0
5 451 0 0 0 0
5 452 0 0 0 0
5 453 176 176 176 0
5 454 496 701 701 0
5 455 1056 960 960 0
5 456 0 0 0 0
5 457 -2624 -2624 -2624 0
5 458 3488 3488 1773 1
5 459 512 512 512 0
5 460 0 0 0 0
5 461 2176 2176 461 1
5 462 560 560 560 0
5 463 0 0 0 0
5 464 0 0 0 0
5 465 624 624 624 0
5 466 -1056 -992 -992 0
5 467 0 0 0 0
5 468 0 0 0 0
5 469 4128 4128 2413 1
5 470 4192 5232 3517 1
5 471 1024 1200 1200 0
5 472 0 0 0 0
5 473 -1728 -1728 -1728 0
5 474 2688 2688 973 1
5 475 64 64 64 0
5 476 0 0 0 0
5 477 368 368 368 0
5 478 400 400 400 0
5 479 0 0 0 0
5 480 0 0 0 0
5 481 640 640 640 0
5 482 640 1536 1536 0
5 483 0 0 0 0
5 484 0 0 0 0
5 485 1392 1392 1392 0
5 486 2176 2640 925 1
5 487 3184 3136 1421 1
5 488 0 0 0 0
5 489 -224 -224 -224 0
5 490 3040 3040 1325 1
5 491 464 464 464 0
5 492 0 0 0 0
5 493 -1232 -1232 -1232 0
5 494 448 448 448 0
5 495 0 0 0 0
5 496 0 0 0 0
5 497 208 208 208 0
5 498 -208 -656 -656 0
5 499 0 0 0 0
5 500 0 0 0 0
5 501 656 656 656 0
5 502 2192 2816 1101 1
5 503 688 896 896 0
5 504 0 0 0 0
5 505 448 448 448 0
5 506 2176 2176 461 1
5 507 -480 -480 -480 0
5 508 0 0 0 0
5 509 1264 1264 1264 0
5 510 96 96 96 0
5 511 0 0 0 0
6 0 0 0 0 0
6 1 0 224 224 0
6 2 0 192 192 0
6 3 0 0 0 0
6 4 0 0 0 0
6 5 304 989 989 0
6 6 288 -112 -112 0
6 7 -656 -2560 -2560 0
6 8 224 224 224 0
6 9 -240 944 944 0
6 10 2176 3024 1309 1
6 11 -576 -16 -16 0
6 12 704 704 704 0
6 13 1056 1376 1376 0
6 14 -576 -1104 -1104 0
6 15 208 208 208 0
6 16 0 0 0 0
6 17 0 560 560 0
6 18 0 493 493 0
6 19 0 0 0 0
6 20 0 0 0 0
6 21 -448 -992 -992 0
6 22 -128 -1152 -1152 0
6 23 1200 1184 1184 0
6 24 80 80 80 0
6 25 1056 2349 634 1
6 26 144 1853 138 1
6 27 112 768 768 0
6 28 -752 -752 -752 0
6 29 -304 -1488 -1488 0
6 30 -112 -256 -256 0
6 31 32 32 32 0
6 32 0 0 0 0
6 33 0 656 656 0
6 34 0 -576 -576 0
6 35 0 0 0 0
6 36 0 0 0 0
6 37 448 1213 1213 0
6 38 1536 3597 1882 1
6 39 -112 208 208 0
6 40 -160 -160 -160 0
6 41 368 -1440 -1440 0
6 42 688 1760 45 1
6 43 -704 -1568 -1568 0
6 44 208 208 208 0
6 45 1760 2384 669 1
6 46 0 -672 -672 0
6 47 -48 -48 -48 0
6 48 0 0 0 0
6 49 0 816 816 0
6 50 0 -960 -960 0
6 51 0 0 0 0
6 52 0 0 0 0
6 53 304 1168 1168 0
6 54 1008 3594 1879 1
6 55 192 -720 -720 0
6 56 480 480 480 0
6 57 -2384 -3392 -3392 0
6 58 1136 5293 3578 1
6 59 2560 1872 157 1
6 60 224 224 224 0
6 61 2320 3728 2013 1
6 62 144 1168 1168 0
6 63 1120 1120 1120 0
6 64 0 0 0 0
6 65 0 -704 -704 0
6 66 0 656 656 0
6 67 0 0 0 0
6 68 0 0 0 0
6 69 -224 1373 1373 0
6 70 640 1344 1344 0
6 71 256 544 544 0
6 72 -32 -32 -32 0
6 73 -928 1005 1005 0
6 74 2080 2080 365 1
6 75 1232 2400 685 1
6 76 128 128 128 0
6 77 864 1165 1165 0
6 78 -464 -339 -339 0
6 79 -80 -80 -80 0
6 80 0 0 0 0
6 81 0 -448 -448 0
6 82 0 -1136 -1136 0
6 83 0 0 0 0
6 84 0 0 0 0
6 85 640 -960 -960 0
6 86 576 1152 1152 0
6 87 1088 1152 1152 0
6 88 -464 -464 -464 0
6 89 1296 1488 1488 0
6 90 2192 4461 2746 1
6 91 688 -48 -48 0
6 92 -160 -160 -160 0
6 93 368 493 493 0
6 94 1392 2400 685 1
6 95 352 352 352 0
6 96 0 0 0 0
6 97 0 256 256 0
6 98 0 -256 -256 0
6 99 0 0 0 0
6 100 0 0 0 0
6 101 144 653 653 0
6 102 768 112 112 0
6 103 1008 2480 765 1
6 104 464 464 464 0
6 105 864 1261 1261 0
6 106 1360 2208 493 1
6 107 992 960 960 0
6 108 608 608 608 0
6 109 -544 288 288 0
6 110 -1328 -416 -416 0
6 111 640 640 640 0
6 112 0 0 0 0
6 113 0 -224 -224 0
6 114 0 333 333 0
6 115 0 0 0 0
6 116 0 0 0 0
6 117 736 1213 1213 0
6 118 -48 989 989 0
6 119 48 1280 1280 0
6 120 304 304 304 0
6 121 2080 3117 1402 1
6 122 1424 -176 -176 0
6 123 880 1632 1632 0
6 124 576 576 576 0
6 125 -352 1072 1072 0
6 126 144 1600 1600 0
6 127 -416 -416 -416 0
6 128 0 0 0 0
6 129 0 288 288 0
6 130 0 -1200 -1200 0
6 131 0 0 0 0
6 132 0 0 0 0
6 133 912 1341 1341 0
6 134 192 1024 1024 0
6 135 576 688 688 0
6 136 16 16 16 0
6 137 336 1632 1632 0
6 138 2880 3885 2170 1
6 139 2000 2640 925 1
6 140 80 80 80 0
6 141 1360 1808 93 1
6 142 1584 2013 298 1
6 143 320 320 320 0
6 144 0 0 0 0
6 145 0 624 624 0
6 146 0 109 109 0
6 147 0 0 0 0
6 148 0 0 0 0
6 149 112 2077 362 1
6 150 1056 1136 1136 0
6 151 1280 2752 1037 1
6 152 208 208 208 0
6 153 -192 1152 1152 0
6 154 1104 1424 1424 0
6 155 1312 1952 237 1
6 156 832 832 832 0
6 157 64 -1632 -1632 0
6 158 -1280 -1344 -1344 0
6 159 128 128 128 0
6 160 0 0 0 0
6 161 0 -320 -320 0
6 162 0 -1344 -1344 0
6 163 0 0 0 0
6 164 0 0 0 0
6 165 -192 512 512 0
6 166 2016 1600 1600 0
6 167 -736 -1184 -1184 0
6 168 112 112 112 0
6 169 0 752 752 0
6 170 3792 6109 4394 1
6 171 -512 -240 -240 0
6 172 -288 -288 -288 0
6 173 1808 3232 1517 1
6 174 368 928 928 0
6 175 16 16 16 0
6 176 0 0 0 0
6 177 0 1008 1008 0
6 178 0 -480 -480 0
6 179 0 0 0 0
6 180 0 0 0 0
6 181 672 1936 221 1
6 182 736 1245 1245 0
6 183 -272 368 368 0
6 184 192 192 192 0
6 185 -32 -592 -592 0
6 186 128 493 493 0
6 187 2976 3184 1469 1
6 188 80 80 80 0
6 189 656 1792 77 1
6 190 112 320 320 0
6 191 48 48 48 0
6 192 0 0 0 0
6 193 0 -384 -384 0
6 194 0 -624 -624 0
6 195 0 0 0 0
6 196 0 0 0 0
6 197 -368 -960 -960 0
6 198 -512 413 413 0
6 199 0 144 144 0
6 200 16 16 16 0
6 201 704 1565 1565 0
6 202 1024 1680 1680 0
6 203 1120 1520 1520 0
6 204 64 64 64 0
6 205 -416 -400 -400 0
6 206 32 1184 1184 0
6 207 320 320 320 0
6 208 0 0 0 0
6 209 0 832 832 0
6 210 0 125 125 0
6 211 0 0 0 0
6 212 0 0 0 0
6 213 32 221 221 0
6 214 960 3517 1802 1
6 215 -224 -16 -16 0
6 216 64 64 64 0
6 217 464 1792 77 1
6 218 1600 2397 682 1
6 219 960 800 800 0
6 220 -160 -160 -160 0
6 221 1952 2749 1034 1
6 222 1312 384 384 0
6 223 480 480 480 0
6 224 0 0 0 0
6 225 0 -1344 -1344 0
6 226 0 80 80 0
6 227 0 0 0 0
6 228 0 0 0 0
6 229 656 1792 77 1
6 230 656 1664 1664 0
6 231 -528 400 400 0
6 232 -800 -800 -800 0
6 233 928 1997 282 1
6 234 2368 2912 1197 1
6 235 -800 -547 -547 0
6 236 432 432 432 0
6 237 640 368 368 0
6 238 912 496 496 0
6 239 368 368 368 0
6 240 0 0 0 0
6 241 0 32 32 0
6 242 0 128 128 0
6 243 0 0 0 0
6 244 0 0 0 0
6 245 928 2669 954 1
6 246 1056 2317 602 1
6 247 384 669 669 0
6 248 -16 -16 -16 0
6 249 1056 1808 93 1
6 250 -1328 -1488 -1488 0
6 251 -384 -640 -640 0
6 252 320 320 320 0
6 253 400 1568 1568 0
6 254 -1328 -1184 -1184 0
6 255 -320 -320 -320 0
6 256 0 0 0 0
6 257 0 -192 -192 0
6 258 0 1408 1408 0
6 259 0 0 0 0
6 260 0 0 0 0
6 261 -608 -992 -992 0
6 262 -848 -1360 -1360 0
6 263 48 560 560 0
6 264 -160 -160 -160 0
6 265 912 2144 429 1
6 266 32 -768 -768 0
6 267 1728 2221 506 1
6 268 -48 -48 -48 0
6 269 -320 -448 -448 0
6 270 2176 3776 2061 1
6 271 880 880 880 0
6 272 0 0 0 0
6 273 0 64 64 0
6 274 0 -752 -752 0
6 275 0 0 0 0
6 276 0 0 0 0
6 277 1056 2544 829 1
6 278 1024 1981 266 1
6 279 0 -192 -192 0
6 280 -64 -64 -64 0
6 281 912 -32 -32 0
6 282 -416 -1312 -1312 0
6 283 -128 -384 -384 0
6 284 -224 -224 -224 0
6 285 112 125 125 0
6 286 608 1856 141 1
6 287 -272 -272 -272 0
6 288 0 0 0 0
6 289 0 128 128 0
6 290 0 384 384 0
6 291 0 0 0 0
6 292 0 0 0 0
6 293 912 2176 461 1
6 294 880 176 176 0
6 295 -96 672 672 0
6 296 -688 -688 -688 0
6 297 320 4573 2858 1
6 298 1040 1808 93 1
6 299 -144 992 992 0
6 300 752 752 752 0
6 301 0 -1920 -1920 0
6 302 448 672 672 0
6 303 336 336 336 0
6 304 0 0 0 0
6 305 0 1024 1024 0
6 306 0 717 717 0
6 307 0 0 0 0
6 308 0 0 0 0
6 309 0 16 16 0
6 310 -768 1018 1018 0
6 311 208 320 320 0
6 312 352 352 352 0
6 313 912 736 736 0
6 314 -2064 -579 -579 0
6 315 1312 2400 685 1
6 316 416 416 416 0
6 317 -832 400 400 0
6 318 -944 -1120 -1120 0
6 319 1328 1328 1328 0
6 320 0 0 0 0
6 321 0 352 352 0
6 322 0 464 464 0
6 323 0 0 0 0
6 324 0 0 0 0
6 325 -112 608 608 0
6 326 128 400 400 0
6 327 -912 736 736 0
6 328 -32 -32 -32 0
6 329 -1040 605 605 0
6 330 1008 1312 1312 0
6 331 -848 752 752 0
6 332 208 208 208 0
6 333 208 1664 1664 0
6 334 1280 912 912 0
6 335 -224 -224 -224 0
6 336 0 0 0 0
6 337 0 -64 -64 0
6 338 0 -288 -288 0
6 339 0 0 0 0
6 340 0 0 0 0
6 341 832 1568 1568 0
6 342 64 3466 1751 1
6 343 -144 -224 -224 0
6 344 -32 -32 -32 0
6 345 1616 1552 1552 0
6 346 0 189 189 0
6 347 1232 352 352 0
6 348 -176 -176 -176 0
6 349 1712 1773 58 1
6 350 976 256 256 0
6 351 -848 -848 -848 0
6 352 0 0 0 0
6 353 0 112 112 0
6 354 0 1040 1040 0
6 355 0 0 0 0
6 356 0 0 0 0
6 357 160 1392 1392 0
6 358 -256 -432 -432 0
6 359 2288 1072 1072 0
6 360 -368 -368 -368 0
6 361 1824 3136 1421 1
6 362 816 1440 1440 0
6 363 816 1760 45 1
6 364 480 480 480 0
6 365 -320 432 432 0
6 366 2896 3904 2189 1
6 367 -368 -368 -368 0
6 368 0 0 0 0
6 369 0 1184 1184 0
6 370 0 1469 1469 0
6 371 0 0 0 0
6 372 0 0 0 0
6 373 -976 -4784 -4784 0
6 374 -112 637 637 0
6 375 960 -96 -96 0
6 376 304 304 304 0
6 377 2048 3677 1962 1
6 378 -96 -576 -576 0
6 379 3008 3184 1469 1
6 380 -160 -160 -160 0
6 381 -752 -387 -387 0
6 382 2048 1856 141 1
6 383 160 160 160 0
6 384 0 0 0 0
6 385 0 352 352 0
6 386 0 496 496 0
6 387 0 0 0 0
6 388 0 0 0 0
6 389 1232 2624 909 1
6 390 592 1757 42 1
6 391 1296 1264 1264 0
6 392 64 64 64 0
6 393 1072 1536 1536 0
6 394 -464 480 480 0
6 395 1936 2480 765 1
6 396 656 656 656 0
6 397 -64 672 672 0
6 398 112 1376 1376 0
6 399 -496 -496 -496 0
6 400 0 0 0 0
6 401 0 304 304 0
6 402 0 384 384 0
6 403 0 0 0 0
6 404 0 0 0 0
6 405 384 768 768 0
6 406 272 573 573 0
6 407 16 288 288 0
6 408 192 192 192 0
6 409 1072 2381 666 1
6 410 208 1184 1184 0
6 411 2400 2957 1242 1
6 412 400 400 400 0
6 413 -832 -435 -435 0
6 414 -480 1184 1184 0
6 415 -384 -384 -384 0
6 416 0 0 0 0
6 417 0 464 464 0
6 418 0 1168 1168 0
6 419 0 0 0 0
6 420 0 0 0 0
6 421 -752 -416 -416 0
6 422 656 -464 -464 0
6 423 272 1216 1216 0
6 424 -80 -80 -80 0
6 425 2000 4509 2794 1
6 426 1808 848 848 0
6 427 -1616 -1920 -1920 0
6 428 -672 -672 -672 0
6 429 1088 -256 -256 0
6 430 1232 -128 -128 0
6 431 240 240 240 0
6 432 0 0 0 0
6 433 0 656 656 0
6 434 0 960 960 0
6 435 0 0 0 0
6 436 0 0 0 0
6 437 -32 576 576 0
6 438 -256 1197 1197 0
6 439 -112 -496 -496 0
6 440 128 128 128 0
6 441 1296 2381 666 1
6 442 1248 4109 2394 1
6 443 2080 1952 237 1
6 444 0 0 0 0
6 445 -64 1424 1424 0
6 446 464 736 736 0
6 447 688 688 688 0
6 448 0 0 0 0
6 449 0 -320 -320 0
6 450 0 -2304 -2304 0
6 451 0 0 0 0
6 452 0 0 0 0
6 453 1344 1520 1520 0
6 454 64 765 765 0
6 455 480 1440 1440 0
6 456 48 48 48 0
6 457 -720 -3344 -3344 0
6 458 -880 893 893 0
6 459 2112 2624 909 1
6 460 -512 -512 -512 0
6 461 -320 141 141 0
6 462 -928 -368 -368 0
6 463 896 896 896 0
6 464 0 0 0 0
6 465 0 624 624 0
6 466 0 -992 -992 0
6 467 0 0 0 0
6 468 0 0 0 0
6 469 1472 3885 2170 1
6 470 1920 5437 3722 1
6 471 1344 2544 829 1
6 472 384 384 384 0
6 473 -496 -2224 -2224 0
6 474 3040 4013 2298 1
6 475 3312 3376 1661 1
6 476 336 336 336 0
6 477 2688 3056 1341 1
6 478 1552 1952 237 1
6 479 48 48 48 0
6 480 0 0 0 0
6 481 0 640 640 0
6 482 0 1536 1536 0
6 483 0 0 0 0
6 484 0 0 0 0
6 485 416 1808 93 1
6 486 1216 2141 426 1
6 487 1216 2637 922 1
6 488 96 96 96 0
6 489 272 48 48 0
6 490 368 1693 1693 0
6 491 2272 2736 1021 1
6 492 288 288 288 0
6 493 1056 -176 -176 0
6 494 960 1408 1408 0
6 495 208 208 208 0
6 496 0 0 0 0
6 497 0 208 208 0
6 498 0 -656 -656 0
6 499 0 0 0 0
6 500 0 0 0 0
6 501 448 1104 1104 0
6 502 720 1821 106 1
6 503 688 1584 1584 0
6 504 432 432 432 0
6 505 864 1312 1312 0
6 506 -368 93 93 0
6 507 1824 1344 1344 0
6 508 -512 -512 -512 0
6 509 752 2016 301 1
6 510 512 608 608 0
6 511 848 848 848 0
7 0 0 0 0 0
7 1 0 224 224 0
7 2 224 416 416 0
7 3 -336 -336 -336 0
7 4 0 0 0 0
7 5 0 989 989 0
7 6 1920 1808 93 1
7 7 -560 -3120 -3120 0
7 8 0 224 224 0
7 9 0 944 944 0
7 10 0 1309 1309 0
7 11 0 -16 -16 0
7 12 0 704 704 0
7 13 0 1376 1376 0
7 14 0 -1104 -1104 0
7 15 0 208 208 0
7 16 0 0 0 0
7 17 0 560 560 0
7 18 560 1053 1053 0
7 19 1264 1264 1264 0
7 20 0 0 0 0
7 21 0 -992 -992 0
7 22 -1344 -2496 -2496 0
7 23 -992 192 192 0
7 24 0 80 80 0
7 25 0 634 634 0
7 26 0 138 138 0
7 27 0 768 768 0
7 28 0 -752 -752 0
7 29 0 -1488 -1488 0
7 30 0 -256 -256 0
7 31 0 32 32 0
7 32 0 0 0 0
7 33 0 656 656 0
7 34 656 80 80 0
7 35 -208 -208 -208 0
7 36 0 0 0 0
7 37 0 1213 1213 0
7 38 496 2378 663 1
7 39 704 912 912 0
7 40 0 -160 -160 0
7 41 0 -1440 -1440 0
7 42 0 45 45 0
7 43 0 -1568 -1568 0
7 44 0 208 208 0
7 45 0 669 669 0
7 46 0 -672 -672 0
7 47 0 -48 -48 0
7 48 0 0 0 0
7 49 0 816 816 0
7 50 816 -144 -144 0
7 51 -544 -544 -544 0
7 52 0 0 0 0
7 53 0 1168 1168 0
7 54 464 2343 628 1
7 55 3152 2432 717 1
7 56 0 480 480 0
7 57 0 -3392 -3392 0
7 58 0 3578 1863 1
7 59 0 157 157 0
7 60 0 224 224 0
7 61 0 2013 298 1
7 62 0 1168 1168 0
7 63 0 1120 1120 0
7 64 0 0 0 0
7 65 0 -704 -704 0
7 66 -704 -48 -48 0
7 67 560 560 560 0
7 68 0 0 0 0
7 69 0 1373 1373 0
7 70 448 1792 77 1
7 71 1200 1744 29 1
7 72 0 -32 -32 0
7 73 0 1005 1005 0
7 74 0 365 365 0
7 75 0 685 685 0
7 76 0 128 128 0
7 77 0 1165 1165 0
7 78 0 -339 -339 0
7 79 0 -80 -80 0
7 80 0 0 0 0
7 81 0 -448 -448 0
7 82 -448 -1584 -1584 0
7 83 -1296 -1296 -1296 0
7 84 0 0 0 0
7 85 0 -960 -960 0
7 86 32 1184 1184 0
7 87 -352 800 800 0
7 88 0 -464 -464 0
7 89 0 1488 1488 0
7 90 0 2746 1031 1
7 91 0 -48 -48 0
7 92 0 -160 -160 0
7 93 0 493 493 0
7 94 0 685 685 0
7 95 0 352 352 0
7 96 0 0 0 0
7 97 0 256 256 0
7 98 256 0 0 0
7 99 544 544 544 0
7 100 0 0 0 0
7 101 0 653 653 0
7 102 1280 1392 1392 0
7 103 992 1757 42 1
7 104 0 464 464 0
7 105 0 1261 1261 0
7 106 0 493 493 0
7 107 0 960 960 0
7 108 0 608 608 0
7 109 0 288 288 0
7 110 0 -416 -416 0
7 111 0 640 640 0
7 112 0 0 0 0
7 113 0 -224 -224 0
7 114 -224 109 109 0
7 115 1232 1232 1232 0
7 116 0 0 0 0
7 117 0 1213 1213 0
7 118 1632 2621 906 1
7 119 720 2000 285 1
7 120 0 304 304 0
7 121 0 1402 1402 0
7 122 0 -176 -176 0
7 123 0 1632 1632 0
7 124 0 576 576 0
7 125 0 1072 1072 0
7 126 0 1600 1600 0
7 127 0 -416 -416 0
7 128 0 0 0 0
7 129 0 288 288 0
7 130 288 -912 -912 0
7 131 -1248 -1248 -1248 0
7 132 0 0 0 0
7 133 0 1341 1341 0
7 134 960 1984 269 1
7 135 160 848 848 0
7 136 0 16 16 0
7 137 0 1632 1632 0
7 138 0 2170 455 1
7 139 0 925 925 0
7 140 0 80 80 0
7 141 0 93 93 0
7 142 0 298 298 0
7 143 0 320 320 0
7 144 0 0 0 0
7 145 0 624 624 0
7 146 624 733 733 0
7 147 1328 1328 1328 0
7 148 0 0 0 0
7 149 0 362 362 0
7 150 1664 2800 1085 1
7 151 528 1565 1565 0
7 152 0 208 208 0
7 153 0 1152 1152 0
7 154 0 1424 1424 0
7 155 0 237 237 0
7 156 0 832 832 0
7 157 0 -1632 -1632 0
7 158 0 -1344 -1344 0
7 159 0 128 128 0
7 160 0 0 0 0
7 161 0 -320 -320 0
7 162 -320 -1664 -1664 0
7 163 -464 -464 -464 0
7 164 0 0 0 0
7 165 0 512 512 0
7 166 880 2480 765 1
7 167 496 -688 -688 0
7 168 0 112 112 0
7 169 0 752 752 0
7 170 0 4394 2679 1
7 171 0 -240 -240 0
7 172 0 -288 -288 0
7 173 0 1517 1517 0
7 174 0 928 928 0
7 175 0 16 16 0
7 176 0 0 0 0
7 177 0 1008 1008 0
7 178 1008 528 528 0
7 179 -80 -80 -80 0
7 180 0 0 0 0
7 181 0 221 221 0
7 182 -32 1213 1213 0
7 183 1552 1920 205 1
7 184 0 192 192 0
7 185 0 -592 -592 0
7 186 0 493 493 0
7 187 0 1469 1469 0
7 188 0 80 80 0
7 189 0 77 77 0
7 190 0 320 320 0
7 191 0 48 48 0
7 192 0 0 0 0
7 193 0 -384 -384 0
7 194 -384 -1008 -1008 0
7 195 -368 -368 -368 0
7 196 0 0 0 0
7 197 0 -960 -960 0
7 198 528 941 941 0
7 199 736 880 880 0
7 200 0 16 16 0
7 201 0 1565 1565 0
7 202 0 1680 1680 0
7 203 0 1520 1520 0
7 204 0 64 64 0
7 205 0 -400 -400 0
7 206 0 1184 1184 0
7 207 0 320 320 0
7 208 0 0 0 0
7 209 0 832 832 0
7 210 832 957 957 0
7 211 720 720 720 0
7 212 0 0 0 0
7 213 0 221 221 0
7 214 16 1818 103 1
7 215 1088 1072 1072 0
7 216 0 64 64 0
7 217 0 77 77 0
7 218 0 682 682 0
7 219 0 800 800 0
7 220 0 -160 -160 0
7 221 0 1034 1034 0
7 222 0 384 384 0
7 223 0 480 480 0
7 224 0 0 0 0
7 225 0 -1344 -1344 0
7 226 -1344 -1264 -1264 0
7 227 816 816 816 0
7 228 0 0 0 0
7 229 0 77 77 0
7 230 1184 2848 1133 1
7 231 -304 96 96 0
7 232 0 -800 -800 0
7 233 0 282 282 0
7 234 0 1197 1197 0
7 235 0 -547 -547 0
7 236 0 432 432 0
7 237 0 368 368 0
7 238 0 496 496 0
7 239 0 368 368 0
7 240 0 0 0 0
7 241 0 32 32 0
7 242 32 160 160 0
7 243 -144 -144 -144 0
7 244 0 0 0 0
7 245 0 954 954 0
7 246 992 1594 1594 0
7 247 1536 2205 490 1
7 248 0 -16 -16 0
7 249 0 93 93 0
7 250 0 -1488 -1488 0
7 251 0 -640 -640 0
7 252 0 320 320 0
7 253 0 1568 1568 0
7 254 0 -1184 -1184 0
7 255 0 -320 -320 0
7 256 0 0 0 0
7 257 0 -192 -192 0
7 258 -192 1216 1216 0
7 259 464 464 464 0
7 260 0 0 0 0
7 261 0 -992 -992 0
7 262 160 -1200 -1200 0
7 263 -480 80 80 0
7 264 0 -160 -160 0
7 265 0 429 429 0
7 266 0 -768 -768 0
7 267 0 506 506 0
7 268 0 -48 -48 0
7 269 0 -448 -448 0
7 270 0 2061 346 1
7 271 0 880 880 0
7 272 0 0 0 0
7 273 0 64 64 0
7 274 64 -688 -688 0
7 275 -320 -320 -320 0
7 276 0 0 0 0
7 277 0 829 829 0
7 278 -48 218 218 0
7 279 1008 816 816 0
7 280 0 -64 -64 0
7 281 0 -32 -32 0
7 282 0 -1312 -1312 0
7 283 0 -384 -384 0
7 284 0 -224 -224 0
7 285 0 125 125 0
7 286 0 141 141 0
7 287 0 -272 -272 0
7 288 0 0 0 0
7 289 0 128 128 0
7 290 128 512 512 0
7 291 160 160 160 0
7 292 0 0 0 0
7 293 0 461 461 0
7 294 704 880 880 0
7 295 -112 560 560 0
7 296 0 -688 -688 0
7 297 0 2858 1143 1
7 298 0 93 93 0
7 299 0 992 992 0
7 300 0 752 752 0
7 301 0 -1920 -1920 0
7 302 0 672 672 0
7 303 0 336 336 0
7 304 0 0 0 0
7 305 0 1024 1024 0
7 306 1024 1741 26 1
7 307 1088 1088 1088 0
7 308 0 0 0 0
7 309 0 16 16 0
7 310 256 1274 1274 0
7 311 1088 1408 1408 0
7 312 0 352 352 0
7 313 0 736 736 0
7 314 0 -579 -579 0
7 315 0 685 685 0
7 316 0 416 416 0
7 317 0 400 400 0
7 318 0 -1120 -1120 0
7 319 0 1328 1328 0
7 320 0 0 0 0
7 321 0 352 352 0
7 322 352 816 816 0
7 323 -352 -352 -352 0
7 324 0 0 0 0
7 325 0 608 608 0
7 326 96 496 496 0
7 327 -192 544 544 0
7 328 0 -32 -32 0
7 329 0 605 605 0
7 330 0 1312 1312 0
7 331 0 752 752 0
7 332 0 208 208 0
7 333 0 1664 1664 0
7 334 0 912 912 0
7 335 0 -224 -224 0
7 336 0 0 0 0
7 337 0 -64 -64 0
7 338 -64 -352 -352 0
7 339 -192 -192 -192 0
7 340 0 0 0 0
7 341 0 1568 1568 0
7 342 0 1751 36 1
7 343 2288 2064 349 1
7 344 0 -32 -32 0
7 345 0 1552 1552 0
7 346 0 189 189 0
7 347 0 352 352 0
7 348 0 -176 -176 0
7 349 0 58 58 0
7 350 0 256 256 0
7 351 0 -848 -848 0
7 352 0 0 0 0
7 353 0 112 112 0
7 354 112 1152 1152 0
7 355 768 768 768 0
7 356 0 0 0 0
7 357 0 1392 1392 0
7 358 1216 784 784 0
7 359 -928 144 144 0
7 360 0 -368 -368 0
7 361 0 1421 1421 0
7 362 0 1440 1440 0
7 363 0 45 45 0
7 364 0 480 480 0
7 365 0 432 432 0
7 366 0 2189 474 1
7 367 0 -368 -368 0
7 368 0 0 0 0
7 369 0 1184 1184 0
7 370 1184 2653 938 1
7 371 1232 1232 1232 0
7 372 0 0 0 0
7 373 0 -4784 -4784 0
7 374 -464 173 173 0
7 375 2032 1936 221 1
7 376 0 304 304 0
7 377 0 1962 247 1
7 378 0 -576 -576 0
7 379 0 1469 1469 0
7 380 0 -160 -160 0
7 381 0 -387 -387 0
7 382 0 141 141 0
7 383 0 160 160 0
7 384 0 0 0 0
7 385 0 352 352 0
7 386 352 848 848 0
7 387 -368 -368 -368 0
7 388 0 0 0 0
7 389 0 909 909 0
7 390 1968 2010 295 1
7 391 544 1808 93 1
7 392 0 64 64 0
7 393 0 1536 1536 0
7 394 0 480 480 0
7 395 0 765 765 0
7 396 0 656 656 0
7 397 0 672 672 0
7 398 0 1376 1376 0
7 399 0 -496 -496 0
7 400 0 0 0 0
7 401 0 304 304 0
7 402 304 688 688 0
7 403 160 160 160 0
7 404 0 0 0 0
7 405 0 768 768 0
7 406 1200 1773 58 1
7 407 1744 2032 317 1
7 408 0 192 192 0
7 409 0 666 666 0
7 410 0 1184 1184 0
7 411 0 1242 1242 0
7 412 0 400 400 0
7 413 0 -435 -435 0
7 414 0 1184 1184 0
7 415 0 -384 -384 0
7 416 0 0 0 0
7 417 0 464 464 0
7 418 464 1632 1632 0
7 419 768 768 768 0
7 420 0 0 0 0
7 421 0 -416 -416 0
7 422 -976 -1440 -1440 0
7 423 -704 512 512 0
7 424 0 -80 -80 0
7 425 0 2794 1079 1
7 426 0 848 848 0
7 427 0 -1920 -1920 0
7 428 0 -672 -672 0
7 429 0 -256 -256 0
7 430 0 -128 -128 0
7 431 0 240 240 0
7 432 0 0 0 0
7 433 0 656 656 0
7 434 656 1616 1616 0
7 435 192 192 192 0
7 436 0 0 0 0
7 437 0 576 576 0
7 438 688 1885 170 1
7 439 1184 688 688 0
7 440 0 128 128 0
7 441 0 666 666 0
7 442 0 2394 679 1
7 443 0 237 237 0
7 444 0 0 0 0
7 445 0 1424 1424 0
7 446 0 736 736 0
7 447 0 688 688 0
7 448 0 0 0 0
7 449 0 -320 -320 0
7 450 -320 -2624 -2624 0
7 451 -1344 -1344 -1344 0
7 452 0 0 0 0
7 453 0 1520 1520 0
7 454 0 765 765 0
7 455 1040 2480 765 1
7 456 0 48 48 0
7 457 0 -3344 -3344 0
7 458 0 893 893 0
7 459 0 909 909 0
7 460 0 -512 -512 0
7 461 0 141 141 0
7 462 0 -368 -368 0
7 463 0 896 896 0
7 464 0 0 0 0
7 465 0 624 624 0
7 466 624 -368 -368 0
7 467 -1056 -1056 -1056 0
7 468 0 0 0 0
7 469 0 2170 455 1
7 470 1840 5562 3847 1
7 471 720 1549 1549 0
7 472 0 384 384 0
7 473 0 -2224 -2224 0
7 474 0 2298 583 1
7 475 0 1661 1661 0
7 476 0 336 336 0
7 477 0 1341 1341 0
7 478 0 237 237 0
7 479 0 48 48 0
7 480 0 0 0 0
7 481 0 640 640 0
7 482 640 2176 461 1
7 483 640 640 640 0
7 484 0 0 0 0
7 485 0 93 93 0
7 486 320 746 746 0
7 487 400 1322 1322 0
7 488 0 96 96 0
7 489 0 48 48 0
7 490 0 1693 1693 0
7 491 0 1021 1021 0
7 492 0 288 288 0
7 493 0 -176 -176 0
7 494 0 1408 1408 0
7 495 0 208 208 0
7 496 0 0 0 0
7 497 0 208 208 0
7 498 208 -448 -448 0
7 499 -208 -208 -208 0
7 500 0 0 0 0
7 501 0 1104 1104 0
7 502 368 474 474 0
7 503 2208 3792 2077 1
7 504 0 432 432 0
7 505 0 1312 1312 0
7 506 0 93 93 0
7 507 0 1344 1344 0
7 508 0 -512 -512 0
7 509 0 301 301 0
7 510 0 608 608 0
7 511 0 848 848 0
8 0 1072 1072 1072 0
8 1 -1008 -1008 -1008 0
8 2 -336 -336 -336 0
8 3 0 0 0 0
8 4 1664 1664 1664 0
8 5 -1856 -1856 -1856 0
8 6 544 544 544 0
8 7 0 0 0 0
8 8 0 0 0 0
8 9 704 704 704 0
8 10 -224 -224 -224 0
8 11 0 0 0 0
8 12 0 0 0 0
8 13 1360 1360 1360 0
8 14 -1104 -1104 -1104 0
8 15 0 0 0 0
8 16 -32 -32 -32 0
8 17 -272 -272 -272 0
8 18 -224 -224 -224 0
8 19 0 0 0 0
8 20 -864 -864 -864 0
8 21 176 176 176 0
8 22 912 912 912 0
8 23 0 0 0 0
8 24 0 0 0 0
8 25 1264 1264 1264 0
8 26 -112 -112 -112 0
8 27 0 0 0 0
8 28 0 0 0 0
8 29 -2000 -2000 -2000 0
8 30 464 464 464 0
8 31 0 0 0 0
8 32 -224 -224 -224 0
8 33 1408 1408 1408 0
8 34 448 448 448 0
8 35 0 0 0 0
8 36 992 992 992 0
8 37 2752 2752 1037 1
8 38 64 64 64 0
8 39 0 0 0 0
8 40 0 0 0 0
8 41 -960 -960 -960 0
8 42 1136 1136 1136 0
8 43 0 0 0 0
8 44 0 0 0 0
8 45 1008 1008 1008 0
8 46 1408 1408 1408 0
8 47 0 0 0 0
8 48 1760 1760 45 1
8 49 1584 1584 1584 0
8 50 -208 -208 -208 0
8 51 0 0 0 0
8 52 2176 2176 461 1
8 53 2240 2240 525 1
8 54 1088 1088 1088 0
8 55 0 0 0 0
8 56 0 0 0 0
8 57 368 368 368 0
8 58 2416 2416 701 1
8 59 0 0 0 0
8 60 0 0 0 0
8 61 3968 3968 2253 1
8 62 624 624 624 0
8 63 0 0 0 0
8 64 48 48 48 0
8 65 1168 1168 1168 0
8 66 224 224 224 0
8 67 0 0 0 0
8 68 592 592 592 0
8 69 1504 1504 1504 0
8 70 192 192 192 0
8 71 0 0 0 0
8 72 0 0 0 0
8 73 160 160 160 0
8 74 720 720 720 0
8 75 0 0 0 0
8 76 0 0 0 0
8 77 704 704 704 0
8 78 384 384 384 0
8 79 0 0 0 0
8 80 656 656 656 0
8 81 992 992 992 0
8 82 -288 -288 -288 0
8 83 0 0 0 0
8 84 1024 1024 1024 0
8 85 784 784 784 0
8 86 64 64 64 0
8 87 0 0 0 0
8 88 0 0 0 0
8 89 -656 -656 -656 0
8 90 -160 -160 -160 0
8 91 0 0 0 0
8 92 0 0 0 0
8 93 752 752 752 0
8 94 -48 -48 -48 0
8 95 0 0 0 0
8 96 736 736 736 0
8 97 1824 1824 109 1
8 98 1152 1152 1152 0
8 99 0 0 0 0
8 100 864 864 864 0
8 101 624 624 624 0
8 102 336 336 336 0
8 103 0 0 0 0
8 104 0 0 0 0
8 105 848 848 848 0
8 106 2176 2176 461 1
8 107 0 0 0 0
8 108 0 0 0 0
8 109 1024 1024 1024 0
8 110 -560 -560 -560 0
8 111 0 0 0 0
8 112 2240 2240 525 1
8 113 1408 1408 1408 0
8 114 144 144 144 0
8 115 0 0 0 0
8 116 2032 2032 317 1
8 117 1072 1072 1072 0
8 118 1360 1360 1360 0
8 119 0 0 0 0
8 120 0 0 0 0
8 121 1360 1360 1360 0
8 122 1152 1152 1152 0
8 123 0 0 0 0
8 124 0 0 0 0
8 125 2288 2288 573 1
8 126 -464 -464 -464 0
8 127 0 0 0 0
8 128 0 0 0 0
8 129 -688 -688 -688 0
8 130 -944 -944 -944 0
8 131 0 0 0 0
8 132 -144 -144 -144 0
8 133 -160 -160 -160 0
8 134 1504 1504 1504 0
8 135 0 0 0 0
8 136 0 0 0 0
8 137 496 496 496 0
8 138 544 544 544 0
8 139 0 0 0 0
8 140 0 0 0 0
8 141 720 720 720 0
8 142 -240 -240 -240 0
8 143 0 0 0 0
8 144 -224 -224 -224 0
8 145 1072 1072 1072 0
8 146 1136 1136 1136 0
8 147 0 0 0 0
8 148 1696 1696 1696 0
8 149 352 352 352 0
8 150 2800 2800 1085 1
8 151 0 0 0 0
8 152 0 0 0 0
8 153 960 960 960 0
8 154 96 96 96 0
8 155 0 0 0 0
8 156 0 0 0 0
8 157 1408 1408 1408 0
8 158 208 208 208 0
8 159 0 0 0 0
8 160 -624 -624 -624 0
8 161 224 224 224 0
8 162 -496 -496 -496 0
8 163 0 0 0 0
8 164 -1152 -1152 -1152 0
8 165 816 816 816 0
8 166 1232 1232 1232 0
8 167 0 0 0 0
8 168 0 0 0 0
8 169 -1040 -1040 -1040 0
8 170 1200 1200 1200 0
8 171 0 0 0 0
8 172 0 0 0 0
8 173 256 256 256 0
8 174 384 384 384 0
8 175 0 0 0 0
8 176 1200 1200 1200 0
8 177 800 800 800 0
8 178 96 96 96 0
8 179 0 0 0 0
8 180 544 544 544 0
8 181 3488 3488 1773 1
8 182 -224 -224 -224 0
8 183 0 0 0 0
8 184 0 0 0 0
8 185 -1056 -1056 -1056 0
8 186 -224 -224 -224 0
8 187 0 0 0 0
8 188 0 0 0 0
8 189 912 912 912 0
8 190 0 0 0 0
8 191 0 0 0 0
8 192 928 928 928 0
8 193 -336 -336 -336 0
8 194 -640 -640 -640 0
8 195 0 0 0 0
8 196 1264 1264 1264 0
8 197 -1456 -1456 -1456 0
8 198 928 928 928 0
8 199 0 0 0 0
8 200 0 0 0 0
8 201 624 624 624 0
8 202 2304 2304 589 1
8 203 0 0 0 0
8 204 0 0 0 0
8 205 1536 1536 1536 0
8 206 -496 -496 -496 0
8 207 0 0 0 0
8 208 304 304 304 0
8 209 1456 1456 1456 0
8 210 -384 -384 -384 0
8 211 0 0 0 0
8 212 736 736 736 0
8 213 -304 -304 -304 0
8 214 2208 2208 493 1
8 215 0 0 0 0
8 216 0 0 0 0
8 217 1392 1392 1392 0
8 218 576 576 576 0
8 219 0 0 0 0
8 220 0 0 0 0
8 221 -64 -64 -64 0
8 222 544 544 544 0
8 223 0 0 0 0
8 224 -784 -784 -784 0
8 225 1888 1888 173 1
8 226 -48 -48 -48 0
8 227 0 0 0 0
8 228 576 576 576 0
8 229 2208 2208 493 1
8 230 864 864 864 0
8 231 0 0 0 0
8 232 0 0 0 0
8 233 -480 -480 -480 0
8 234 1472 1472 1472 0
8 235 0 0 0 0
8 236 0 0 0 0
8 237 1184 1184 1184 0
8 238 1328 1328 1328 0
8 239 0 0 0 0
8 240 912 912 912 0
8 241 1440 1440 1440 0
8 242 1216 1216 1216 0
8 243 0 0 0 0
8 244 464 464 464 0
8 245 1120 1120 1120 0
8 246 336 336 336 0
8 247 0 0 0 0
8 248 0 0 0 0
8 249 976 976 976 0
8 250 1664 1664 1664 0
8 251 0 0 0 0
8 252 0 0 0 0
8 253 1104 1104 1104 0
8 254 -560 -560 -560 0
8 255 0 0 0 0
8 256 704 704 704 0
8 257 -592 -592 -592 0
8 258 -736 -736 -736 0
8 259 0 0 0 0
8 260 -1216 -1216 -1216 0
8 261 1280 1280 1280 0
8 262 -48 -48 -48 0
8 263 0 0 0 0
8 264 0 0 0 0
8 265 688 688 688 0
8 266 1472 1472 1472 0
8 267 0 0 0 0
8 268 0 0 0 0
8 269 448 448 448 0
8 270 -96 -96 -96 0
8 271 0 0 0 0
8 272 288 288 288 0
8 273 2704 2704 989 1
8 274 -16 -16 -16 0
8 275 0 0 0 0
8 276 -272 -272 -272 0
8 277 1680 1680 1680 0
8 278 -1056 -1056 -1056 0
8 279 0 0 0 0
8 280 0 0 0 0
8 281 -528 -528 -528 0
8 282 1648 1648 1648 0
8 283 0 0 0 0
8 284 0 0 0 0
8 285 608 608 608 0
8 286 -304 -304 -304 0
8 287 0 0 0 0
8 288 -1360 -1360 -1360 0
8 289 -640 -640 -640 0
8 290 1040 1040 1040 0
8 291 0 0 0 0
8 292 1504 1504 1504 0
8 293 1696 1696 1696 0
8 294 2512 2512 797 1
8 295 0 0 0 0
8 296 0 0 0 0
8 297 464 464 464 0
8 298 16 16 16 0
8 299 0 0 0 0
8 300 0 0 0 0
8 301 2016 2016 301 1
8 302 816 816 816 0
8 303 0 0 0 0
8 304 2096 2096 381 1
8 305 896 896 896 0
8 306 -208 -208 -208 0
8 307 0 0 0 0
8 308 1744 1744 29 1
8 309 -32 -32 -32 0
8 310 736 736 736 0
8 311 0 0 0 0
8 312 0 0 0 0
8 313 1968 1968 253 1
8 314 2160 2160 445 1
8 315 0 0 0 0
8 316 0 0 0 0
8 317 2080 2080 365 1
8 318 48 48 48 0
8 319 0 0 0 0
8 320 1504 1504 1504 0
8 321 -1936 -1936 -1936 0
8 322 960 960 960 0
8 323 0 0 0 0
8 324 544 544 544 0
8 325 -848 -848 -848 0
8 326 1984 1984 269 1
8 327 0 0 0 0
8 328 0 0 0 0
8 329 976 976 976 0
8 330 64 64 64 0
8 331 0 0 0 0
8 332 0 0 0 0
8 333 320 320 320 0
8 334 512 512 512 0
8 335 0 0 0 0
8 336 1040 1040 1040 0
8 337 3664 3664 1949 1
8 338 -768 -768 -768 0
8 339 0 0 0 0
8 340 1664 1664 1664 0
8 341 7008 7008 5293 1
8 342 -1168 -1168 -1168 0
8 343 0 0 0 0
8 344 0 0 0 0
8 345 -992 -992 -992 0
8 346 960 960 960 0
8 347 0 0 0 0
8 348 0 0 0 0
8 349 2016 2016 301 1
8 350 1984 1984 269 1
8 351 0 0 0 0
8 352 -224 -224 -224 0
8 353 1648 1648 1648 0
8 354 -160 -160 -160 0
8 355 0 0 0 0
8 356 1232 1232 1232 0
8 357 1920 1920 205 1
8 358 -816 -816 -816 0
8 359 0 0 0 0
8 360 0 0 0 0
8 361 240 240 240 0
8 362 64 64 64 0
8 363 0 0 0 0
8 364 0 0 0 0
8 365 608 608 608 0
8 366 -80 -80 -80 0
8 367 0 0 0 0
8 368 1216 1216 1216 0
8 369 2352 2352 637 1
8 370 -304 -304 -304 0
8 371 0 0 0 0
8 372 -160 -160 -160 0
8 373 2368 2368 653 1
8 374 -64 -64 -64 0
8 375 0 0 0 0
8 376 0 0 0 0
8 377 3216 3216 1501 1
8 378 800 800 800 0
8 379 0 0 0 0
8 380 0 0 0 0
8 381 1824 1824 109 1
8 382 624 624 624 0
8 383 0 0 0 0
8 384 1504 1504 1504 0
8 385 2016 2016 301 1
8 386 -176 -176 -176 0
8 387 0 0 0 0
8 388 1680 1680 1680 0
8 389 1808 1808 93 1
8 390 -896 -896 -896 0
8 391 0 0 0 0
8 392 0 0 0 0
8 393 736 736 736 0
8 394 -688 -688 -688 0
8 395 0 0 0 0
8 396 0 0 0 0
8 397 1200 1200 1200 0
8 398 240 240 240 0
8 399 0 0 0 0
8 400 1696 1696 1696 0
8 401 1520 1520 1520 0
8 402 -96 -96 -96 0
8 403 0 0 0 0
8 404 992 992 992 0
8 405 880 880 880 0
8 406 352 352 352 0
8 407 0 0 0 0
8 408 0 0 0 0
8 409 1040 1040 1040 0
8 410 48 48 48 0
8 411 0 0 0 0
8 412 0 0 0 0
8 413 1984 1984 269 1
8 414 0 0 0 0
8 415 0 0 0 0
8 416 -160 -160 -160 0
8 417 112 112 112 0
8 418 656 656 656 0
8 419 0 0 0 0
8 420 -960 -960 -960 0
8 421 -1808 -1808 -1808 0
8 422 1808 1808 93 1
8 423 0 0 0 0
8 424 0 0 0 0
8 425 -176 -176 -176 0
8 426 592 592 592 0
8 427 0 0 0 0
8 428 0 0 0 0
8 429 -1600 -1600 -1600 0
8 430 -48 -48 -48 0
8 431 0 0 0 0
8 432 1168 1168 1168 0
8 433 -384 -384 -384 0
8 434 128 128 128 0
8 435 0 0 0 0
8 436 592 592 592 0
8 437 1472 1472 1472 0
8 438 1152 1152 1152 0
8 439 0 0 0 0
8 440 0 0 0 0
8 441 1680 1680 1680 0
8 442 1472 1472 1472 0
8 443 0 0 0 0
8 444 0 0 0 0
8 445 1040 1040 1040 0
8 446 -256 -256 -256 0
8 447 0 0 0 0
8 448 160 160 160 0
8 449 256 256 256 0
8 450 528 528 528 0
8 451 0 0 0 0
8 452 32 32 32 0
8 453 2240 2240 525 1
8 454 -848 -848 -848 0
8 455 0 0 0 0
8 456 0 0 0 0
8 457 -656 -656 -656 0
8 458 1120 1120 1120 0
8 459 0 0 0 0
8 460 0 0 0 0
8 461 2128 2128 413 1
8 462 464 464 464 0
8 463 0 0 0 0
8 464 912 912 912 0
8 465 1632 1632 1632 0
8 466 -192 -192 -192 0
8 467 0 0 0 0
8 468 544 544 544 0
8 469 2208 2208 493 1
8 470 2032 2032 317 1
8 471 0 0 0 0
8 472 0 0 0 0
8 473 512 512 512 0
8 474 480 480 480 0
8 475 0 0 0 0
8 476 0 0 0 0
8 477 1488 1488 1488 0
8 478 320 320 320 0
8 479 0 0 0 0
8 480 800 800 800 0
8 481 352 352 352 0
8 482 896 896 896 0
8 483 0 0 0 0
8 484 1872 1872 157 1
8 485 -816 -816 -816 0
8 486 4048 4048 2333 1
8 487 0 0 0 0
8 488 0 0 0 0
8 489 416 416 416 0
8 490 -160 -160 -160 0
8 491 0 0 0 0
8 492 0 0 0 0
8 493 896 896 896 0
8 494 368 368 368 0
8 495 0 0 0 0
8 496 32 32 32 0
8 497 992 992 992 0
8 498 400 400 400 0
8 499 0 0 0 0
8 500 -1040 -1040 -1040 0
8 501 3072 3072 1357 1
8 502 -752 -752 -752 0
8 503 0 0 0 0
8 504 0 0 0 0
8 505 432 432 432 0
8 506 976 976 976 0
8 507 0 0 0 0
8 508 0 0 0 0
8 509 496 496 496 0
8 510 656 656 656 0
8 511 0 0 0 0
9 0 1152 2224 509 1
9 1 -736 -1744 -1744 0
9 2 80 -256 -256 0
9 3 1936 1936 221 1
9 4 2176 3840 2125 1
9 5 -288 -2144 -2144 0
9 6 -1488 -944 -944 0
9 7 832 832 832 0
9 8 848 848 848 0
9 9 2096 2800 1085 1
9 10 208 -16 -16 0
9 11 -48 -48 -48 0
9 12 0 0 0 0
9 13 320 1680 1680 0
9 14 -608 -1712 -1712 0
9 15 512 512 512 0
9 16 1568 1536 1536 0
9 17 1648 1376 1376 0
9 18 -416 -640 -640 0
9 19 864 864 864 0
9 20 -608 -1472 -1472 0
9 21 96 272 272 0
9 22 3072 3984 2269 1
9 23 3488 3488 1773 1
9 24 448 448 448 0
9 25 720 1984 269 1
9 26 -1472 -1584 -1584 0
9 27 3344 3344 1629 1
9 28 0 0 0 0
9 29 48 -1952 -1952 0
9 30 -704 -240 -240 0
9 31 1200 1200 1200 0
9 32 560 336 336 0
9 33 288 1696 1696 0
9 34 912 1360 1360 0
9 35 3184 3184 1469 1
9 36 -256 736 736 0
9 37 2528 3565 1850 1
9 38 -848 -784 -784 0
9 39 464 464 464 0
9 40 848 848 848 0
9 41 2048 1088 1088 0
9 42 -1472 -336 -336 0
9 43 320 320 320 0
9 44 0 0 0 0
9 45 768 1776 61 1
9 46 928 2336 621 1
9 47 1520 1520 1520 0
9 48 2544 2589 874 1
9 49 1344 2928 1213 1
9 50 1232 1024 1024 0
9 51 256 256 256 0
9 52 1808 2269 554 1
9 53 4688 5213 3498 1
9 54 -1744 -656 -656 0
9 55 -496 -496 -496 0
9 56 1424 1424 1424 0
9 57 256 624 624 0
9 58 2544 3245 1530 1
9 59 -1328 -1328 -1328 0
9 60 0 0 0 0
9 61 1552 3805 2090 1
9 62 -176 448 448 0
9 63 -784 -784 -784 0
9 64 752 800 800 0
9 65 1232 2400 685 1
9 66 384 608 608 0
9 67 4064 4064 2349 1
9 68 1008 1600 1600 0
9 69 224 1728 13 1
9 70 -96 96 96 0
9 71 3312 3312 1597 1
9 72 64 64 64 0
9 73 1616 1776 61 1
9 74 1168 1888 173 1
9 75 1024 1024 1024 0
9 76 0 0 0 0
9 77 32 736 736 0
9 78 -416 -32 -32 0
9 79 448 448 448 0
9 80 -1264 -608 -608 0
9 81 2400 3392 1677 1
9 82 -400 -688 -688 0
9 83 -2000 -2000 -2000 0
9 84 992 2016 301 1
9 85 176 960 960 0
9 86 432 496 496 0
9 87 688 688 688 0
9 88 720 720 720 0
9 89 2480 1824 109 1
9 90 -2208 -2368 -2368 0
9 91 -1712 -1712 -1712 0
9 92 0 0 0 0
9 93 688 1440 1440 0
9 94 -896 -944 -944 0
9 95 976 976 976 0
9 96 80 816 816 0
9 97 1888 1997 282 1
9 98 -176 976 976 0
9 99 1984 1984 269 1
9 100 2480 3344 1629 1
9 101 752 1376 1376 0
9 102 1760 2096 381 1
9 103 4688 4688 2973 1
9 104 -656 -656 -656 0
9 105 2160 3008 1293 1
9 106 608 1069 1069 0
9 107 2224 2224 509 1
9 108 0 0 0 0
9 109 880 1904 189 1
9 110 928 368 368 0
9 111 -720 -720 -720 0
9 112 -624 -99 -99 0
9 113 3984 5392 3677 1
9 114 -112 32 32 0
9 115 1872 1872 157 1
9 116 2832 3149 1434 1
9 117 -1072 0 0 0
9 118 1408 2768 1053 1
9 119 4336 4336 2621 1
9 120 -64 -64 -64 0
9 121 3056 4416 2701 1
9 122 -512 640 640 0
9 123 1136 1136 1136 0
9 124 0 0 0 0
9 125 464 1037 1037 0
9 126 464 0 0 0
9 127 -1328 -1328 -1328 0
9 128 1712 1712 1712 0
9 129 -256 -944 -944 0
9 130 288 -656 -656 0
9 131 384 384 384 0
9 132 192 48 48 0
9 133 -416 -576 -576 0
9 134 -16 1488 1488 0
9 135 928 928 928 0
9 136 208 208 208 0
9 137 1056 1552 1552 0
9 138 -1264 -720 -720 0
9 139 -496 -496 -496 0
9 140 0 0 0 0
9 141 96 816 816 0
9 142 -960 -1200 -1200 0
9 143 528 528 528 0
9 144 848 624 624 0
9 145 -368 704 704 0
9 146 704 1840 125 1
9 147 2336 2336 621 1
9 148 832 2528 813 1
9 149 1792 2144 429 1
9 150 880 1965 250 1
9 151 -400 -400 -400 0
9 152 928 928 928 0
9 153 -1184 -224 -224 0
9 154 -448 -352 -352 0
9 155 -1040 -1040 -1040 0
9 156 0 0 0 0
9 157 -176 1232 1232 0
9 158 1184 1392 1392 0
9 159 -1088 -1088 -1088 0
9 160 2144 1520 1520 0
9 161 -2832 -2608 -2608 0
9 162 592 96 96 0
9 163 192 192 192 0
9 164 -384 -1536 -1536 0
9 165 3568 4384 2669 1
9 166 -912 320 320 0
9 167 480 480 480 0
9 168 384 384 384 0
9 169 -496 -1536 -1536 0
9 170 1664 2864 1149 1
9 171 1024 1024 1024 0
9 172 0 0 0 0
9 173 -1136 -880 -880 0
9 174 128 512 512 0
9 175 2736 2736 1021 1
9 176 896 2096 381 1
9 177 2128 2928 1213 1
9 178 1760 1856 141 1
9 179 304 304 304 0
9 180 -96 448 448 0
9 181 1536 3309 1594 1
9 182 128 -96 -96 0
9 183 -208 -208 -208 0
9 184 176 176 176 0
9 185 1088 32 32 0
9 186 976 752 752 0
9 187 1360 1360 1360 0
9 188 0 0 0 0
9 189 544 1456 1456 0
9 190 928 928 928 0
9 191 1296 1296 1296 0
9 192 544 1472 1472 0
9 193 848 512 512 0
9 194 320 -320 -320 0
9 195 -352 -352 -352 0
9 196 1392 2656 941 1
9 197 2096 640 640 0
9 198 -112 816 816 0
9 199 2688 2688 973 1
9 200 720 720 720 0
9 201 880 1504 1504 0
9 202 240 829 829 0
9 203 1504 1504 1504 0
9 204 0 0 0 0
9 205 -112 1424 1424 0
9 206 -304 -800 -800 0
9 207 -864 -864 -864 0
9 208 1280 1584 1584 0
9 209 1792 3248 1533 1
9 210 960 576 576 0
9 211 2448 2448 733 1
9 212 1264 2000 285 1
9 213 3664 3360 1645 1
9 214 -320 173 173 0
9 215 1488 1488 1488 0
9 216 224 224 224 0
9 217 1472 2864 1149 1
9 218 1040 1616 1616 0
9 219 1136 1136 1136 0
9 220 0 0 0 0
9 221 1136 1072 1072 0
9 222 1552 2096 381 1
9 223 672 672 672 0
9 224 -832 -1616 -1616 0
9 225 320 493 493 0
9 226 1664 1616 1616 0
9 227 512 512 512 0
9 228 1760 2336 621 1
9 229 2288 2781 1066 1
9 230 416 1280 1280 0
9 231 3552 3552 1837 1
9 232 288 288 288 0
9 233 2272 1792 77 1
9 234 672 2144 429 1
9 235 3776 3776 2061 1
9 236 0 0 0 0
9 237 1008 2192 477 1
9 238 944 2272 557 1
9 239 -1024 -1024 -1024 0
9 240 -112 800 800 0
9 241 1088 2528 813 1
9 242 2368 3584 1869 1
9 243 3456 3456 1741 1
9 244 1936 2400 685 1
9 245 3040 4160 2445 1
9 246 -528 -192 -192 0
9 247 1808 1808 93 1
9 248 -384 -384 -384 0
9 249 752 1728 13 1
9 250 -320 1344 1344 0
9 251 496 496 496 0
9 252 0 0 0 0
9 253 608 1712 1712 0
9 254 1920 1360 1360 0
9 255 -672 -672 -672 0
9 256 -112 592 592 0
9 257 2464 1872 157 1
9 258 384 -352 -352 0
9 259 -1360 -1360 -1360 0
9 260 960 -256 -256 0
9 261 608 1888 173 1
9 262 1712 1664 1664 0
9 263 -832 -832 -832 0
9 264 -720 -720 -720 0
9 265 2848 3536 1821 1
9 266 2560 4032 2317 1
9 267 2608 2608 893 1
9 268 0 0 0 0
9 269 -1072 -624 -624 0
9 270 80 -16 -16 0
9 271 128 128 128 0
9 272 -80 208 208 0
9 273 528 1517 1517 0
9 274 2752 2736 1021 1
9 275 1856 1856 141 1
9 276 352 80 80 0
9 277 2976 4656 2941 1
9 278 -1872 -2928 -2928 0
9 279 -64 -64 -64 0
9 280 -384 -384 -384 0
9 281 320 -208 -208 0
9 282 2544 4192 2477 1
9 283 1776 1776 61 1
9 284 0 0 0 0
9 285 592 1200 1200 0
9 286 1472 1168 1168 0
9 287 448 448 448 0
9 288 1008 -352 -352 0
9 289 -1104 -1744 -1744 0
9 290 -48 992 992 0
9 291 304 304 304 0
9 292 1312 2816 1101 1
9 293 3184 4880 3165 1
9 294 1264 2061 346 1
9 295 3712 3712 1997 1
9 296 2464 2464 749 1
9 297 480 944 944 0
9 298 1136 1152 1152 0
9 299 3312 3312 1597 1
9 300 0 0 0 0
9 301 1152 1453 1453 0
9 302 -160 656 656 0
9 303 -1264 -1264 -1264 0
9 304 128 509 509 0
9 305 2720 3616 1901 1
9 306 1232 1024 1024 0
9 307 -880 -880 -880 0
9 308 976 1005 1005 0
9 309 2384 2352 637 1
9 310 3584 4320 2605 1
9 311 560 560 560 0
9 312 448 448 448 0
9 313 -160 93 93 0
9 314 944 1389 1389 0
9 315 2096 2096 381 1
9 316 0 0 0 0
9 317 -48 317 317 0
9 318 288 336 336 0
9 319 176 176 176 0
9 320 320 1824 109 1
9 321 768 -1168 -1168 0
9 322 176 1136 1136 0
9 323 1504 1504 1504 0
9 324 3616 4160 2445 1
9 325 -224 -1072 -1072 0
9 326 -928 -659 -659 0
9 327 4336 4336 2621 1
9 328 384 384 384 0
9 329 4896 5872 4157 1
9 330 48 112 112 0
9 331 976 976 976 0
9 332 0 0 0 0
9 333 640 960 960 0
9 334 880 1392 1392 0
9 335 80 80 80 0
9 336 -960 80 80 0
9 337 3248 5197 3482 1
9 338 3104 2336 621 1
9 339 -640 -640 -640 0
9 340 608 2272 557 1
9 341 4576 9869 8154 1
9 342 400 -768 -768 0
9 343 320 320 320 0
9 344 1184 1184 1184 0
9 345 3712 2720 1005 1
9 346 2720 3680 1965 1
9 347 1952 1952 237 1
9 348 0 0 0 0
9 349 2080 2381 666 1
9 350 896 1165 1165 0
9 351 224 224 224 0
9 352 -880 -1104 -1104 0
9 353 1424 3072 1357 1
9 354 192 32 32 0
9 355 192 192 192 0
9 356 1088 2320 605 1
9 357 1456 1661 1661 0
9 358 1280 464 464 0
9 359 1088 1088 1088 0
9 360 992 992 992 0
9 361 2320 2560 845 1
9 362 -624 -560 -560 0
9 363 1184 1184 1184 0
9 364 0 0 0 0
9 365 496 1104 1104 0
9 366 -448 -528 -528 0
9 367 864 864 864 0
9 368 -96 1120 1120 0
9 369 3936 4573 2858 1
9 370 -336 -640 -640 0
9 371 -3424 -3424 -3424 0
9 372 1232 1072 1072 0
9 373 2048 2701 986 1
9 374 2912 2848 1133 1
9 375 576 576 576 0
9 376 496 496 496 0
9 377 1872 3373 1658 1
9 378 2064 2864 1149 1
9 379 1792 1792 77 1
9 380 0 0 0 0
9 381 -208 -99 -99 0
9 382 -1280 -656 -656 0
9 383 640 640 640 0
9 384 -368 1136 1136 0
9 385 2448 2749 1034 1
9 386 -544 -720 -720 0
9 387 -432 -432 -432 0
9 388 3184 4864 3149 1
9 389 64 157 157 0
9 390 2352 1456 1456 0
9 391 800 800 800 0
9 392 144 144 144 0
9 393 3392 4128 2413 1
9 394 -1632 -2320 -2320 0
9 395 2304 2304 589 1
9 396 0 0 0 0
9 397 1648 2848 1133 1
9 398 -736 -496 -496 0
9 399 -384 -384 -384 0
9 400 752 2448 733 1
9 401 2592 4112 2397 1
9 402 -1328 -1424 -1424 0
9 403 -592 -592 -592 0
9 404 2640 3632 1917 1
9 405 -1616 -736 -736 0
9 406 1280 1632 1632 0
9 407 2000 2000 285 1
9 408 -96 -96 -96 0
9 409 2880 3920 2205 1
9 410 832 880 880 0
9 411 2352 2352 637 1
9 412 0 0 0 0
9 413 -64 205 205 0
9 414 -1776 -1776 -1776 0
9 415 -240 -240 -240 0
9 416 640 480 480 0
9 417 -96 16 16 0
9 418 2752 3408 1693 1
9 419 1680 1680 1680 0
9 420 -1088 -2048 -2048 0
9 421 512 -1296 -1296 0
9 422 1568 1661 1661 0
9 423 5264 5264 3549 1
9 424 -816 -816 -816 0
9 425 320 144 144 0
9 426 -1328 -736 -736 0
9 427 1136 1136 1136 0
9 428 0 0 0 0
9 429 -928 -2528 -2528 0
9 430 2112 2064 349 1
9 431 -288 -288 -288 0
9 432 240 1408 1408 0
9 433 3136 2752 1037 1
9 434 -336 -208 -208 0
9 435 -592 -592 -592 0
9 436 2672 3264 1549 1
9 437 1360 2832 1117 1
9 438 2064 3216 1501 1
9 439 2832 2832 1117 1
9 440 -240 -240 -240 0
9 441 2672 4352 2637 1
9 442 -608 864 864 0
9 443 2160 2160 445 1
9 444 0 0 0 0
9 445 752 1792 77 1
9 446 -320 -576 -576 0
9 447 368 368 368 0
9 448 -1392 -1232 -1232 0
9 449 -96 160 160 0
9 450 832 1360 1360 0
9 451 -1040 -1040 -1040 0
9 452 -112 -80 -80 0
9 453 192 717 717 0
9 454 448 -400 -400 0
9 455 -2656 -2656 -2656 0
9 456 976 976 976 0
9 457 96 -560 -560 0
9 458 -128 992 992 0
9 459 -512 -512 -512 0
9 460 0 0 0 0
9 461 1520 1933 218 1
9 462 416 880 880 0
9 463 96 96 96 0
9 464 1520 2432 717 1
9 465 1296 2928 1213 1
9 466 2448 2256 541 1
9 467 1760 1760 45 1
9 468 1520 2064 349 1
9 469 3088 3581 1866 1
9 470 176 493 493 0
9 471 -368 -368 -368 0
9 472 96 96 96 0
9 473 1120 1632 1632 0
9 474 48 528 528 0
9 475 -976 -976 -976 0
9 476 0 0 0 0
9 477 1328 2816 1101 1
9 478 1456 1776 61 1
9 479 592 592 592 0
9 480 896 1696 1696 0
9 481 2064 2416 701 1
9 482 2128 3024 1309 1
9 483 1296 1296 1296 0
9 484 -224 -67 -67 0
9 485 1792 976 976 0
9 486 2576 4909 3194 1
9 487 672 672 672 0
9 488 1472 1472 1472 0
9 489 -768 -352 -352 0
9 490 -160 -320 -320 0
9 491 -400 -400 -400 0
9 492 0 0 0 0
9 493 864 1760 45 1
9 494 2336 2704 989 1
9 495 -224 -224 -224 0
9 496 -64 -32 -32 0
9 497 640 1632 1632 0
9 498 -432 -32 -32 0
9 499 1072 1072 1072 0
9 500 400 -640 -640 0
9 501 1888 3245 1530 1
9 502 384 -368 -368 0
9 503 -848 -848 -848 0
9 504 32 32 32 0
9 505 1456 1888 173 1
9 506 1424 2400 685 1
9 507 800 800 800 0
9 508 0 0 0 0
9 509 496 992 992 0
9 510 64 720 720 0
9 511 912 912 912 0
10 0 -496 13 13 0
10 1 128 -1616 -1616 0
10 2 -480 -736 -736 0
10 3 -496 -275 -275 0
10 4 1568 3693 1978 1
10 5 336 -1808 -1808 0
10 6 -304 -1248 -1248 0
10 7 960 1792 77 1
10 8 1984 2832 1117 1
10 9 -144 941 941 0
10 10 224 208 208 0
10 11 1280 1232 1232 0
10 12 1440 1440 1440 0
10 13 1728 3408 1693 1
10 14 1248 -464 -464 0
10 15 -800 -288 -288 0
10 16 240 1776 61 1
10 17 -352 1024 1024 0
10 18 -1200 -1840 -1840 0
10 19 -704 160 160 0
10 20 1808 336 336 0
10 21 1120 1392 1392 0
10 22 496 2765 1050 1
10 23 1152 2925 1210 1
10 24 -3344 -2896 -2896 0
10 25 -560 -291 -291 0
10 26 2544 960 960 0
10 27 -592 1037 1037 0
10 28 -1040 -1040 -1040 0
10 29 800 -1152 -1152 0
10 30 320 80 80 0
10 31 304 1504 1504 0
10 32 992 1328 1328 0
10 33 80 1776 61 1
10 34 672 2032 317 1
10 35 1104 2573 858 1
10 36 -1072 -336 -336 0
10 37 80 1930 215 1
10 38 736 -48 -48 0
10 39 656 1120 1120 0
10 40 2016 2864 1149 1
10 41 464 1552 1552 0
10 42 -160 -496 -496 0
10 43 672 992 992 0
10 44 1920 1920 205 1
10 45 2880 2941 1226 1
10 46 224 845 845 0
10 47 944 2464 749 1
10 48 -256 618 618 0
10 49 816 2029 314 1
10 50 3952 4976 3261 1
10 51 672 928 928 0
10 52 944 1498 1498 0
10 53 32 3530 1815 1
10 54 -304 -960 -960 0
10 55 -544 -1040 -1040 0
10 56 2336 3760 2045 1
10 57 3360 3984 2269 1
10 58 592 2122 407 1
10 59 1168 -160 -160 0
10 60 1456 1456 1456 0
10 61 1104 3194 1479 1
10 62 1184 1632 1632 0
10 63 1520 736 736 0
10 64 96 896 896 0
10 65 -80 605 605 0
10 66 0 608 608 0
10 67 992 3341 1626 1
10 68 1008 2608 893 1
10 69 1312 1325 1325 0
10 70 -736 -640 -640 0
10 71 1360 2957 1242 1
10 72 -528 -464 -464 0
10 73 3168 3229 1514 1
10 74 1456 1629 1629 0
10 75 592 1616 1616 0
10 76 176 176 176 0
10 77 1216 1952 237 1
10 78 3072 3040 1325 1
10 79 1648 2096 381 1
10 80 -976 -1584 -1584 0
10 81 544 2221 506 1
10 82 2448 1760 45 1
10 83 -688 -2688 -2688 0
10 84 -1328 -1027 -1027 0
10 85 -224 736 736 0
10 86 2976 3472 1757 1
10 87 320 1008 1008 0
10 88 3216 3936 2221 1
10 89 -432 -323 -323 0
10 90 1488 -880 -880 0
10 91 208 -1504 -1504 0
10 92 1200 1200 1200 0
10 93 2912 4352 2637 1
10 94 -16 -960 -960 0
10 95 1200 2176 461 1
10 96 960 1776 61 1
10 97 128 410 410 0
10 98 208 1184 1184 0
10 99 1072 1341 1341 0
10 100 512 2141 426 1
10 101 1424 2800 1085 1
10 102 2272 2653 938 1
10 103 2352 5325 3610 1
10 104 1648 992 992 0
10 105 144 1437 1437 0
10 106 2080 3149 1434 1
10 107 1392 1901 186 1
10 108 1360 1360 1360 0
10 109 192 381 381 0
10 110 1120 1488 1488 0
10 111 976 256 256 0
10 112 352 253 253 0
10 113 1008 4685 2970 1
10 114 1104 1136 1136 0
10 115 96 253 253 0
10 116 1312 2746 1031 1
10 117 1072 1072 1072 0
10 118 1024 2077 362 1
10 119 2336 4957 3242 1
10 120 4752 4688 2973 1
10 121 1152 3853 2138 1
10 122 176 816 816 0
10 123 768 1904 189 1
10 124 2080 2080 365 1
10 125 512 1549 1549 0
10 126 1968 1968 253 1
10 127 656 -672 -672 0
10 128 -192 1520 1520 0
10 129 224 -720 -720 0
10 130 2080 1424 1424 0
10 131 -992 -608 -608 0
10 132 1024 1072 1072 0
10 133 -208 -784 -784 0
10 134 2496 3984 2269 1
10 135 -208 720 720 0
10 136 -192 16 16 0
10 137 -1760 -208 -208 0
10 138 1536 816 816 0
10 139 416 -80 -80 0
10 140 1184 1184 1184 0
10 141 1840 2656 941 1
10 142 1360 160 160 0
10 143 -304 224 224 0
10 144 1056 1680 1680 0
10 145 -16 688 688 0
10 146 1136 1261 1261 0
10 147 1248 1869 154 1
10 148 1312 2125 410 1
10 149 896 1325 1325 0
10 150 -128 122 122 0
10 151 2016 1616 1616 0
10 152 -2080 -1152 -1152 0
10 153 -144 -368 -368 0
10 154 3040 2688 973 1
10 155 384 -656 -656 0
10 156 480 480 480 0
10 157 2256 3488 1773 1
10 158 2512 3904 2189 1
10 159 400 -688 -688 0
10 160 -976 544 544 0
10 161 -416 -3024 -3024 0
10 162 1120 1216 1216 0
10 163 -192 0 0 0
10 164 896 -640 -640 0
10 165 16 2685 970 1
10 166 624 944 944 0
10 167 48 528 528 0
10 168 -2928 -2544 -2544 0
10 169 2592 1056 1056 0
10 170 2256 3405 1690 1
10 171 1104 2128 413 1
10 172 -368 -368 -368 0
10 173 880 0 0 0
10 174 96 608 608 0
10 175 528 1549 1549 0
10 176 528 909 909 0
10 177 592 1805 90 1
10 178 2512 2653 938 1
10 179 896 1200 1200 0
10 180 752 1200 1200 0
10 181 48 1642 1642 0
10 182 752 656 656 0
10 183 496 288 288 0
10 184 1312 1488 1488 0
10 185 2688 2720 1005 1
10 186 2000 2752 1037 1
10 187 -1232 128 128 0
10 188 -192 -192 -192 0
10 189 3200 4656 2941 1
10 190 1568 2496 781 1
10 191 912 2208 493 1
10 192 -48 1424 1424 0
10 193 560 1072 1072 0
10 194 832 512 512 0
10 195 -944 -1296 -1296 0
10 196 832 1773 58 1
10 197 752 1392 1392 0
10 198 128 944 944 0
10 199 -1056 -83 -83 0
10 200 1488 2208 493 1
10 201 1008 2512 797 1
10 202 496 1325 1325 0
10 203 1632 3136 1421 1
10 204 416 416 416 0
10 205 -912 512 512 0
10 206 1136 336 336 0
10 207 496 -368 -368 0
10 208 640 2224 509 1
10 209 -64 1469 1469 0
10 210 704 1280 1280 0
10 211 -96 637 637 0
10 212 -16 269 269 0
10 213 464 2109 394 1
10 214 -96 77 77 0
10 215 2032 3520 1805 1
10 216 1040 1264 1264 0
10 217 1744 2893 1178 1
10 218 -544 1072 1072 0
10 219 688 1824 109 1
10 220 304 304 304 0
10 221 1936 3008 1293 1
10 222 -1328 -947 -947 0
10 223 -496 176 176 0
10 224 240 -1376 -1376 0
10 225 -96 397 397 0
10 226 880 2496 781 1
10 227 160 672 672 0
10 228 144 765 765 0
10 229 352 1418 1418 0
10 230 1456 2736 1021 1
10 231 400 2237 522 1
10 232 -176 112 112 0
10 233 1824 1901 186 1
10 234 -240 189 189 0
10 235 1408 3469 1754 1
10 236 2288 2288 573 1
10 237 656 1133 1133 0
10 238 -1296 -739 -739 0
10 239 -64 -1088 -1088 0
10 240 1600 2400 685 1
10 241 208 1021 1021 0
10 242 1248 3117 1402 1
10 243 912 2653 938 1
10 244 -80 605 605 0
10 245 -208 2237 522 1
10 246 2176 1984 269 1
10 247 848 941 941 0
10 248 2560 2176 461 1
10 249 -800 -787 -787 0
10 250 624 1968 253 1
10 251 1440 1936 221 1
10 252 1792 1792 77 1
10 253 4496 6208 4493 1
10 254 1760 3120 1405 1
10 255 512 -160 -160 0
10 256 -1088 -496 -496 0
10 257 384 541 541 0
10 258 -144 -496 -496 0
10 259 -896 -2256 -2256 0
10 260 896 640 640 0
10 261 80 253 253 0
10 262 96 1760 45 1
10 263 -752 -1584 -1584 0
10 264 1664 944 944 0
10 265 1680 3501 1786 1
10 266 880 3197 1482 1
10 267 512 1405 1405 0
10 268 -1872 -1872 -1872 0
10 269 -2608 -3232 -3232 0
10 270 576 560 560 0
10 271 384 512 512 0
10 272 304 512 512 0
10 273 160 1677 1677 0
10 274 2512 3533 1818 1
10 275 896 1037 1037 0
10 276 -992 -912 -912 0
10 277 720 3661 1946 1
10 278 2000 -928 -928 0
10 279 -1120 -1184 -1184 0
10 280 2384 2000 285 1
10 281 2096 1888 173 1
10 282 -320 2157 442 1
10 283 1920 1981 266 1
10 284 1360 1360 1360 0
10 285 1296 2496 781 1
10 286 -512 656 656 0
10 287 0 448 448 0
10 288 48 -304 -304 0
10 289 -400 -2144 -2144 0
10 290 496 1488 1488 0
10 291 1376 1680 1680 0
10 292 1200 2301 586 1
10 293 -80 3085 1370 1
10 294 48 394 394 0
10 295 1696 3693 1978 1
10 296 -2912 -2163 -2163 0
10 297 -240 704 704 0
10 298 -256 896 896 0
10 299 -624 973 973 0
10 300 1632 1632 1632 0
10 301 -1552 -99 -99 0
10 302 1232 1888 173 1
10 303 368 -896 -896 0
10 304 688 1197 1197 0
10 305 656 2557 842 1
10 306 848 1872 157 1
10 307 -240 -1120 -1120 0
10 308 912 1917 202 1
10 309 304 941 941 0
10 310 1040 3645 1930 1
10 311 912 1472 1472 0
10 312 2720 3168 1453 1
10 313 -144 -51 -51 0
10 314 704 2093 378 1
10 315 1056 1437 1437 0
10 316 48 48 48 0
10 317 480 797 797 0
10 318 256 592 592 0
10 319 -208 -32 -32 0
10 320 336 445 445 0
10 321 144 -1024 -1024 0
10 322 -528 608 608 0
10 323 1232 2736 1021 1
10 324 2464 4909 3194 1
10 325 -992 -2064 -2064 0
10 326 -1024 -1683 -1683 0
10 327 2208 4829 3114 1
10 328 4368 4752 3037 1
10 329 -320 3837 2122 1
10 330 -1504 -1392 -1392 0
10 331 576 1552 1552 0
10 332 -560 -560 -560 0
10 333 1680 2640 925 1
10 334 3520 4912 3197 1
10 335 -1120 -1040 -1040 0
10 336 192 272 272 0
10 337 560 4042 2327 1
10 338 3424 4045 2330 1
10 339 192 -448 -448 0
10 340 -816 -259 -259 0
10 341 672 8826 7111 1
10 342 2464 1696 1696 0
10 343 -1248 -928 -928 0
10 344 3296 4480 2765 1
10 345 7088 8093 6378 1
10 346 448 2413 698 1
10 347 -48 189 189 0
10 348 2272 2272 557 1
10 349 3600 4266 2551 1
10 350 -1776 -611 -611 0
10 351 1728 1952 237 1
10 352 -160 -1264 -1264 0
10 353 144 1501 1501 0
10 354 -448 -416 -416 0
10 355 -432 -240 -240 0
10 356 -800 -195 -195 0
10 357 1824 3485 1770 1
10 358 2832 3296 1581 1
10 359 -912 176 176 0
10 360 0 992 992 0
10 361 1648 2493 778 1
10 362 3312 2752 1037 1
10 363 416 1600 1600 0
10 364 1072 1072 1072 0
10 365 784 1888 173 1
10 366 2048 1520 1520 0
10 367 976 1840 125 1
10 368 -1504 -384 -384 0
10 369 336 3194 1479 1
10 370 576 -64 -64 0
10 371 640 -2784 -2784 0
10 372 624 1696 1696 0
10 373 992 1978 263 1
10 374 448 1581 1581 0
10 375 480 1056 1056 0
10 376 3360 3856 2141 1
10 377 4576 6234 4519 1
10 378 1296 2445 730 1
10 379 336 413 413 0
10 380 -592 -592 -592 0
10 381 -3392 -3491 -3491 0
10 382 128 -528 -528 0
10 383 1120 1760 45 1
10 384 -176 960 960 0
10 385 160 1194 1194 0
10 386 1584 864 864 0
10 387 -560 -992 -992 0
10 388 32 3181 1466 1
10 389 688 845 845 0
10 390 3872 5328 3613 1
10 391 -768 32 32 0
10 392 3056 3200 1485 1
10 393 176 2589 874 1
10 394 2352 32 32 0
10 395 -128 461 461 0
10 396 3200 3200 1485 1
10 397 928 2061 346 1
10 398 1280 784 784 0
10 399 1504 1120 1120 0
10 400 -768 -35 -35 0
10 401 560 2957 1242 1
10 402 1680 256 256 0
10 403 592 0 0 0
10 404 2048 3965 2250 1
10 405 688 -48 -48 0
10 406 752 2384 669 1
10 407 80 365 365 0
10 408 3504 3408 1693 1
10 409 1312 3517 1802 1
10 410 2256 3136 1421 1
10 411 1360 1997 282 1
10 412 -16 -16 -16 0
10 413 -48 157 157 0
10 414 2688 912 912 0
10 415 1104 864 864 0
10 416 816 1296 1296 0
10 417 272 288 288 0
10 418 -736 957 957 0
10 419 800 2480 765 1
10 420 672 -1376 -1376 0
10 421 1200 -96 -96 0
10 422 1504 3165 1450 1
10 423 1264 4813 3098 1
10 424 -144 -960 -960 0
10 425 -1472 -1328 -1328 0
10 426 -1088 -1824 -1824 0
10 427 240 1376 1376 0
10 428 -368 -368 -368 0
10 429 2576 48 48 0
10 430 -720 -371 -371 0
10 431 -640 -928 -928 0
10 432 0 1408 1408 0
10 433 352 1389 1389 0
10 434 736 528 528 0
10 435 -400 -992 -992 0
10 436 848 2397 682 1
10 437 -32 1085 1085 0
10 438 1312 2813 1098 1
10 439 1744 2861 1146 1
10 440 3376 3136 1421 1
10 441 880 3517 1802 1
10 442 1328 2192 477 1
10 443 912 1357 1357 0
10 444 304 304 304 0
10 445 1872 1949 234 1
10 446 -160 -736 -736 0
10 447 1072 1440 1440 0
10 448 96 -1136 -1136 0
10 449 288 448 448 0
10 450 2176 3536 1821 1
10 451 432 -608 -608 0
10 452 -496 -576 -576 0
10 453 -640 77 77 0
10 454 2112 1712 1712 0
10 455 -128 -2784 -2784 0
10 456 -128 848 848 0
10 457 624 64 64 0
10 458 992 1984 269 1
10 459 128 -384 -384 0
10 460 32 32 32 0
10 461 2256 2474 759 1
10 462 912 1792 77 1
10 463 560 656 656 0
10 464 1024 1741 26 1
10 465 224 1437 1437 0
10 466 3472 4013 2298 1
10 467 496 541 541 0
10 468 -208 141 141 0
10 469 -208 1658 1658 0
10 470 3040 3533 1818 1
10 471 496 128 128 0
10 472 1616 1712 1712 0
10 473 384 2016 301 1
10 474 1904 2432 717 1
10 475 784 -192 -192 0
10 476 1536 1536 1536 0
10 477 3216 4317 2602 1
10 478 1104 1165 1165 0
10 479 160 752 752 0
10 480 1328 3024 1309 1
10 481 256 957 957 0
10 482 1840 3149 1434 1
10 483 1088 2384 669 1
10 484 1504 1437 1437 0
10 485 624 1600 1600 0
10 486 1200 4394 2679 1
10 487 3600 4272 2557 1
10 488 1568 3040 1325 1
10 489 -1344 -1696 -1696 0
10 490 1168 848 848 0
10 491 -800 -1200 -1200 0
10 492 1936 1936 221 1
10 493 3664 3709 1994 1
10 494 2336 3325 1610 1
10 495 -528 -752 -752 0
10 496 560 528 528 0
10 497 -176 1456 1456 0
10 498 1152 1120 1120 0
10 499 528 1600 1600 0
10 500 624 -16 -16 0
10 501 272 1802 87 1
10 502 1136 768 768 0
10 503 96 -752 -752 0
10 504 688 720 720 0
10 505 1712 1885 170 1
10 506 1584 2269 554 1
10 507 816 1616 1616 0
10 508 -768 -768 -768 0
10 509 176 1168 1168 0
10 510 448 1168 1168 0
10 511 0 912 912 0
11 0 112 125 125 0
11 1 -448 -2064 -2064 0
11 2 -112 -848 -848 0
11 3 -160 -435 -435 0
11 4 1168 3146 1431 1
11 5 0 -1808 -1808 0
11 6 80 -1168 -1168 0
11 7 -624 -547 -547 0
11 8 528 1645 1645 0
11 9 272 1213 1213 0
11 10 1200 1408 1408 0
11 11 2304 3536 1821 1
11 12 2736 4176 2461 1
11 13 1456 3149 1434 1
11 14 1760 1296 1296 0
11 15 2384 2096 381 1
11 16 -448 -387 -387 0
11 17 -304 720 720 0
11 18 416 -1424 -1424 0
11 19 -720 -560 -560 0
11 20 -1472 -1136 -1136 0
11 21 0 1392 1392 0
11 22 272 1322 1322 0
11 23 2000 3210 1495 1
11 24 -592 -3488 -3488 0
11 25 256 -35 -35 0
11 26 528 1488 1488 0
11 27 -896 141 141 0
11 28 128 -912 -912 0
11 29 -656 -1808 -1808 0
11 30 464 544 544 0
11 31 -688 816 816 0
11 32 288 1616 1616 0
11 33 1280 1341 1341 0
11 34 160 477 477 0
11 35 704 1562 1562 0
11 36 1072 736 736 0
11 37 0 215 215 0
11 38 1312 1264 1264 0
11 39 1024 2144 429 1
11 40 -64 1085 1085 0
11 41 304 1856 141 1
11 42 144 -352 -352 0
11 43 1200 2192 477 1
11 44 1824 2029 314 1
11 45 1168 2394 679 1
11 46 -640 205 205 0
11 47 2112 2861 1146 1
11 48 208 826 826 0
11 49 -240 74 74 0
11 50 -64 3197 1482 1
11 51 1776 2704 989 1
11 52 16 1514 1514 0
11 53 0 1815 100 1
11 54 544 -416 -416 0
11 55 848 -192 -192 0
11 56 672 2717 1002 1
11 57 416 2685 970 1
11 58 -272 135 135 0
11 59 2192 2032 317 1
11 60 400 1856 141 1
11 61 1600 3079 1364 1
11 62 5504 7136 5421 1
11 63 1824 2560 845 1
11 64 -208 688 688 0
11 65 112 717 717 0
11 66 192 800 800 0
11 67 272 1898 183 1
11 68 -960 -67 -67 0
11 69 0 1325 1325 0
11 70 -1024 -1664 -1664 0
11 71 -1232 10 10 0
11 72 1376 912 912 0
11 73 832 2346 631 1
11 74 768 2397 682 1
11 75 1152 2768 1053 1
11 76 608 784 784 0
11 77 784 1021 1021 0
11 78 1104 2429 714 1
11 79 3408 3789 2074 1
11 80 -48 -1632 -1632 0
11 81 -896 -390 -390 0
11 82 512 557 557 0
11 83 1072 -1616 -1616 0
11 84 1200 173 173 0
11 85 0 736 736 0
11 86 1072 2829 1114 1
11 87 1648 2656 941 1
11 88 160 2381 666 1
11 89 -80 -403 -403 0
11 90 1168 288 288 0
11 91 1232 -272 -272 0
11 92 1888 3088 1373 1
11 93 1312 3949 2234 1
11 94 3872 2912 1197 1
11 95 1184 1645 1645 0
11 96 80 141 141 0
11 97 896 1306 1306 0
11 98 960 2144 429 1
11 99 -16 1325 1325 0
11 100 -576 -150 -150 0
11 101 0 1085 1085 0
11 102 -800 138 138 0
11 103 -1120 2490 775 1
11 104 1872 2864 1149 1
11 105 272 1709 1709 0
11 106 544 1978 263 1
11 107 1744 1930 215 1
11 108 -1920 -560 -560 0
11 109 -688 -307 -307 0
11 110 1280 2768 1053 1
11 111 -576 -320 -320 0
11 112 272 525 525 0
11 113 96 3066 1351 1
11 114 144 1280 1280 0
11 115 -48 205 205 0
11 116 304 1335 1335 0
11 117 0 1072 1072 0
11 118 -736 -374 -374 0
11 119 -1280 1962 247 1
11 120 1408 4381 2666 1
11 121 128 2266 551 1
11 122 2096 2912 1197 1
11 123 896 1085 1085 0
11 124 -704 -339 -339 0
11 125 1776 3325 1610 1
11 126 1584 1837 122 1
11 127 1504 832 832 0
11 128 384 1904 189 1
11 129 -1168 -1888 -1888 0
11 130 80 1504 1504 0
11 131 1072 464 464 0
11 132 1216 2288 573 1
11 133 0 -784 -784 0
11 134 720 2989 1274 1
11 135 2016 2736 1021 1
11 136 1056 1072 1072 0
11 137 272 64 64 0
11 138 1584 2400 685 1
11 139 3008 2928 1213 1
11 140 2352 3536 1821 1
11 141 2064 3005 1290 1
11 142 3568 3728 2013 1
11 143 3504 3728 2013 1
11 144 -144 1536 1536 0
11 145 1312 2000 285 1
11 146 736 1997 282 1
11 147 -320 -166 -166 0
11 148 -1056 -646 -646 0
11 149 0 1325 1325 0
11 150 768 890 890 0
11 151 1888 3504 1789 1
11 152 -2864 -4016 -4016 0
11 153 368 0 0 0
11 154 176 1149 1149 0
11 155 1520 864 864 0
11 156 -400 80 80 0
11 157 -416 1357 1357 0
11 158 1504 3693 1978 1
11 159 -32 -720 -720 0
11 160 -736 -192 -192 0
11 161 -304 -3328 -3328 0
11 162 352 1568 1568 0
11 163 800 800 800 0
11 164 16 -624 -624 0
11 165 0 970 970 0
11 166 400 1344 1344 0
11 167 2624 3152 1437 1
11 168 1152 -1392 -1392 0
11 169 1280 2336 621 1
11 170 -496 1194 1194 0
11 171 4528 4941 3226 1
11 172 1008 640 640 0
11 173 1488 1488 1488 0
11 174 1424 2032 317 1
11 175 2416 3965 2250 1
11 176 272 1181 1181 0
11 177 256 346 346 0
11 178 -320 618 618 0
11 179 1504 2704 989 1
11 180 -16 1184 1184 0
11 181 0 1642 1642 0
11 182 1680 2336 621 1
11 183 2432 2720 1005 1
11 184 512 2000 285 1
11 185 112 1117 1117 0
11 186 224 1261 1261 0
11 187 512 640 640 0
11 188 1888 1696 1696 0
11 189 1312 4253 2538 1
11 190 4800 5581 3866 1
11 191 1696 2189 474 1
11 192 -704 720 720 0
11 193 -512 560 560 0
11 194 -16 496 496 0
11 195 -768 -2064 -2064 0
11 196 176 234 234 0
11 197 0 1392 1392 0
11 198 -272 672 672 0
11 199 -240 -323 -323 0
11 200 1344 1837 122 1
11 201 -32 765 765 0
11 202 576 1901 186 1
11 203 1072 2493 778 1
11 204 -256 160 160 0
11 205 576 1088 1088 0
11 206 1280 1616 1616 0
11 207 432 64 64 0
11 208 336 845 845 0
11 209 560 2029 314 1
11 210 96 1376 1376 0
11 211 1760 2397 682 1
11 212 1680 1949 234 1
11 213 0 394 394 0
11 214 368 445 445 0
11 215 1984 3789 2074 1
11 216 528 1792 77 1
11 217 832 2010 295 1
11 218 1040 2112 397 1
11 219 1184 1293 1293 0
11 220 656 960 960 0
11 221 1280 2573 858 1
11 222 832 -115 -115 0
11 223 1872 2048 333 1
11 224 560 -816 -816 0
11 225 816 1213 1213 0
11 226 336 1117 1117 0
11 227 448 1120 1120 0
11 228 576 1341 1341 0
11 229 0 1418 1418 0
11 230 224 1245 1245 0
11 231 -96 426 426 0
11 232 2336 2448 733 1
11 233 240 426 426 0
11 234 -144 45 45 0
11 235 1136 2890 1175 1
11 236 0 573 573 0
11 237 -544 589 589 0
11 238 -640 -1379 -1379 0
11 239 -272 -1360 -1360 0
11 240 672 1357 1357 0
11 241 1520 2541 826 1
11 242 32 1434 1434 0
11 243 848 1786 71 1
11 244 -16 589 589 0
11 245 0 522 522 0
11 246 -272 -3 -3 0
11 247 -656 285 285 0
11 248 -64 397 397 0
11 249 240 -547 -547 0
11 250 1264 1517 1517 0
11 251 960 1181 1181 0
11 252 144 221 221 0
11 253 -288 4205 2490 1
11 254 1264 2669 954 1
11 255 -1184 -1344 -1344 0
11 256 -560 -1056 -1056 0
11 257 -1424 -883 -883 0
11 258 -224 -720 -720 0
11 259 -784 -3040 -3040 0
11 260 208 848 848 0
11 261 0 253 253 0
11 262 1584 1629 1629 0
11 263 288 -1296 -1296 0
11 264 1904 2848 1133 1
11 265 384 2170 455 1
11 266 1392 2874 1159 1
11 267 1376 2781 1066 1
11 268 -160 -2032 -2032 0
11 269 -368 -3600 -3600 0
11 270 -464 96 96 0
11 271 48 560 560 0
11 272 768 1280 1280 0
11 273 480 2157 442 1
11 274 480 2298 583 1
11 275 2160 3197 1482 1
11 276 1360 448 448 0
11 277 0 1946 231 1
11 278 560 -368 -368 0
11 279 144 -1040 -1040 0
11 280 2400 2685 970 1
11 281 272 445 445 0
11 282 96 538 538 0
11 283 1568 1834 119 1
11 284 1072 2432 717 1
11 285 1056 1837 122 1
11 286 1696 2352 637 1
11 287 448 896 896 0
11 288 576 272 272 0
11 289 368 -1776 -1776 0
11 290 -448 1040 1040 0
11 291 -624 1056 1056 0
11 292 -1328 -742 -742 0
11 293 0 1370 1370 0
11 294 416 810 810 0
11 295 1200 3178 1463 1
11 296 32 -2131 -2131 0
11 297 832 1536 1536 0
11 298 -1376 -480 -480 0
11 299 32 1005 1005 0
11 300 -1520 112 112 0
11 301 800 701 701 0
11 302 1664 1837 122 1
11 303 1152 256 256 0
11 304 160 1357 1357 0
11 305 48 890 890 0
11 306 -112 45 45 0
11 307 272 -848 -848 0
11 308 -960 -758 -758 0
11 309 0 941 941 0
11 310 32 1962 247 1
11 311 1440 2912 1197 1
11 312 -1152 301 301 0
11 313 -416 -467 -467 0
11 314 976 1354 1354 0
11 315 -800 637 637 0
11 316 -464 -416 -416 0
11 317 -944 -147 -147 0
11 318 992 1584 1584 0
11 319 -2240 -2272 -2272 0
11 320 0 445 445 0
11 321 432 -592 -592 0
11 322 -800 -192 -192 0
11 323 -512 509 509 0
11 324 240 3434 1719 1
11 325 0 -2064 -2064 0
11 326 688 -995 -995 0
11 327 -592 2522 807 1
11 328 1280 4317 2602 1
11 329 -304 1818 103 1
11 330 448 -944 -944 0
11 331 -464 1088 1088 0
11 332 800 240 240 0
11 333 1680 2605 890 1
11 334 320 3517 1802 1
11 335 1552 512 512 0
11 336 768 1040 1040 0
11 337 224 2551 836 1
11 338 16 2346 631 1
11 339 2480 2032 317 1
11 340 624 365 365 0
11 341 0 7111 5396 1
11 342 944 2640 925 1
11 343 1232 304 304 0
11 344 832 3597 1882 1
11 345 -256 6122 4407 1
11 346 1648 2346 631 1
11 347 816 1005 1005 0
11 348 1312 1869 154 1
11 349 640 3191 1476 1
11 350 2528 1917 202 1
11 351 688 925 925 0
11 352 48 -1216 -1216 0
11 353 -736 765 765 0
11 354 1072 656 656 0
11 355 224 -16 -16 0
11 356 -256 -451 -451 0
11 357 0 1770 55 1
11 358 1600 3181 1466 1
11 359 1328 1504 1504 0
11 360 2272 3264 1549 1
11 361 -80 698 698 0
11 362 1712 2749 1034 1
11 363 1280 2880 1165 1
11 364 704 1776 61 1
11 365 1040 1213 1213 0
11 366 1152 2672 957 1
11 367 1680 1805 90 1
11 368 -432 -816 -816 0
11 369 -1312 167 167 0
11 370 320 256 256 0
11 371 800 -1984 -1984 0
11 372 -128 1568 1568 0
11 373 0 263 263 0
11 374 1664 3245 1530 1
11 375 2368 3424 1709 1
11 376 736 2877 1162 1
11 377 240 4759 3044 1
11 378 816 1546 1546 0
11 379 240 653 653 0
11 380 -3040 -3632 -3632 0
11 381 176 -3315 -3315 0
11 382 -112 -640 -640 0
11 383 1184 1229 1229 0
11 384 1056 2016 301 1
11 385 -480 714 714 0
11 386 624 1488 1488 0
11 387 2000 1008 1008 0
11 388 112 1578 1578 0
11 389 0 845 845 0
11 390 672 4285 2570 1
11 391 1728 1760 45 1
11 392 720 2205 490 1
11 393 144 1018 1018 0
11 394 2864 2896 1181 1
11 395 1856 2317 602 1
11 396 -400 1085 1085 0
11 397 832 1178 1178 0
11 398 1984 2768 1053 1
11 399 1184 2304 589 1
11 400 16 -19 -19 0
11 401 -848 394 394 0
11 402 192 448 448 0
11 403 768 768 768 0
11 404 -384 1866 151 1
11 405 0 -48 -48 0
11 406 -96 573 573 0
11 407 -160 205 205 0
11 408 1360 3053 1338 1
11 409 32 1834 119 1
11 410 1584 3005 1290 1
11 411 1136 1418 1418 0
11 412 -576 -592 -592 0
11 413 864 1021 1021 0
11 414 2720 3632 1917 1
11 415 368 1232 1232 0
11 416 -432 864 864 0
11 417 496 784 784 0
11 418 288 1245 1245 0
11 419 -1040 -275 -275 0
11 420 2048 672 672 0
11 421 0 -96 -96 0
11 422 1072 2522 807 1
11 423 1664 4762 3047 1
11 424 -832 -1792 -1792 0
11 425 -48 -1376 -1376 0
11 426 -320 -2144 -2144 0
11 427 176 1552 1552 0
11 428 1008 640 640 0
11 429 1920 1968 253 1
11 430 -48 -419 -419 0
11 431 2496 1568 1568 0
11 432 -400 1008 1008 0
11 433 0 1389 1389 0
11 434 -352 176 176 0
11 435 160 -832 -832 0
11 436 -192 490 490 0
11 437 0 1085 1085 0
11 438 768 1866 151 1
11 439 1792 2938 1223 1
11 440 80 1501 1501 0
11 441 -176 1626 1626 0
11 442 1856 2333 618 1
11 443 704 2061 346 1
11 444 640 944 944 0
11 445 -208 26 26 0
11 446 3248 2512 797 1
11 447 -128 1312 1312 0
11 448 896 -240 -240 0
11 449 208 656 656 0
11 450 -128 1693 1693 0
11 451 2096 1488 1488 0
11 452 -368 -944 -944 0
11 453 0 77 77 0
11 454 352 2064 349 1
11 455 432 -2352 -2352 0
11 456 -352 496 496 0
11 457 -144 -80 -80 0
11 458 624 893 893 0
11 459 928 544 544 0
11 460 352 384 384 0
11 461 -688 71 71 0
11 462 3328 3405 1690 1
11 463 -944 -288 -288 0
11 464 976 1002 1002 0
11 465 336 1773 58 1
11 466 336 2634 919 1
11 467 1760 2301 586 1
11 468 1360 1501 1501 0
11 469 0 1658 1658 0
11 470 1072 2890 1175 1
11 471 1920 2048 333 1
11 472 -288 1424 1424 0
11 473 816 1117 1117 0
11 474 2048 2765 1050 1
11 475 3952 3760 2045 1
11 476 2864 4400 2685 1
11 477 3040 5642 3927 1
11 478 4656 5821 4106 1
11 479 3392 4144 2429 1
11 480 80 1389 1389 0
11 481 1184 2141 426 1
11 482 192 1626 1626 0
11 483 -384 285 285 0
11 484 848 2285 570 1
11 485 0 1600 1600 0
11 486 448 3127 1412 1
11 487 2528 5085 3370 1
11 488 -832 493 493 0
11 489 -208 -1904 -1904 0
11 490 1088 1936 221 1
11 491 864 -336 -336 0
11 492 1968 2189 474 1
11 493 1680 3674 1959 1
11 494 4432 6042 4327 1
11 495 1520 768 768 0
11 496 160 688 688 0
11 497 608 2064 349 1
11 498 336 1456 1456 0
11 499 896 2496 781 1
11 500 -64 -80 -80 0
11 501 0 87 87 0
11 502 -320 448 448 0
11 503 320 -432 -432 0
11 504 80 800 800 0
11 505 368 538 538 0
11 506 1008 1562 1562 0
11 507 2112 3728 2013 1
11 508 -768 -1536 -1536 0
11 509 736 1904 189 1
11 510 2160 3328 1613 1
11 511 128 1040 1040 0
12 0 0 0 0 0
12 1 528 528 528 0
12 2 -720 -720 -720 0
12 3 0 0 0 0
12 4 0 0 0 0
12 5 1568 1568 1568 0
12 6 1248 1248 1248 0
12 7 992 992 992 0
12 8 0 0 0 0
12 9 80 80 80 0
12 10 800 800 800 0
12 11 656 656 656 0
12 12 816 816 816 0
12 13 3296 3296 1581 1
12 14 -1584 -1584 -1584 0
12 15 -336 -336 -336 0
12 16 0 0 0 0
12 17 160 160 160 0
12 18 1296 1296 1296 0
12 19 0 0 0 0
12 20 0 0 0 0
12 21 2864 2864 1149 1
12 22 1616 1616 1616 0
12 23 816 816 816 0
12 24 0 0 0 0
12 25 1776 1776 61 1
12 26 1888 1888 173 1
12 27 2560 2560 845 1
12 28 -320 -320 -320 0
12 29 -1888 -1888 -1888 0
12 30 -176 -176 -176 0
12 31 -176 -176 -176 0
12 32 0 0 0 0
12 33 672 672 672 0
12 34 544 544 544 0
12 35 0 0 0 0
12 36 0 0 0 0
12 37 -896 -896 -896 0
12 38 512 512 512 0
12 39 1456 1456 1456 0
12 40 0 0 0 0
12 41 -784 -784 -784 0
12 42 -432 -432 -432 0
12 43 32 32 32 0
12 44 304 304 304 0
12 45 2272 2272 557 1
12 46 544 544 544 0
12 47 352 352 352 0
12 48 0 0 0 0
12 49 704 704 704 0
12 50 -288 -288 -288 0
12 51 0 0 0 0
12 52 0 0 0 0
12 53 1936 1936 221 1
12 54 -64 -64 -64 0
12 55 -112 -112 -112 0
12 56 0 0 0 0
12 57 -816 -816 -816 0
12 58 -768 -768 -768 0
12 59 -16 -16 -16 0
12 60 2672 2672 957 1
12 61 4832 4832 3117 1
12 62 1840 1840 125 1
12 63 704 704 704 0
12 64 0 0 0 0
12 65 1920 1920 205 1
12 66 -96 -96 -96 0
12 67 0 0 0 0
12 68 0 0 0 0
12 69 2368 2368 653 1
12 70 2496 2496 781 1
12 71 2544 2544 829 1
12 72 0 0 0 0
12 73 144 144 144 0
12 74 848 848 848 0
12 75 3120 3120 1405 1
12 76 -1184 -1184 -1184 0
12 77 2704 2704 989 1
12 78 1056 1056 1056 0
12 79 1888 1888 173 1
12 80 0 0 0 0
12 81 -640 -640 -640 0
12 82 480 480 480 0
12 83 0 0 0 0
12 84 0 0 0 0
12 85 864 864 864 0
12 86 -576 -576 -576 0
12 87 -624 -624 -624 0
12 88 0 0 0 0
12 89 32 32 32 0
12 90 -608 -608 -608 0
12 91 848 848 848 0
12 92 2288 2288 573 1
12 93 -112 -112 -112 0
12 94 928 928 928 0
12 95 2080 2080 365 1
12 96 0 0 0 0
12 97 464 464 464 0
12 98 128 128 128 0
12 99 0 0 0 0
12 100 0 0 0 0
12 101 64 64 64 0
12 102 3984 3984 2269 1
12 103 1744 1744 29 1
12 104 0 0 0 0
12 105 272 272 272 0
12 106 2192 2192 477 1
12 107 1920 1920 205 1
12 108 144 144 144 0
12 109 1168 1168 1168 0
12 110 432 432 432 0
12 111 576 576 576 0
12 112 0 0 0 0
12 113 -48 -48 -48 0
12 114 160 160 160 0
12 115 0 0 0 0
12 116 0 0 0 0
12 117 336 336 336 0
12 118 1696 1696 1696 0
12 119 1024 1024 1024 0
12 120 0 0 0 0
12 121 1136 1136 1136 0
12 122 112 112 112 0
12 123 2512 2512 797 1
12 124 208 208 208 0
12 125 1616 1616 1616 0
12 126 944 944 944 0
12 127 928 928 928 0
12 128 0 0 0 0
12 129 1312 1312 1312 0
12 130 1440 1440 1440 0
12 131 0 0 0 0
12 132 0 0 0 0
12 133 2320 2320 605 1
12 134 720 720 720 0
12 135 1488 1488 1488 0
12 136 0 0 0 0
12 137 -272 -272 -272 0
12 138 -672 -672 -672 0
12 139 352 352 352 0
12 140 2656 2656 941 1
12 141 1872 1872 157 1
12 142 688 688 688 0
12 143 384 384 384 0
12 144 0 0 0 0
12 145 608 608 608 0
12 146 1104 1104 1104 0
12 147 0 0 0 0
12 148 0 0 0 0
12 149 -496 -496 -496 0
12 150 704 704 704 0
12 151 1856 1856 141 1
12 152 0 0 0 0
12 153 592 592 592 0
12 154 -560 -560 -560 0
12 155 -720 -720 -720 0
12 156 944 944 944 0
12 157 880 880 880 0
12 158 -1104 -1104 -1104 0
12 159 -2096 -2096 -2096 0
12 160 0 0 0 0
12 161 2160 2160 445 1
12 162 -736 -736 -736 0
12 163 0 0 0 0
12 164 0 0 0 0
12 165 1568 1568 1568 0
12 166 -752 -752 -752 0
12 167 496 496 496 0
12 168 0 0 0 0
12 169 -1088 -1088 -1088 0
12 170 112 112 112 0
12 171 880 880 880 0
12 172 1344 1344 1344 0
12 173 1664 1664 1664 0
12 174 -1296 -1296 -1296 0
12 175 912 912 912 0
12 176 0 0 0 0
12 177 384 384 384 0
12 178 752 752 752 0
12 179 0 0 0 0
12 180 0 0 0 0
12 181 560 560 560 0
12 182 1824 1824 109 1
12 183 1600 1600 1600 0
12 184 0 0 0 0
12 185 -624 -624 -624 0
12 186 -544 -544 -544 0
12 187 304 304 304 0
12 188 1936 1936 221 1
12 189 2048 2048 333 1
12 190 1088 1088 1088 0
12 191 1584 1584 1584 0
12 192 0 0 0 0
12 193 -176 -176 -176 0
12 194 448 448 448 0
12 195 0 0 0 0
12 196 0 0 0 0
12 197 2240 2240 525 1
12 198 -688 -688 -688 0
12 199 -384 -384 -384 0
12 200 0 0 0 0
12 201 -112 -112 -112 0
12 202 544 544 544 0
12 203 1872 1872 157 1
12 204 1968 1968 253 1
12 205 688 688 688 0
12 206 432 432 432 0
12 207 -560 -560 -560 0
12 208 0 0 0 0
12 209 1120 1120 1120 0
12 210 -32 -32 -32 0
12 211 0 0 0 0
12 212 0 0 0 0
12 213 -224 -224 -224 0
12 214 560 560 560 0
12 215 2224 2224 509 1
12 216 0 0 0 0
12 217 704 704 704 0
12 218 -224 -224 -224 0
12 219 2128 2128 413 1
12 220 752 752 752 0
12 221 3344 3344 1629 1
12 222 1392 1392 1392 0
12 223 2352 2352 637 1
12 224 0 0 0 0
12 225 352 352 352 0
12 226 -1024 -1024 -1024 0
12 227 0 0 0 0
12 228 0 0 0 0
12 229 2592 2592 877 1
12 230 1872 1872 157 1
12 231 -304 -304 -304 0
12 232 0 0 0 0
12 233 -944 -944 -944 0
12 234 400 400 400 0
12 235 1088 1088 1088 0
12 236 272 272 272 0
12 237 672 672 672 0
12 238 -448 -448 -448 0
12 239 -656 -656 -656 0
12 240 0 0 0 0
12 241 512 512 512 0
12 242 672 672 672 0
12 243 0 0 0 0
12 244 0 0 0 0
12 245 1072 1072 1072 0
12 246 2528 2528 813 1
12 247 2144 2144 429 1
12 248 0 0 0 0
12 249 480 480 480 0
12 250 -848 -848 -848 0
12 251 144 144 144 0
12 252 1280 1280 1280 0
12 253 688 688 688 0
12 254 -352 -352 -352 0
12 255 384 384 384 0
12 256 0 0 0 0
12 257 240 240 240 0
12 258 -192 -192 -192 0
12 259 0 0 0 0
12 260 0 0 0 0
12 261 -640 -640 -640 0
12 262 976 976 976 0
12 263 -512 -512 -512 0
12 264 0 0 0 0
12 265 848 848 848 0
12 266 1024 1024 1024 0
12 267 -48 -48 -48 0
12 268 -288 -288 -288 0
12 269 -160 -160 -160 0
12 270 1008 1008 1008 0
12 271 0 0 0 0
12 272 0 0 0 0
12 273 832 832 832 0
12 274 -1360 -1360 -1360 0
12 275 0 0 0 0
12 276 0 0 0 0
12 277 192 192 192 0
12 278 1216 1216 1216 0
12 279 1248 1248 1248 0
12 280 0 0 0 0
12 281 -1136 -1136 -1136 0
12 282 -560 -560 -560 0
12 283 752 752 752 0
12 284 672 672 672 0
12 285 2176 2176 461 1
12 286 496 496 496 0
12 287 1168 1168 1168 0
12 288 0 0 0 0
12 289 1040 1040 1040 0
12 290 -624 -624 -624 0
12 291 0 0 0 0
12 292 0 0 0 0
12 293 864 864 864 0
12 294 1872 1872 157 1
12 295 640 640 640 0
12 296 0 0 0 0
12 297 480 480 480 0
12 298 1600 1600 1600 0
12 299 1856 1856 141 1
12 300 -1024 -1024 -1024 0
12 301 784 784 784 0
12 302 -544 -544 -544 0
12 303 -1920 -1920 -1920 0
12 304 0 0 0 0
12 305 -768 -768 -768 0
12 306 1408 1408 1408 0
12 307 0 0 0 0
12 308 0 0 0 0
12 309 -192 -192 -192 0
12 310 2896 2896 1181 1
12 311 -144 -144 -144 0
12 312 0 0 0 0
12 313 3024 3024 1309 1
12 314 1472 1472 1472 0
12 315 -128 -128 -128 0
12 316 1040 1040 1040 0
12 317 960 960 960 0
12 318 928 928 928 0
12 319 432 432 432 0
12 320 0 0 0 0
12 321 -624 -624 -624 0
12 322 -352 -352 -352 0
12 323 0 0 0 0
12 324 0 0 0 0
12 325 1088 1088 1088 0
12 326 1776 1776 61 1
12 327 752 752 752 0
12 328 0 0 0 0
12 329 656 656 656 0
12 330 976 976 976 0
12 331 3184 3184 1469 1
12 332 448 448 448 0
12 333 1328 1328 1328 0
12 334 128 128 128 0
12 335 1072 1072 1072 0
12 336 0 0 0 0
12 337 -80 -80 -80 0
12 338 -384 -384 -384 0
12 339 0 0 0 0
12 340 0 0 0 0
12 341 992 992 992 0
12 342 752 752 752 0
12 343 -304 -304 -304 0
12 344 0 0 0 0
12 345 -16 -16 -16 0
12 346 -832 -832 -832 0
12 347 1104 1104 1104 0
12 348 1744 1744 29 1
12 349 3088 3088 1373 1
12 350 2496 2496 781 1
12 351 1568 1568 1568 0
12 352 0 0 0 0
12 353 304 304 304 0
12 354 1008 1008 1008 0
12 355 0 0 0 0
12 356 0 0 0 0
12 357 592 592 592 0
12 358 -48 -48 -48 0
12 359 96 96 96 0
12 360 0 0 0 0
12 361 672 672 672 0
12 362 80 80 80 0
12 363 960 960 960 0
12 364 -464 -464 -464 0
12 365 -864 -864 -864 0
12 366 -144 -144 -144 0
12 367 1440 1440 1440 0
12 368 0 0 0 0
12 369 -176 -176 -176 0
12 370 -576 -576 -576 0
12 371 0 0 0 0
12 372 0 0 0 0
12 373 -2192 -2192 -2192 0
12 374 -64 -64 -64 0
12 375 -2400 -2400 -2400 0
12 376 0 0 0 0
12 377 2688 2688 973 1
12 378 1664 1664 1664 0
12 379 1680 1680 1680 0
12 380 -1024 -1024 -1024 0
12 381 -32 -32 -32 0
12 382 2752 2752 1037 1
12 383 2080 2080 365 1
12 384 0 0 0 0
12 385 -192 -192 -192 0
12 386 880 880 880 0
12 387 0 0 0 0
12 388 0 0 0 0
12 389 -304 -304 -304 0
12 390 1600 1600 1600 0
12 391 -256 -256 -256 0
12 392 0 0 0 0
12 393 1728 1728 13 1
12 394 80 80 80 0
12 395 448 448 448 0
12 396 16 16 16 0
12 397 -544 -544 -544 0
12 398 944 944 944 0
12 399 768 768 768 0
12 400 0 0 0 0
12 401 -80 -80 -80 0
12 402 -272 -272 -272 0
12 403 0 0 0 0
12 404 0 0 0 0
12 405 1488 1488 1488 0
12 406 2528 2528 813 1
12 407 464 464 464 0
12 408 0 0 0 0
12 409 864 864 864 0
12 410 -64 -64 -64 0
12 411 2224 2224 509 1
12 412 -368 -368 -368 0
12 413 656 656 656 0
12 414 1504 1504 1504 0
12 415 1808 1808 93 1
12 416 0 0 0 0
12 417 512 512 512 0
12 418 1120 1120 1120 0
12 419 0 0 0 0
12 420 0 0 0 0
12 421 3120 3120 1405 1
12 422 1664 1664 1664 0
12 423 1392 1392 1392 0
12 424 0 0 0 0
12 425 1168 1168 1168 0
12 426 688 688 688 0
12 427 3040 3040 1325 1
12 428 1824 1824 109 1
12 429 1440 1440 1440 0
12 430 -688 -688 -688 0
12 431 -1376 -1376 -1376 0
12 432 0 0 0 0
12 433 32 32 32 0
12 434 400 400 400 0
12 435 0 0 0 0
12 436 0 0 0 0
12 437 1744 1744 29 1
12 438 1920 1920 205 1
12 439 0 0 0 0
12 440 0 0 0 0
12 441 1024 1024 1024 0
12 442 1248 1248 1248 0
12 443 2528 2528 813 1
12 444 688 688 688 0
12 445 400 400 400 0
12 446 320 320 320 0
12 447 1280 1280 1280 0
12 448 0 0 0 0
12 449 160 160 160 0
12 450 448 448 448 0
12 451 0 0 0 0
12 452 0 0 0 0
12 453 -2112 -2112 -2112 0
12 454 -16 -16 -16 0
12 455 96 96 96 0
12 456 0 0 0 0
12 457 -1104 -1104 -1104 0
12 458 -304 -304 -304 0
12 459 -1824 -1824 -1824 0
12 460 624 624 624 0
12 461 800 800 800 0
12 462 432 432 432 0
12 463 1488 1488 1488 0
12 464 0 0 0 0
12 465 1360 1360 1360 0
12 466 3072 3072 1357 1
12 467 0 0 0 0
12 468 0 0 0 0
12 469 -96 -96 -96 0
12 470 656 656 656 0
12 471 2160 2160 445 1
12 472 0 0 0 0
12 473 -144 -144 -144 0
12 474 -1120 -1120 -1120 0
12 475 -1680 -1680 -1680 0
12 476 3520 3520 1805 1
12 477 3952 3952 2237 1
12 478 2048 2048 333 1
12 479 -144 -144 -144 0
12 480 0 0 0 0
12 481 -832 -832 -832 0
12 482 2672 2672 957 1
12 483 0 0 0 0
12 484 0 0 0 0
12 485 464 464 464 0
12 486 3184 3184 1469 1
12 487 1088 1088 1088 0
12 488 0 0 0 0
12 489 1792 1792 77 1
12 490 -480 -480 -480 0
12 491 -752 -752 -752 0
12 492 2944 2944 1229 1
12 493 2704 2704 989 1
12 494 1408 1408 1408 0
12 495 -1200 -1200 -1200 0
12 496 0 0 0 0
12 497 1136 1136 1136 0
12 498 528 528 528 0
12 499 0 0 0 0
12 500 0 0 0 0
12 501 -1488 -1488 -1488 0
12 502 1344 1344 1344 0
12 503 816 816 816 0
12 504 0 0 0 0
12 505 -608 -608 -608 0
12 506 384 384 384 0
12 507 -688 -688 -688 0
12 508 192 192 192 0
12 509 1248 1248 1248 0
12 510 512 512 512 0
12 511 832 832 832 0
13 0 1312 1312 1312 0
13 1 -1616 -1088 -1088 0
13 2 -1152 -1872 -1872 0
13 3 608 608 608 0
13 4 672 672 672 0
13 5 -128 1440 1440 0
13 6 -112 1136 1136 0
13 7 608 1600 1600 0
13 8 1024 1024 1024 0
13 9 1744 1824 109 1
13 10 160 960 960 0
13 11 -336 320 320 0
13 12 768 1584 1584 0
13 13 3968 5549 3834 1
13 14 1360 -224 -224 0
13 15 80 -256 -256 0
13 16 976 976 976 0
13 17 288 448 448 0
13 18 624 1920 205 1
13 19 528 528 528 0
13 20 112 112 112 0
13 21 1728 2877 1162 1
13 22 2464 4080 2365 1
13 23 -64 752 752 0
13 24 0 0 0 0
13 25 -1904 -1843 -1843 0
13 26 2864 3037 1322 1
13 27 3200 4045 2330 1
13 28 480 160 160 0
13 29 -2560 -4448 -4448 0
13 30 -2128 -2304 -2304 0
13 31 -320 -496 -496 0
13 32 -272 -272 -272 0
13 33 192 864 864 0
13 34 624 1168 1168 0
13 35 336 336 336 0
13 36 960 960 960 0
13 37 -368 -1264 -1264 0
13 38 1936 2448 733 1
13 39 -624 832 832 0
13 40 496 496 496 0
13 41 3008 2224 509 1
13 42 1504 1072 1072 0
13 43 464 496 496 0
13 44 1104 1408 1408 0
13 45 1312 1869 154 1
13 46 1712 2256 541 1
13 47 2608 2960 1245 1
13 48 2448 2448 733 1
13 49 1248 1952 237 1
13 50 -480 -768 -768 0
13 51 160 160 160 0
13 52 224 224 224 0
13 53 1520 1741 26 1
13 54 -128 -192 -192 0
13 55 1824 1712 1712 0
13 56 1456 1456 1456 0
13 57 4672 3856 2141 1
13 58 864 96 96 0
13 59 896 880 880 0
13 60 416 1373 1373 0
13 61 1952 5069 3354 1
13 62 6960 7085 5370 1
13 63 1968 2672 957 1
13 64 1680 1680 1680 0
13 65 832 1037 1037 0
13 66 -192 -288 -288 0
13 67 768 768 768 0
13 68 -80 -80 -80 0
13 69 -160 493 493 0
13 70 2672 3453 1738 1
13 71 976 1805 90 1
13 72 448 448 448 0
13 73 784 928 928 0
13 74 816 1664 1664 0
13 75 3536 4941 3226 1
13 76 640 -544 -544 0
13 77 -224 765 765 0
13 78 2832 3888 2173 1
13 79 3152 3325 1610 1
13 80 -384 -384 -384 0
13 81 1648 1008 1008 0
13 82 240 720 720 0
13 83 64 64 64 0
13 84 1008 1008 1008 0
13 85 720 1584 1584 0
13 86 48 -528 -528 0
13 87 1520 896 896 0
13 88 480 480 480 0
13 89 640 672 672 0
13 90 -1824 -2432 -2432 0
13 91 -768 80 80 0
13 92 624 1197 1197 0
13 93 4320 4208 2493 1
13 94 -416 512 512 0
13 95 -272 93 93 0
13 96 304 304 304 0
13 97 16 480 480 0
13 98 1568 1696 1696 0
13 99 -64 -64 -64 0
13 100 -448 -448 -448 0
13 101 416 480 480 0
13 102 1584 3853 2138 1
13 103 -576 -547 -547 0
13 104 1472 1472 1472 0
13 105 288 560 560 0
13 106 208 685 685 0
13 107 1728 1933 218 1
13 108 144 288 288 0
13 109 2256 3424 1709 1
13 110 3200 3632 1917 1
13 111 -368 208 208 0
13 112 -16 -16 -16 0
13 113 928 880 880 0
13 114 112 272 272 0
13 115 672 672 672 0
13 116 -352 -352 -352 0
13 117 -64 272 272 0
13 118 -128 1568 1568 0
13 119 1008 2032 317 1
13 120 3696 3696 1981 1
13 121 1952 3088 1373 1
13 122 2160 2272 557 1
13 123 2640 3437 1722 1
13 124 -400 -192 -192 0
13 125 4816 6432 4717 1
13 126 5312 6256 4541 1
13 127 864 1792 77 1
13 128 1472 1472 1472 0
13 129 -544 768 768 0
13 130 -480 960 960 0
13 131 -16 -16 -16 0
13 132 288 288 288 0
13 133 -176 429 429 0
13 134 -832 -112 -112 0
13 135 768 2256 541 1
13 136 416 416 416 0
13 137 1984 1712 1712 0
13 138 -1216 -1888 -1888 0
13 139 -1216 -864 -864 0
13 140 -112 829 829 0
13 141 2624 2781 1066 1
13 142 -1776 -1088 -1088 0
13 143 -1424 -1040 -1040 0
13 144 256 256 256 0
13 145 -1280 -672 -672 0
13 146 1040 2144 429 1
13 147 -80 -80 -80 0
13 148 928 928 928 0
13 149 2432 1936 221 1
13 150 1456 2160 445 1
13 151 576 717 717 0
13 152 -176 -176 -176 0
13 153 2368 2960 1245 1
13 154 2496 1936 221 1
13 155 480 -240 -240 0
13 156 -336 608 608 0
13 157 272 1152 1152 0
13 158 2752 1648 1648 0
13 159 -752 -2848 -2848 0
13 160 2800 2800 1085 1
13 161 -384 61 61 0
13 162 -320 -1056 -1056 0
13 163 624 624 624 0
13 164 -432 -432 -432 0
13 165 1200 2768 1053 1
13 166 400 -352 -352 0
13 167 1152 1648 1648 0
13 168 560 560 560 0
13 169 2544 1456 1456 0
13 170 -1200 -1088 -1088 0
13 171 3280 4160 2445 1
13 172 880 2224 509 1
13 173 1776 3440 1725 1
13 174 -688 -1984 -1984 0
13 175 1280 2192 477 1
13 176 208 208 208 0
13 177 816 1200 1200 0
13 178 -880 -128 -128 0
13 179 208 208 208 0
13 180 592 592 592 0
13 181 64 624 624 0
13 182 1552 1661 1661 0
13 183 704 2304 589 1
13 184 368 368 368 0
13 185 3008 2384 669 1
13 186 3136 2592 877 1
13 187 -1712 -1408 -1408 0
13 188 208 429 429 0
13 189 32 365 365 0
13 190 2720 3808 2093 1
13 191 1424 3008 1293 1
13 192 1200 1200 1200 0
13 193 160 -16 -16 0
13 194 176 624 624 0
13 195 48 48 48 0
13 196 -144 -144 -144 0
13 197 -320 205 205 0
13 198 -176 -864 -864 0
13 199 672 288 288 0
13 200 2224 2224 509 1
13 201 1104 992 992 0
13 202 -464 80 80 0
13 203 1808 1965 250 1
13 204 320 573 573 0
13 205 1744 2432 717 1
13 206 2048 2480 765 1
13 207 256 -304 -304 0
13 208 384 384 384 0
13 209 800 1920 205 1
13 210 176 144 144 0
13 211 1200 1200 1200 0
13 212 1840 1840 125 1
13 213 688 464 464 0
13 214 1136 1696 1696 0
13 215 1728 2237 522 1
13 216 176 176 176 0
13 217 3392 4096 2381 1
13 218 1888 1664 1664 0
13 219 1392 1805 90 1
13 220 32 784 784 0
13 221 1744 3373 1658 1
13 222 1936 3328 1613 1
13 223 1696 2333 618 1
13 224 576 576 576 0
13 225 -192 160 160 0
13 226 1328 304 304 0
13 227 288 288 288 0
13 228 -528 -528 -528 0
13 229 288 1165 1165 0
13 230 1968 2125 410 1
13 231 320 16 16 0
13 232 1472 1472 1472 0
13 233 -288 -1232 -1232 0
13 234 1152 1552 1552 0
13 235 1968 3056 1341 1
13 236 112 384 384 0
13 237 2032 2704 989 1
13 238 592 144 144 0
13 239 1456 800 800 0
13 240 368 368 368 0
13 241 0 512 512 0
13 242 1520 2192 477 1
13 243 448 448 448 0
13 244 -384 -384 -384 0
13 245 -288 784 784 0
13 246 1664 2477 762 1
13 247 -944 -515 -515 0
13 248 1424 1424 1424 0
13 249 1136 1616 1616 0
13 250 -640 -1488 -1488 0
13 251 -1376 -1232 -1232 0
13 252 -800 480 480 0
13 253 1200 1888 173 1
13 254 2848 2496 781 1
13 255 -592 -208 -208 0
13 256 -32 -32 -32 0
13 257 1568 1808 93 1
13 258 -624 -816 -816 0
13 259 976 976 976 0
13 260 -848 -848 -848 0
13 261 864 224 224 0
13 262 -352 624 624 0
13 263 640 128 128 0
13 264 2320 2320 605 1
13 265 1168 2016 301 1
13 266 3456 4480 2765 1
13 267 1568 1520 1520 0
13 268 -1136 -1424 -1424 0
13 269 2000 1840 125 1
13 270 448 1456 1456 0
13 271 656 656 656 0
13 272 -64 -64 -64 0
13 273 1184 2016 301 1
13 274 1008 -352 -352 0
13 275 384 384 384 0
13 276 320 320 320 0
13 277 -848 -656 -656 0
13 278 1504 2720 1005 1
13 279 768 2016 301 1
13 280 1968 1968 253 1
13 281 2864 1728 13 1
13 282 -736 -1296 -1296 0
13 283 672 1424 1424 0
13 284 -288 384 384 0
13 285 1552 2013 298 1
13 286 1552 2048 333 1
13 287 1280 2448 733 1
13 288 1104 1104 1104 0
13 289 208 1248 1248 0
13 290 288 -336 -336 0
13 291 336 336 336 0
13 292 1632 1632 1632 0
13 293 1792 2656 941 1
13 294 1136 1293 1293 0
13 295 1120 1760 45 1
13 296 320 320 320 0
13 297 992 1472 1472 0
13 298 544 2144 429 1
13 299 1536 1677 1677 0
13 300 448 -576 -576 0
13 301 -1360 -576 -576 0
13 302 -784 -1328 -1328 0
13 303 -320 -2240 -2240 0
13 304 -608 -608 -608 0
13 305 432 -336 -336 0
13 306 -80 1328 1328 0
13 307 384 384 384 0
13 308 496 496 496 0
13 309 1104 912 912 0
13 310 880 2061 346 1
13 311 -272 -416 -416 0
13 312 1440 1440 1440 0
13 313 2352 3661 1946 1
13 314 3072 4544 2829 1
13 315 -1056 -1184 -1184 0
13 316 528 1568 1568 0
13 317 48 1008 1008 0
13 318 5328 6256 4541 1
13 319 752 1184 1184 0
13 320 864 864 864 0
13 321 -1440 -2064 -2064 0
13 322 -512 -864 -864 0
13 323 192 192 192 0
13 324 1584 1584 1584 0
13 325 1024 2112 397 1
13 326 16 77 77 0
13 327 560 1312 1312 0
13 328 1072 1072 1072 0
13 329 1648 2304 589 1
13 330 544 1520 1520 0
13 331 1648 3117 1402 1
13 332 144 592 592 0
13 333 2032 3360 1645 1
13 334 608 736 736 0
13 335 1952 3024 1309 1
13 336 -976 -976 -976 0
13 337 2560 2480 765 1
13 338 720 336 336 0
13 339 336 336 336 0
13 340 480 480 480 0
13 341 -1088 -96 -96 0
13 342 1936 2688 973 1
13 343 1344 1040 1040 0
13 344 912 912 912 0
13 345 2976 2960 1245 1
13 346 2976 2144 429 1
13 347 -1952 -848 -848 0
13 348 704 733 733 0
13 349 64 1437 1437 0
13 350 5712 6493 4778 1
13 351 5296 6864 5149 1
13 352 -976 -976 -976 0
13 353 2048 2352 637 1
13 354 384 1392 1392 0
13 355 -96 -96 -96 0
13 356 832 832 832 0
13 357 -64 528 528 0
13 358 4064 4016 2301 1
13 359 1328 1424 1424 0
13 360 448 448 448 0
13 361 -304 368 368 0
13 362 2000 2080 365 1
13 363 2288 3248 1533 1
13 364 1184 720 720 0
13 365 1872 1008 1008 0
13 366 752 608 608 0
13 367 -1072 368 368 0
13 368 -1488 -1488 -1488 0
13 369 1952 1776 61 1
13 370 -480 -1056 -1056 0
13 371 1024 1024 1024 0
13 372 1072 1072 1072 0
13 373 1936 -256 -256 0
13 374 1072 1008 1008 0
13 375 400 -2000 -2000 0
13 376 336 336 336 0
13 377 3296 4269 2554 1
13 378 5104 6768 5053 1
13 379 1056 2736 1021 1
13 380 320 -704 -704 0
13 381 912 880 880 0
13 382 4656 5693 3978 1
13 383 4512 4877 3162 1
13 384 -64 -64 -64 0
13 385 1472 1280 1280 0
13 386 928 1808 93 1
13 387 768 768 768 0
13 388 448 448 448 0
13 389 144 -160 -160 0
13 390 2016 3616 1901 1
13 391 832 576 576 0
13 392 2032 2032 317 1
13 393 512 525 525 0
13 394 688 768 768 0
13 395 -1440 -992 -992 0
13 396 288 304 304 0
13 397 2912 2368 653 1
13 398 3616 4560 2845 1
13 399 -1024 -256 -256 0
13 400 1040 1040 1040 0
13 401 976 896 896 0
13 402 -1088 -1360 -1360 0
13 403 384 384 384 0
13 404 112 112 112 0
13 405 -224 1264 1264 0
13 406 768 1581 1581 0
13 407 816 1280 1280 0
13 408 2128 2128 413 1
13 409 1856 2720 1005 1
13 410 1328 1264 1264 0
13 411 1328 1837 122 1
13 412 -864 -1232 -1232 0
13 413 1792 2448 733 1
13 414 5392 6896 5181 1
13 415 832 925 925 0
13 416 -144 -144 -144 0
13 417 -880 -368 -368 0
13 418 144 1264 1264 0
13 419 -80 -80 -80 0
13 420 1440 1440 1440 0
13 421 -176 1229 1229 0
13 422 944 2608 893 1
13 423 368 1760 45 1
13 424 -1008 -1008 -1008 0
13 425 1984 3152 1437 1
13 426 64 752 752 0
13 427 -736 589 589 0
13 428 -464 -355 -355 0
13 429 2736 4176 2461 1
13 430 -2288 -2976 -2976 0
13 431 528 -848 -848 0
13 432 -400 -400 -400 0
13 433 816 848 848 0
13 434 -416 -16 -16 0
13 435 496 496 496 0
13 436 528 528 528 0
13 437 416 445 445 0
13 438 1152 1357 1357 0
13 439 752 752 752 0
13 440 1568 1568 1568 0
13 441 192 1216 1216 0
13 442 2352 3600 1885 1
13 443 -160 653 653 0
13 444 736 1424 1424 0
13 445 2064 2464 749 1
13 446 3760 4080 2365 1
13 447 1648 2928 1213 1
13 448 -496 -496 -496 0
13 449 192 352 352 0
13 450 192 640 640 0
13 451 -896 -896 -896 0
13 452 -976 -976 -976 0
13 453 160 -1952 -1952 0
13 454 544 528 528 0
13 455 496 592 592 0
13 456 -112 -112 -112 0
13 457 864 -240 -240 0
13 458 -1600 -1904 -1904 0
13 459 -2896 -4720 -4720 0
13 460 -224 400 400 0
13 461 720 1520 1520 0
13 462 80 512 512 0
13 463 -1744 -256 -256 0
13 464 1152 1152 1152 0
13 465 384 1744 29 1
13 466 256 1613 1613 0
13 467 864 864 864 0
13 468 144 144 144 0
13 469 496 400 400 0
13 470 1024 1680 1680 0
13 471 2080 2525 810 1
13 472 1088 1088 1088 0
13 473 3728 3584 1869 1
13 474 1680 560 560 0
13 475 -2240 -3920 -3920 0
13 476 720 2525 810 1
13 477 2784 5021 3306 1
13 478 2384 2717 1002 1
13 479 688 544 544 0
13 480 720 720 720 0
13 481 -608 -1440 -1440 0
13 482 1344 2301 586 1
13 483 -224 -224 -224 0
13 484 816 816 816 0
13 485 1984 2448 733 1
13 486 816 2285 570 1
13 487 688 1776 61 1
13 488 -16 -16 -16 0
13 489 2048 2125 410 1
13 490 1424 944 944 0
13 491 -2256 -3008 -3008 0
13 492 960 2189 474 1
13 493 1792 2781 1066 1
13 494 2640 4048 2333 1
13 495 0 -1200 -1200 0
13 496 -336 -336 -336 0
13 497 784 1920 205 1
13 498 1280 1808 93 1
13 499 208 208 208 0
13 500 -576 -576 -576 0
13 501 720 -768 -768 0
13 502 80 1424 1424 0
13 503 576 1392 1392 0
13 504 272 272 272 0
13 505 1168 560 560 0
13 506 1296 1680 1680 0
13 507 32 -656 -656 0
13 508 736 928 928 0
13 509 704 1952 237 1
13 510 2944 3456 1741 1
13 511 2384 3216 1501 1
14 0 1200 2512 797 1
14 1 560 -528 -528 0
14 2 -1312 -3184 -3184 0
14 3 -1008 -400 -400 0
14 4 1376 2048 333 1
14 5 2176 3616 1901 1
14 6 1232 2368 653 1
14 7 704 2304 589 1
14 8 512 1536 1536 0
14 9 -768 -659 -659 0
14 10 -992 -32 -32 0
14 11 2736 3056 1341 1
14 12 2208 3792 2077 1
14 13 880 4714 2999 1
14 14 2848 2624 909 1
14 15 144 -112 -112 0
14 16 -1216 -240 -240 0
14 17 -752 -304 -304 0
14 18 -16 189 189 0
14 19 -256 272 272 0
14 20 -992 -880 -880 0
14 21 -1104 58 58 0
14 22 -1248 1117 1117 0
14 23 4384 5136 3421 1
14 24 1344 1344 1344 0
14 25 464 -1379 -1379 0
14 26 2064 3386 1671 1
14 27 848 3178 1463 1
14 28 -768 -608 -608 0
14 29 1728 -2720 -2720 0
14 30 -304 -2608 -2608 0
14 31 -576 -1072 -1072 0
14 32 640 368 368 0
14 33 2720 3584 1869 1
14 34 896 2064 349 1
14 35 272 608 608 0
14 36 288 1248 1248 0
14 37 464 -800 -800 0
14 38 1696 2429 714 1
14 39 4192 5024 3309 1
14 40 -384 112 112 0
14 41 640 1149 1149 0
14 42 -128 944 944 0
14 43 80 576 576 0
14 44 1760 3168 1453 1
14 45 1744 1898 183 1
14 46 3456 3997 2282 1
14 47 464 1709 1709 0
14 48 2416 3149 1434 1
14 49 2272 2509 794 1
14 50 1712 944 944 0
14 51 -432 -272 -272 0
14 52 160 384 384 0
14 53 1408 1434 1434 0
14 54 4608 4416 2701 1
14 55 1728 3440 1725 1
14 56 1840 3296 1581 1
14 57 288 2429 714 1
14 58 -1216 -1120 -1120 0
14 59 -112 768 768 0
14 60 1456 2829 1114 1
14 61 1824 5178 3463 1
14 62 2240 7610 5895 1
14 63 1728 2685 970 1
14 64 -896 784 784 0
14 65 16 1053 1053 0
14 66 1776 1488 1488 0
14 67 1200 1968 253 1
14 68 464 384 384 0
14 69 1408 1901 186 1
14 70 1296 3034 1319 1
14 71 4000 4090 2375 1
14 72 400 848 848 0
14 73 -128 800 800 0
14 74 1488 3152 1437 1
14 75 2368 5594 3879 1
14 76 256 -288 -288 0
14 77 304 1069 1069 0
14 78 3488 5661 3946 1
14 79 400 2010 295 1
14 80 -48 -432 -432 0
14 81 -864 144 144 0
14 82 -1664 -944 -944 0
14 83 640 704 704 0
14 84 1168 2176 461 1
14 85 -816 768 768 0
14 86 1744 1216 1216 0
14 87 -1408 -512 -512 0
14 88 -32 448 448 0
14 89 -32 640 640 0
14 90 304 -2128 -2128 0
14 91 496 576 576 0
14 92 656 1853 138 1
14 93 2208 4701 2986 1
14 94 896 1408 1408 0
14 95 688 781 781 0
14 96 288 592 592 0
14 97 1376 1856 141 1
14 98 1792 3488 1773 1
14 99 464 400 400 0
14 100 1072 624 624 0
14 101 1024 1504 1504 0
14 102 -496 1642 1642 0
14 103 1856 1309 1309 0
14 104 528 2000 285 1
14 105 1136 1696 1696 0
14 106 2448 3133 1418 1
14 107 2992 3210 1495 1
14 108 -1200 -912 -912 0
14 109 -208 1501 1501 0
14 110 -432 1485 1485 0
14 111 64 272 272 0
14 112 928 912 912 0
14 113 2192 3072 1357 1
14 114 2160 2432 717 1
14 115 752 1424 1424 0
14 116 1024 672 672 0
14 117 1392 1664 1664 0
14 118 176 1744 29 1
14 119 1792 2109 394 1
14 120 976 2957 1242 1
14 121 -464 909 909 0
14 122 1216 1773 58 1
14 123 3344 5066 3351 1
14 124 864 672 672 0
14 125 2224 6941 5226 1
14 126 112 4653 2938 1
14 127 1872 1949 234 1
14 128 1264 2736 1021 1
14 129 0 768 768 0
14 130 -1376 -416 -416 0
14 131 1360 1344 1344 0
14 132 896 1184 1184 0
14 133 -256 173 173 0
14 134 2368 2256 541 1
14 135 512 1053 1053 0
14 136 16 432 432 0
14 137 -480 1232 1232 0
14 138 496 -1392 -1392 0
14 139 880 16 16 0
14 140 2112 2941 1226 1
14 141 3248 4314 2599 1
14 142 2784 1696 1696 0
14 143 2256 1216 1216 0
14 144 -160 96 96 0
14 145 3200 2528 813 1
14 146 2160 2589 874 1
14 147 1376 1296 1296 0
14 148 -1360 -432 -432 0
14 149 1472 1693 1693 0
14 150 1008 1453 1453 0
14 151 2288 3005 1290 1
14 152 1456 1280 1280 0
14 153 -1424 -179 -179 0
14 154 128 349 349 0
14 155 1088 848 848 0
14 156 1728 2336 621 1
14 157 1968 3120 1405 1
14 158 1920 3568 1853 1
14 159 592 -2256 -2256 0
14 160 -640 445 445 0
14 161 -672 -611 -611 0
14 162 656 -400 -400 0
14 163 1152 1776 61 1
14 164 -1184 -1616 -1616 0
14 165 1680 2733 1018 1
14 166 736 384 384 0
14 167 784 2432 717 1
14 168 -496 64 64 0
14 169 576 2032 317 1
14 170 624 -464 -464 0
14 171 1232 3677 1962 1
14 172 -64 445 445 0
14 173 896 2621 906 1
14 174 3504 1520 1520 0
14 175 -576 -99 -99 0
14 176 1216 1424 1424 0
14 177 3152 4352 2637 1
14 178 2752 2624 909 1
14 179 368 576 576 0
14 180 960 1552 1552 0
14 181 384 1008 1008 0
14 182 2960 4621 2906 1
14 183 2368 2957 1242 1
14 184 -1136 -768 -768 0
14 185 -80 589 589 0
14 186 320 1197 1197 0
14 187 -1168 -2576 -2576 0
14 188 1392 1821 106 1
14 189 2144 2509 794 1
14 190 2848 4941 3226 1
14 191 1776 3069 1354 1
14 192 -96 1104 1104 0
14 193 -496 -512 -512 0
14 194 -1072 -448 -448 0
14 195 240 288 288 0
14 196 352 208 208 0
14 197 880 1085 1085 0
14 198 -608 -1472 -1472 0
14 199 -192 96 96 0
14 200 960 1469 1469 0
14 201 1152 2144 429 1
14 202 320 400 400 0
14 203 96 346 346 0
14 204 96 669 669 0
14 205 624 1341 1341 0
14 206 -464 301 301 0
14 207 1696 1392 1392 0
14 208 1632 2016 301 1
14 209 2912 3117 1402 1
14 210 3632 3776 2061 1
14 211 688 1888 173 1
14 212 784 909 909 0
14 213 -288 176 176 0
14 214 1088 2784 1069 1
14 215 3152 3674 1959 1
14 216 1344 1520 1520 0
14 217 -496 1885 170 1
14 218 -992 672 672 0
14 219 2496 2586 871 1
14 220 -128 656 656 0
14 221 1184 2842 1127 1
14 222 1792 3405 1690 1
14 223 1760 2378 663 1
14 224 -192 384 384 0
14 225 1184 1344 1344 0
14 226 1152 1456 1456 0
14 227 1136 1424 1424 0
14 228 1328 800 800 0
14 229 2016 3181 1466 1
14 230 848 1258 1258 0
14 231 992 1008 1008 0
14 232 368 1840 125 1
14 233 752 -480 -480 0
14 234 1728 3280 1565 1
14 235 1408 2749 1034 1
14 236 1776 2160 445 1
14 237 -672 317 317 0
14 238 1088 1232 1232 0
14 239 -1088 -288 -288 0
14 240 704 1072 1072 0
14 241 2704 3216 1501 1
14 242 768 1245 1245 0
14 243 1632 2080 365 1
14 244 224 -160 -160 0
14 245 1040 1824 109 1
14 246 3008 3770 2055 1
14 247 3168 2653 938 1
14 248 496 1920 205 1
14 249 832 2448 733 1
14 250 112 -1376 -1376 0
14 251 -400 -1632 -1632 0
14 252 2992 3472 1757 1
14 253 2528 2701 986 1
14 254 2608 3389 1674 1
14 255 1728 1520 1520 0
14 256 -528 -560 -560 0
14 257 -1968 -1875 -1875 0
14 258 -720 -1536 -1536 0
14 259 784 1760 45 1
14 260 1584 736 736 0
14 261 624 848 848 0
14 262 -1536 -912 -912 0
14 263 -2048 -1920 -1920 0
14 264 -832 -227 -227 0
14 265 352 653 653 0
14 266 640 3405 1690 1
14 267 1440 2960 1245 1
14 268 -672 -2096 -2096 0
14 269 -592 -467 -467 0
14 270 -992 464 464 0
14 271 928 1584 1584 0
14 272 1136 1072 1072 0
14 273 2192 2493 778 1
14 274 2624 2272 557 1
14 275 912 1296 1296 0
14 276 160 480 480 0
14 277 -208 -864 -864 0
14 278 1952 2957 1242 1
14 279 144 445 445 0
14 280 -816 -563 -563 0
14 281 720 733 733 0
14 282 448 -848 -848 0
14 283 -1008 416 416 0
14 284 2368 2752 1037 1
14 285 32 330 330 0
14 286 2032 2365 650 1
14 287 384 1117 1117 0
14 288 -1248 -144 -144 0
14 289 128 1376 1376 0
14 290 512 176 176 0
14 291 1168 1504 1504 0
14 292 -288 1344 1344 0
14 293 1648 2589 874 1
14 294 224 1517 1517 0
14 295 3264 3309 1594 1
14 296 1664 1984 269 1
14 297 496 1968 253 1
14 298 2112 2541 826 1
14 299 2304 3981 2266 1
14 300 1792 1216 1216 0
14 301 2256 1680 1680 0
14 302 -256 -1584 -1584 0
14 303 -864 -3104 -3104 0
14 304 1152 544 544 0
14 305 1872 1536 1536 0
14 306 1616 2944 1229 1
14 307 -928 -544 -544 0
14 308 192 688 688 0
14 309 224 1136 1136 0
14 310 400 746 746 0
14 311 -272 -688 -688 0
14 312 1184 2624 909 1
14 313 640 2586 871 1
14 314 480 3309 1594 1
14 315 1664 480 480 0
14 316 752 2320 605 1
14 317 752 1760 45 1
14 318 -1296 3245 1530 1
14 319 2000 3184 1469 1
14 320 208 1072 1072 0
14 321 464 -1600 -1600 0
14 322 -608 -1472 -1472 0
14 323 224 416 416 0
14 324 1600 3184 1469 1
14 325 928 1325 1325 0
14 326 240 317 317 0
14 327 4704 6016 4301 1
14 328 352 1424 1424 0
14 329 896 1485 1485 0
14 330 -512 1008 1008 0
14 331 3472 4874 3159 1
14 332 960 1552 1552 0
14 333 2208 3853 2138 1
14 334 64 800 800 0
14 335 1728 3037 1322 1
14 336 1744 768 768 0
14 337 3488 4253 2538 1
14 338 2608 2944 1229 1
14 339 128 464 464 0
14 340 416 896 896 0
14 341 2000 1904 189 1
14 342 5136 6109 4394 1
14 343 -432 608 608 0
14 344 -112 800 800 0
14 345 1152 2397 682 1
14 346 1824 2253 538 1
14 347 -560 -1408 -1408 0
14 348 2576 3309 1594 1
14 349 -368 1069 1069 0
14 350 3264 8042 6327 1
14 351 -192 4957 3242 1
14 352 -608 -1584 -1584 0
14 353 656 1293 1293 0
14 354 -544 848 848 0
14 355 -32 -128 -128 0
14 356 1040 1872 157 1
14 357 1552 2080 365 1
14 358 192 2493 778 1
14 359 2368 3792 2077 1
14 360 896 1344 1344 0
14 361 -480 -112 -112 0
14 362 4048 4413 2698 1
14 363 848 2381 666 1
14 364 528 1248 1248 0
14 365 1328 2336 621 1
14 366 1968 2576 861 1
14 367 160 528 528 0
14 368 -624 -2112 -2112 0
14 369 1168 1229 1229 0
14 370 2832 1776 61 1
14 371 -1072 -48 -48 0
14 372 864 1936 221 1
14 373 48 -208 -208 0
14 374 688 1696 1696 0
14 375 -1312 -3312 -3312 0
14 376 1616 1952 237 1
14 377 448 3002 1287 1
14 378 2368 7421 5706 1
14 379 2752 3773 2058 1
14 380 -2752 -3456 -3456 0
14 381 -3536 -2656 -2656 0
14 382 -48 3930 2215 1
14 383 928 4090 2375 1
14 384 1024 960 960 0
14 385 784 2064 349 1
14 386 592 685 685 0
14 387 352 1120 1120 0
14 388 1520 1968 253 1
14 389 2336 2176 461 1
14 390 1840 3741 2026 1
14 391 800 1376 1376 0
14 392 1024 1341 1341 0
14 393 -176 349 349 0
14 394 2928 3696 1981 1
14 395 1024 32 32 0
14 396 272 576 576 0
14 397 1808 2461 746 1
14 398 1424 4269 2554 1
14 399 800 544 544 0
14 400 240 1280 1280 0
14 401 944 1840 125 1
14 402 1856 496 496 0
14 403 208 592 592 0
14 404 1168 1280 1280 0
14 405 1744 3008 1293 1
14 406 1472 3053 1338 1
14 407 1232 2512 797 1
14 408 448 861 861 0
14 409 -352 653 653 0
14 410 2816 4080 2365 1
14 411 848 970 970 0
14 412 -16 -1248 -1248 0
14 413 992 1725 10 1
14 414 -512 4669 2954 1
14 415 2272 3197 1482 1
14 416 592 448 448 0
14 417 1136 768 768 0
14 418 -256 1008 1008 0
14 419 384 304 304 0
14 420 -592 848 848 0
14 421 -1328 -99 -99 0
14 422 -416 477 477 0
14 423 3440 3485 1770 1
14 424 -656 -1664 -1664 0
14 425 -848 589 589 0
14 426 544 1296 1296 0
14 427 1968 2557 842 1
14 428 -432 -787 -787 0
14 429 3680 6141 4426 1
14 430 688 -2288 -2288 0
14 431 -432 -1280 -1280 0
14 432 -272 -672 -672 0
14 433 976 1824 109 1
14 434 816 800 800 0
14 435 608 1104 1104 0
14 436 1840 2368 653 1
14 437 624 1069 1069 0
14 438 2224 3581 1866 1
14 439 1024 1776 61 1
14 440 944 2512 797 1
14 441 160 1376 1376 0
14 442 1680 3565 1850 1
14 443 3312 3965 2250 1
14 444 112 1536 1536 0
14 445 1056 1805 90 1
14 446 400 2765 1050 1
14 447 1376 2589 874 1
14 448 1040 544 544 0
14 449 832 1184 1184 0
14 450 1072 1712 1712 0
14 451 1552 656 656 0
14 452 -672 -1648 -1648 0
14 453 -160 -2112 -2112 0
14 454 3472 4000 2285 1
14 455 -1456 -864 -864 0
14 456 304 192 192 0
14 457 -432 -672 -672 0
14 458 -1104 -3008 -3008 0
14 459 448 -4272 -4272 0
14 460 3184 3584 1869 1
14 461 2176 3696 1981 1
14 462 1360 1872 157 1
14 463 1152 896 896 0
14 464 2992 4144 2429 1
14 465 3344 3373 1658 1
14 466 640 2253 538 1
14 467 1120 1984 269 1
14 468 1456 1600 1600 0
14 469 1120 1520 1520 0
14 470 3440 5120 3405 1
14 471 1232 2042 327 1
14 472 112 1200 1200 0
14 473 160 2029 314 1
14 474 -496 64 64 0
14 475 64 -3856 -3856 0
14 476 2784 3594 1879 1
14 477 4592 7898 6183 1
14 478 4832 5834 4119 1
14 479 3248 3792 2077 1
14 480 1056 1776 61 1
14 481 2288 848 848 0
14 482 768 1354 1354 0
14 483 848 624 624 0
14 484 432 1248 1248 0
14 485 -352 381 381 0
14 486 1312 1882 167 1
14 487 2832 2893 1178 1
14 488 992 976 976 0
14 489 144 554 554 0
14 490 480 1424 1424 0
14 491 976 -2032 -2032 0
14 492 1568 2042 327 1
14 493 5872 6938 5223 1
14 494 720 3053 1338 1
14 495 3472 2272 557 1
14 496 464 128 128 0
14 497 1264 1469 1469 0
14 498 1440 1533 1533 0
14 499 1504 1712 1712 0
14 500 -848 -1424 -1424 0
14 501 560 -208 -208 0
14 502 2352 3776 2061 1
14 503 -336 1056 1056 0
14 504 -144 128 128 0
14 505 80 640 640 0
14 506 480 2160 445 1
14 507 944 288 288 0
14 508 208 1136 1136 0
14 509 640 877 877 0
14 510 912 2653 938 1
14 511 1600 3101 1386 1
15 0 -224 573 573 0
15 1 -384 -912 -912 0
15 2 464 -2720 -2720 0
15 3 -768 -1168 -1168 0
15 4 976 1309 1309 0
15 5 784 2685 970 1
15 6 32 685 685 0
15 7 400 989 989 0
15 8 1728 3264 1549 1
15 9 896 237 237 0
15 10 496 464 464 0
15 11 -240 1101 1101 0
15 12 0 2077 362 1
15 13 1488 4487 2772 1
15 14 -800 109 109 0
15 15 480 368 368 0
15 16 -176 -416 -416 0
15 17 320 16 16 0
15 18 -80 109 109 0
15 19 -1200 -928 -928 0
15 20 -336 -1216 -1216 0
15 21 1328 1386 1386 0
15 22 864 1981 266 1
15 23 -256 3165 1450 1
15 24 -1648 -304 -304 0
15 25 240 -1139 -1139 0
15 26 -560 1111 1111 0
15 27 -144 1319 1319 0
15 28 0 -608 -608 0
15 29 -832 -3552 -3552 0
15 30 432 -2176 -2176 0
15 31 400 -672 -672 0
15 32 880 1248 1248 0
15 33 160 2029 314 1
15 34 112 461 461 0
15 35 1584 2192 477 1
15 36 400 1648 1648 0
15 37 704 -96 -96 0
15 38 176 890 890 0
15 39 448 3757 2042 1
15 40 288 400 400 0
15 41 112 1261 1261 0
15 42 880 1824 109 1
15 43 240 816 816 0
15 44 0 1453 1453 0
15 45 560 743 743 0
15 46 1248 3530 1815 1
15 47 528 2237 522 1
15 48 544 1978 263 1
15 49 -224 570 570 0
15 50 560 1504 1504 0
15 51 2304 2032 317 1
15 52 1472 1856 141 1
15 53 -192 1242 1242 0
15 54 736 3437 1722 1
15 55 672 2397 682 1
15 56 -128 1453 1453 0
15 57 2720 3434 1719 1
15 58 1408 288 288 0
15 59 1136 1904 189 1
15 60 0 1114 1114 0
15 61 288 3751 2036 1
15 62 992 6887 5172 1
15 63 1184 2154 439 1
15 64 -336 448 448 0
15 65 208 1261 1261 0
15 66 -144 1344 1344 0
15 67 848 1101 1101 0
15 68 -416 -32 -32 0
15 69 224 410 410 0
15 70 480 1799 84 1
15 71 -480 1895 180 1
15 72 1136 1984 269 1
15 73 320 1120 1120 0
15 74 2720 4157 2442 1
15 75 336 4215 2500 1
15 76 0 -288 -288 0
15 77 496 1565 1565 0
15 78 -160 3786 2071 1
15 79 496 791 791 0
15 80 -400 -832 -832 0
15 81 -368 -224 -224 0
15 82 688 -256 -256 0
15 83 -368 336 336 0
15 84 176 637 637 0
15 85 -1136 -368 -368 0
15 86 -448 768 768 0
15 87 1744 1232 1232 0
15 88 896 1344 1344 0
15 89 1392 2032 317 1
15 90 256 -1872 -1872 0
15 91 1760 2336 621 1
15 92 0 138 138 0
15 93 944 3930 2215 1
15 94 480 1888 173 1
15 95 864 1645 1645 0
15 96 32 624 624 0
15 97 1216 1357 1357 0
15 98 -208 1565 1565 0
15 99 144 544 544 0
15 100 144 768 768 0
15 101 1024 2528 813 1
15 102 448 2090 375 1
15 103 -16 1293 1293 0
15 104 1584 1869 154 1
15 105 1392 3088 1373 1
15 106 1984 3402 1687 1
15 107 96 1591 1591 0
15 108 0 -912 -912 0
15 109 1104 2605 890 1
15 110 -224 1261 1261 0
15 111 352 624 624 0
15 112 -688 224 224 0
15 113 400 1757 42 1
15 114 1552 2269 554 1
15 115 -320 1104 1104 0
15 116 -96 576 576 0
15 117 1312 2976 1261 1
15 118 528 557 557 0
15 119 -80 314 314 0
15 120 1088 2330 615 1
15 121 1584 2493 778 1
15 122 2240 2298 583 1
15 123 832 4183 2468 1
15 124 0 672 672 0
15 125 752 5978 4263 1
15 126 272 3210 1495 1
15 127 448 682 682 0
15 128 -320 701 701 0
15 129 32 800 800 0
15 130 -64 -480 -480 0
15 131 176 1520 1520 0
15 132 1088 2272 557 1
15 133 -848 -675 -675 0
15 134 -928 -387 -387 0
15 135 1456 2509 794 1
15 136 2016 2448 733 1
15 137 896 2128 413 1
15 138 656 -736 -736 0
15 139 480 496 496 0
15 140 0 1226 1226 0
15 141 880 3479 1764 1
15 142 -768 928 928 0
15 143 32 1248 1248 0
15 144 784 880 880 0
15 145 880 1693 1693 0
15 146 -464 410 410 0
15 147 560 1856 141 1
15 148 256 -176 -176 0
15 149 1328 3021 1306 1
15 150 1088 2541 826 1
15 151 672 1962 247 1
15 152 -640 640 640 0
15 153 1712 1533 1533 0
15 154 -16 333 333 0
15 155 -160 688 688 0
15 156 0 621 621 0
15 157 1136 2541 826 1
15 158 -16 1837 122 1
15 159 512 -1744 -1744 0
15 160 368 813 813 0
15 161 -1168 -1779 -1779 0
15 162 -1072 -1472 -1472 0
15 163 816 877 877 0
15 164 1040 -576 -576 0
15 165 -576 442 442 0
15 166 -272 112 112 0
15 167 2000 2717 1002 1
15 168 96 160 160 0
15 169 1920 2237 522 1
15 170 80 -384 -384 0
15 171 240 2202 487 1
15 172 0 445 445 0
15 173 -480 426 426 0
15 174 368 1888 173 1
15 175 528 429 429 0
15 176 48 1472 1472 0
15 177 368 3005 1290 1
15 178 688 1597 1597 0
15 179 1936 2512 797 1
15 180 848 2400 685 1
15 181 1392 2400 685 1
15 182 -224 2682 967 1
15 183 688 1930 215 1
15 184 688 -80 -80 0
15 185 1344 1933 218 1
15 186 1280 2477 762 1
15 187 1152 -1424 -1424 0
15 188 0 106 106 0
15 189 0 794 794 0
15 190 64 3290 1575 1
15 191 320 1674 1674 0
15 192 48 1152 1152 0
15 193 -176 -688 -688 0
15 194 640 192 192 0
15 195 -992 -704 -704 0
15 196 208 416 416 0
15 197 -32 1053 1053 0
15 198 -448 -1920 -1920 0
15 199 896 992 992 0
15 200 496 1965 250 1
15 201 1264 1693 1693 0
15 202 1632 2032 317 1
15 203 240 586 586 0
15 204 0 669 669 0
15 205 272 1613 1613 0
15 206 464 765 765 0
15 207 528 1920 205 1
15 208 304 605 605 0
15 209 -304 1098 1098 0
15 210 304 2365 650 1
15 211 2416 2589 874 1
15 212 1200 2109 394 1
15 213 1104 1280 1280 0
15 214 768 1837 122 1
15 215 -32 1927 212 1
15 216 416 1936 221 1
15 217 -208 -38 -38 0
15 218 1824 2496 781 1
15 219 512 1383 1383 0
15 220 0 656 656 0
15 221 288 1415 1415 0
15 222 -160 1530 1530 0
15 223 208 871 871 0
15 224 800 1184 1184 0
15 225 -624 720 720 0
15 226 -48 1408 1408 0
15 227 1312 2736 1021 1
15 228 -704 96 96 0
15 229 752 2218 503 1
15 230 800 2058 343 1
15 231 592 1600 1600 0
15 232 1344 1469 1469 0
15 233 -160 -640 -640 0
15 234 -128 1437 1437 0
15 235 144 1178 1178 0
15 236 0 445 445 0
15 237 80 397 397 0
15 238 592 1824 109 1
15 239 480 192 192 0
15 240 800 1872 157 1
15 241 1296 2797 1082 1
15 242 416 1661 1661 0
15 243 1280 1645 1645 0
15 244 -736 -896 -896 0
15 245 -16 93 93 0
15 246 -528 1527 1527 0
15 247 -528 410 410 0
15 248 352 557 557 0
15 249 1632 2365 650 1
15 250 1808 432 432 0
15 251 16 -1616 -1616 0
15 252 0 1757 42 1
15 253 384 1370 1370 0
15 254 32 1706 1706 0
15 255 -784 736 736 0
15 256 -1088 -1648 -1648 0
15 257 -400 -2275 -2275 0
15 258 976 -560 -560 0
15 259 -1424 -1379 -1379 0
15 260 -192 544 544 0
15 261 1024 1872 157 1
15 262 -528 -1440 -1440 0
15 263 -528 -2448 -2448 0
15 264 432 205 205 0
15 265 -512 141 141 0
15 266 768 2458 743 1
15 267 752 1997 282 1
15 268 0 -2096 -2096 0
15 269 -256 -723 -723 0
15 270 -128 336 336 0
15 271 -720 864 864 0
15 272 1008 2080 365 1
15 273 -192 586 586 0
15 274 272 829 829 0
15 275 3248 4544 2829 1
15 276 -304 176 176 0
15 277 -144 -1008 -1008 0
15 278 -496 746 746 0
15 279 -48 397 397 0
15 280 320 -243 -243 0
15 281 -384 349 349 0
15 282 1856 1008 1008 0
15 283 608 1024 1024 0
15 284 0 1037 1037 0
15 285 352 682 682 0
15 286 -704 -54 -54 0
15 287 -784 333 333 0
15 288 -320 -464 -464 0
15 289 720 2096 381 1
15 290 -896 -720 -720 0
15 291 -432 1072 1072 0
15 292 -1584 -240 -240 0
15 293 1472 2346 631 1
15 294 784 2301 586 1
15 295 -864 730 730 0
15 296 -432 -163 -163 0
15 297 144 397 397 0
15 298 -368 458 458 0
15 299 -1312 954 954 0
15 300 0 1216 1216 0
15 301 1088 2768 1053 1
15 302 320 -1264 -1264 0
15 303 384 -2720 -2720 0
15 304 224 768 768 0
15 305 432 1968 253 1
15 306 1456 2685 970 1
15 307 608 64 64 0
15 308 48 736 736 0
15 309 1952 3088 1373 1
15 310 880 1626 1626 0
15 311 -640 -1328 -1328 0
15 312 -432 477 477 0
15 313 944 1815 100 1
15 314 976 2570 855 1
15 315 640 1120 1120 0
15 316 0 605 605 0
15 317 368 413 413 0
15 318 -208 1322 1322 0
15 319 -16 1453 1453 0
15 320 -304 768 768 0
15 321 864 -736 -736 0
15 322 640 -832 -832 0
15 323 -480 -64 -64 0
15 324 -64 1405 1405 0
15 325 976 2301 586 1
15 326 -256 61 61 0
15 327 -608 3693 1978 1
15 328 656 2080 365 1
15 329 1632 3117 1402 1
15 330 -352 656 656 0
15 331 -272 2887 1172 1
15 332 0 1552 1552 0
15 333 800 2938 1223 1
15 334 -48 752 752 0
15 335 -336 986 986 0
15 336 912 1680 1680 0
15 337 -800 1738 23 1
15 338 1152 2381 666 1
15 339 3808 4272 2557 1
15 340 608 1504 1504 0
15 341 1056 1245 1245 0
15 342 144 4538 2823 1
15 343 800 1408 1408 0
15 344 32 832 832 0
15 345 1072 1754 39 1
15 346 3008 3546 1831 1
15 347 1888 480 480 0
15 348 0 1594 1594 0
15 349 -256 813 813 0
15 350 1216 7543 5828 1
15 351 1072 4314 2599 1
15 352 -64 -1648 -1648 0
15 353 416 1709 1709 0
15 354 128 976 976 0
15 355 -480 -608 -608 0
15 356 -464 -307 -307 0
15 357 784 1149 1149 0
15 358 720 1498 1498 0
15 359 928 3005 1290 1
15 360 1696 3040 1325 1
15 361 -192 -304 -304 0
15 362 1168 3866 2151 1
15 363 272 938 938 0
15 364 0 1248 1248 0
15 365 1392 2013 298 1
15 366 -80 781 781 0
15 367 800 1328 1328 0
15 368 -496 -2608 -2608 0
15 369 -496 733 733 0
15 370 1120 1181 1181 0
15 371 912 864 864 0
15 372 -288 -67 -67 0
15 373 2464 2256 541 1
15 374 672 2368 653 1
15 375 512 -2800 -2800 0
15 376 16 253 253 0
15 377 -416 871 871 0
15 378 2272 7978 6263 1
15 379 2032 4090 2375 1
15 380 0 -3456 -3456 0
15 381 -768 -3424 -3424 0
15 382 400 2615 900 1
15 383 176 2551 836 1
15 384 0 960 960 0
15 385 128 477 477 0
15 386 784 1469 1469 0
15 387 992 2112 397 1
15 388 384 637 637 0
15 389 624 1085 1085 0
15 390 336 2362 647 1
15 391 1072 2448 733 1
15 392 1296 2637 922 1
15 393 1936 2285 570 1
15 394 720 2701 986 1
15 395 2096 2128 413 1
15 396 0 576 576 0
15 397 1184 1930 215 1
15 398 -336 2218 503 1
15 399 1120 1664 1664 0
15 400 -912 368 368 0
15 401 -16 109 109 0
15 402 912 1408 1408 0
15 403 240 832 832 0
15 404 -288 992 992 0
15 405 1360 2653 938 1
15 406 -240 1098 1098 0
15 407 -32 765 765 0
15 408 1440 2301 586 1
15 409 1488 2141 426 1
15 410 2304 4669 2954 1
15 411 1200 2170 455 1
15 412 0 -1248 -1248 0
15 413 576 586 586 0
15 414 -624 2330 615 1
15 415 -32 1450 1450 0
15 416 -272 176 176 0
15 417 976 1744 29 1
15 418 240 1248 1248 0
15 419 -1280 -976 -976 0
15 420 912 1760 45 1
15 421 832 733 733 0
15 422 -160 317 317 0
15 423 192 1962 247 1
15 424 -336 -2000 -2000 0
15 425 -896 -307 -307 0
15 426 1536 2832 1117 1
15 427 -448 394 394 0
15 428 0 -787 -787 0
15 429 -208 4218 2503 1
15 430 -368 -2656 -2656 0
15 431 -416 -1696 -1696 0
15 432 -224 -896 -896 0
15 433 128 237 237 0
15 434 1024 1824 109 1
15 435 -352 752 752 0
15 436 80 733 733 0
15 437 1824 2893 1178 1
15 438 432 2298 583 1
15 439 192 253 253 0
15 440 704 1501 1501 0
15 441 2000 3376 1661 1
15 442 880 2730 1015 1
15 443 1360 3610 1895 1
15 444 0 1536 1536 0
15 445 -192 -102 -102 0
15 446 448 1498 1498 0
15 447 816 1690 1690 0
15 448 -192 352 352 0
15 449 416 1600 1600 0
15 450 -464 1248 1248 0
15 451 1904 2560 845 1
15 452 320 -1328 -1328 0
15 453 -848 -2960 -2960 0
15 454 -320 1965 250 1
15 455 320 -544 -544 0
15 456 144 336 336 0
15 457 1632 960 960 0
15 458 336 -2672 -2672 0
15 459 304 -3968 -3968 0
15 460 0 1869 154 1
15 461 -288 1693 1693 0
15 462 -176 -19 -19 0
15 463 720 1616 1616 0
15 464 672 3101 1386 1
15 465 496 2154 439 1
15 466 272 810 810 0
15 467 2144 2413 698 1
15 468 2208 3808 2093 1
15 469 -512 1008 1008 0
15 470 -368 3037 1322 1
15 471 1664 1991 276 1
15 472 1216 2416 701 1
15 473 2384 2698 983 1
15 474 -16 48 48 0
15 475 1024 -2832 -2832 0
15 476 0 1879 164 1
15 477 448 6631 4916 1
15 478 -160 3959 2244 1
15 479 624 2701 986 1
15 480 672 733 733 0
15 481 1040 1888 173 1
15 482 240 1594 1594 0
15 483 -96 528 528 0
15 484 976 2224 509 1
15 485 1312 1693 1693 0
15 486 1072 1239 1239 0
15 487 688 1866 151 1
15 488 560 1536 1536 0
15 489 2288 2842 1127 1
15 490 288 1712 1712 0
15 491 112 -1920 -1920 0
15 492 0 327 327 0
15 493 1216 6439 4724 1
15 494 -448 890 890 0
15 495 960 1517 1517 0
15 496 720 848 848 0
15 497 352 1821 106 1
15 498 -336 1197 1197 0
15 499 1552 3264 1549 1
15 500 480 -944 -944 0
15 501 304 96 96 0
15 502 -128 1933 218 1
15 503 512 1568 1568 0
15 504 -624 -496 -496 0
15 505 1984 2624 909 1
15 506 1152 1597 1597 0
15 507 496 784 784 0
15 508 0 1136 1136 0
15 509 -944 -67 -67 0
15 510 784 1722 7 1
15 511 -16 1370 1370 0
