0 0 0 0 0 0
0 1 0 0 0 0
0 2 0 0 0 0
0 3 0 0 0 0
0 4 0 0 0 0
0 5 0 0 0 0
0 6 0 0 0 0
0 7 0 0 0 0
0 8 0 0 0 0
0 9 0 0 0 0
0 10 0 0 0 0
0 11 0 0 0 0
0 12 0 0 0 0
0 13 0 0 0 0
0 14 0 0 0 0
0 15 0 0 0 0
0 16 0 0 0 0
0 17 0 0 0 0
0 18 0 0 0 0
0 19 0 0 0 0
0 20 0 0 0 0
0 21 0 0 0 0
0 22 0 0 0 0
0 23 0 0 0 0
0 24 0 0 0 0
0 25 0 0 0 0
0 26 0 0 0 0
0 27 0 0 0 0
0 28 0 0 0 0
0 29 0 0 0 0
0 30 0 0 0 0
0 31 0 0 0 0
0 32 0 0 0 0
0 33 0 0 0 0
0 34 0 0 0 0
0 35 0 0 0 0
0 36 0 0 0 0
0 37 0 0 0 0
0 38 0 0 0 0
0 39 0 0 0 0
0 40 0 0 0 0
0 41 0 0 0 0
0 42 0 0 0 0
0 43 0 0 0 0
0 44 0 0 0 0
0 45 0 0 0 0
0 46 0 0 0 0
0 47 0 0 0 0
0 48 0 0 0 0
0 49 0 0 0 0
0 50 0 0 0 0
0 51 0 0 0 0
0 52 0 0 0 0
0 53 0 0 0 0
0 54 0 0 0 0
0 55 0 0 0 0
0 56 0 0 0 0
0 57 0 0 0 0
0 58 0 0 0 0
0 59 0 0 0 0
0 60 0 0 0 0
0 61 0 0 0 0
0 62 0 0 0 0
0 63 0 0 0 0
0 64 0 0 0 0
0 65 0 0 0 0
0 66 0 0 0 0
0 67 0 0 0 0
0 68 0 0 0 0
0 69 0 0 0 0
0 70 0 0 0 0
0 71 0 0 0 0
0 72 0 0 0 0
0 73 0 0 0 0
0 74 0 0 0 0
0 75 0 0 0 0
0 76 0 0 0 0
0 77 0 0 0 0
0 78 0 0 0 0
0 79 0 0 0 0
0 80 0 0 0 0
0 81 0 0 0 0
0 82 0 0 0 0
0 83 0 0 0 0
0 84 0 0 0 0
0 85 0 0 0 0
0 86 0 0 0 0
0 87 0 0 0 0
0 88 0 0 0 0
0 89 0 0 0 0
0 90 0 0 0 0
0 91 0 0 0 0
0 92 0 0 0 0
0 93 0 0 0 0
0 94 0 0 0 0
0 95 0 0 0 0
0 96 0 0 0 0
0 97 0 0 0 0
0 98 0 0 0 0
0 99 0 0 0 0
0 100 0 0 0 0
0 101 0 0 0 0
0 102 0 0 0 0
0 103 0 0 0 0
0 104 0 0 0 0
0 105 0 0 0 0
0 106 0 0 0 0
0 107 0 0 0 0
0 108 0 0 0 0
0 109 0 0 0 0
0 110 0 0 0 0
0 111 0 0 0 0
0 112 0 0 0 0
0 113 0 0 0 0
0 114 0 0 0 0
0 115 0 0 0 0
0 116 0 0 0 0
0 117 0 0 0 0
0 118 0 0 0 0
0 119 0 0 0 0
0 120 0 0 0 0
0 121 0 0 0 0
0 122 0 0 0 0
0 123 0 0 0 0
0 124 0 0 0 0
0 125 0 0 0 0
0 126 0 0 0 0
0 127 0 0 0 0
0 128 0 0 0 0
0 129 0 0 0 0
0 130 0 0 0 0
0 131 0 0 0 0
0 132 0 0 0 0
0 133 0 0 0 0
0 134 0 0 0 0
0 135 0 0 0 0
0 136 0 0 0 0
0 137 0 0 0 0
0 138 0 0 0 0
0 139 0 0 0 0
0 140 0 0 0 0
0 141 0 0 0 0
0 142 0 0 0 0
0 143 0 0 0 0
0 144 0 0 0 0
0 145 0 0 0 0
0 146 0 0 0 0
0 147 0 0 0 0
0 148 0 0 0 0
0 149 0 0 0 0
0 150 0 0 0 0
0 151 0 0 0 0
0 152 0 0 0 0
0 153 0 0 0 0
0 154 0 0 0 0
0 155 0 0 0 0
0 156 0 0 0 0
0 157 0 0 0 0
0 158 0 0 0 0
0 159 0 0 0 0
0 160 0 0 0 0
0 161 0 0 0 0
0 162 0 0 0 0
0 163 0 0 0 0
0 164 0 0 0 0
0 165 0 0 0 0
0 166 0 0 0 0
0 167 0 0 0 0
0 168 0 0 0 0
0 169 0 0 0 0
0 170 0 0 0 0
0 171 0 0 0 0
0 172 0 0 0 0
0 173 0 0 0 0
0 174 0 0 0 0
0 175 0 0 0 0
0 176 0 0 0 0
0 177 0 0 0 0
0 178 0 0 0 0
0 179 0 0 0 0
0 180 0 0 0 0
0 181 0 0 0 0
0 182 0 0 0 0
0 183 0 0 0 0
0 184 0 0 0 0
0 185 0 0 0 0
0 186 0 0 0 0
0 187 0 0 0 0
0 188 0 0 0 0
0 189 0 0 0 0
0 190 0 0 0 0
0 191 0 0 0 0
0 192 0 0 0 0
0 193 0 0 0 0
0 194 0 0 0 0
0 195 0 0 0 0
0 196 0 0 0 0
0 197 0 0 0 0
0 198 0 0 0 0
0 199 0 0 0 0
0 200 0 0 0 0
0 201 0 0 0 0
0 202 0 0 0 0
0 203 0 0 0 0
0 204 0 0 0 0
0 205 0 0 0 0
0 206 0 0 0 0
0 207 0 0 0 0
0 208 0 0 0 0
0 209 0 0 0 0
0 210 0 0 0 0
0 211 0 0 0 0
0 212 0 0 0 0
0 213 0 0 0 0
0 214 0 0 0 0
0 215 0 0 0 0
0 216 0 0 0 0
0 217 0 0 0 0
0 218 0 0 0 0
0 219 0 0 0 0
0 220 0 0 0 0
0 221 0 0 0 0
0 222 0 0 0 0
0 223 0 0 0 0
0 224 0 0 0 0
0 225 0 0 0 0
0 226 0 0 0 0
0 227 0 0 0 0
0 228 0 0 0 0
0 229 0 0 0 0
0 230 0 0 0 0
0 231 0 0 0 0
0 232 0 0 0 0
0 233 0 0 0 0
0 234 0 0 0 0
0 235 0 0 0 0
0 236 0 0 0 0
0 237 0 0 0 0
0 238 0 0 0 0
0 239 0 0 0 0
0 240 0 0 0 0
0 241 0 0 0 0
0 242 0 0 0 0
0 243 0 0 0 0
0 244 0 0 0 0
0 245 0 0 0 0
0 246 0 0 0 0
0 247 0 0 0 0
0 248 0 0 0 0
0 249 0 0 0 0
0 250 0 0 0 0
0 251 0 0 0 0
0 252 0 0 0 0
0 253 0 0 0 0
0 254 0 0 0 0
0 255 0 0 0 0
0 256 0 0 0 0
0 257 0 0 0 0
0 258 0 0 0 0
0 259 0 0 0 0
0 260 0 0 0 0
0 261 0 0 0 0
0 262 0 0 0 0
0 263 0 0 0 0
0 264 0 0 0 0
0 265 0 0 0 0
0 266 0 0 0 0
0 267 0 0 0 0
0 268 0 0 0 0
0 269 0 0 0 0
0 270 0 0 0 0
0 271 0 0 0 0
0 272 0 0 0 0
0 273 0 0 0 0
0 274 0 0 0 0
0 275 0 0 0 0
0 276 0 0 0 0
0 277 0 0 0 0
0 278 0 0 0 0
0 279 0 0 0 0
0 280 0 0 0 0
0 281 0 0 0 0
0 282 0 0 0 0
0 283 0 0 0 0
0 284 0 0 0 0
0 285 0 0 0 0
0 286 0 0 0 0
0 287 0 0 0 0
0 288 0 0 0 0
0 289 0 0 0 0
0 290 0 0 0 0
0 291 0 0 0 0
0 292 0 0 0 0
0 293 0 0 0 0
0 294 0 0 0 0
0 295 0 0 0 0
0 296 0 0 0 0
0 297 0 0 0 0
0 298 0 0 0 0
0 299 0 0 0 0
0 300 0 0 0 0
0 301 0 0 0 0
0 302 0 0 0 0
0 303 0 0 0 0
0 304 0 0 0 0
0 305 0 0 0 0
0 306 0 0 0 0
0 307 0 0 0 0
0 308 0 0 0 0
0 309 0 0 0 0
0 310 0 0 0 0
0 311 0 0 0 0
0 312 0 0 0 0
0 313 0 0 0 0
0 314 0 0 0 0
0 315 0 0 0 0
0 316 0 0 0 0
0 317 0 0 0 0
0 318 0 0 0 0
0 319 0 0 0 0
0 320 0 0 0 0
0 321 0 0 0 0
0 322 0 0 0 0
0 323 0 0 0 0
0 324 0 0 0 0
0 325 0 0 0 0
0 326 0 0 0 0
0 327 0 0 0 0
0 328 0 0 0 0
0 329 0 0 0 0
0 330 0 0 0 0
0 331 0 0 0 0
0 332 0 0 0 0
0 333 0 0 0 0
0 334 0 0 0 0
0 335 0 0 0 0
0 336 0 0 0 0
0 337 0 0 0 0
0 338 0 0 0 0
0 339 0 0 0 0
0 340 0 0 0 0
0 341 0 0 0 0
0 342 0 0 0 0
0 343 0 0 0 0
0 344 0 0 0 0
0 345 0 0 0 0
0 346 0 0 0 0
0 347 0 0 0 0
0 348 0 0 0 0
0 349 0 0 0 0
0 350 0 0 0 0
0 351 0 0 0 0
0 352 0 0 0 0
0 353 0 0 0 0
0 354 0 0 0 0
0 355 0 0 0 0
0 356 0 0 0 0
0 357 0 0 0 0
0 358 0 0 0 0
0 359 0 0 0 0
0 360 0 0 0 0
0 361 0 0 0 0
0 362 0 0 0 0
0 363 0 0 0 0
0 364 0 0 0 0
0 365 0 0 0 0
0 366 0 0 0 0
0 367 0 0 0 0
0 368 0 0 0 0
0 369 0 0 0 0
0 370 0 0 0 0
0 371 0 0 0 0
0 372 0 0 0 0
0 373 0 0 0 0
0 374 0 0 0 0
0 375 0 0 0 0
0 376 0 0 0 0
0 377 0 0 0 0
0 378 0 0 0 0
0 379 0 0 0 0
0 380 0 0 0 0
0 381 0 0 0 0
0 382 0 0 0 0
0 383 0 0 0 0
0 384 0 0 0 0
0 385 0 0 0 0
0 386 0 0 0 0
0 387 0 0 0 0
0 388 0 0 0 0
0 389 0 0 0 0
0 390 0 0 0 0
0 391 0 0 0 0
0 392 0 0 0 0
0 393 0 0 0 0
0 394 0 0 0 0
0 395 0 0 0 0
0 396 0 0 0 0
0 397 0 0 0 0
0 398 0 0 0 0
0 399 0 0 0 0
0 400 0 0 0 0
0 401 0 0 0 0
0 402 0 0 0 0
0 403 0 0 0 0
0 404 0 0 0 0
0 405 0 0 0 0
0 406 0 0 0 0
0 407 0 0 0 0
0 408 0 0 0 0
0 409 0 0 0 0
0 410 0 0 0 0
0 411 0 0 0 0
0 412 0 0 0 0
0 413 0 0 0 0
0 414 0 0 0 0
0 415 0 0 0 0
0 416 0 0 0 0
0 417 0 0 0 0
0 418 0 0 0 0
0 419 0 0 0 0
0 420 0 0 0 0
0 421 0 0 0 0
0 422 0 0 0 0
0 423 0 0 0 0
0 424 0 0 0 0
0 425 0 0 0 0
0 426 0 0 0 0
0 427 0 0 0 0
0 428 0 0 0 0
0 429 0 0 0 0
0 430 0 0 0 0
0 431 0 0 0 0
0 432 0 0 0 0
0 433 0 0 0 0
0 434 0 0 0 0
0 435 0 0 0 0
0 436 0 0 0 0
0 437 0 0 0 0
0 438 0 0 0 0
0 439 0 0 0 0
0 440 0 0 0 0
0 441 0 0 0 0
0 442 0 0 0 0
0 443 0 0 0 0
0 444 0 0 0 0
0 445 0 0 0 0
0 446 0 0 0 0
0 447 0 0 0 0
0 448 0 0 0 0
0 449 0 0 0 0
0 450 0 0 0 0
0 451 0 0 0 0
0 452 0 0 0 0
0 453 0 0 0 0
0 454 0 0 0 0
0 455 0 0 0 0
0 456 0 0 0 0
0 457 0 0 0 0
0 458 0 0 0 0
0 459 0 0 0 0
0 460 0 0 0 0
0 461 0 0 0 0
0 462 0 0 0 0
0 463 0 0 0 0
0 464 0 0 0 0
0 465 0 0 0 0
0 466 0 0 0 0
0 467 0 0 0 0
0 468 0 0 0 0
0 469 0 0 0 0
0 470 0 0 0 0
0 471 0 0 0 0
0 472 0 0 0 0
0 473 0 0 0 0
0 474 0 0 0 0
0 475 0 0 0 0
0 476 0 0 0 0
0 477 0 0 0 0
0 478 0 0 0 0
0 479 0 0 0 0
0 480 0 0 0 0
0 481 0 0 0 0
0 482 0 0 0 0
0 483 0 0 0 0
0 484 0 0 0 0
0 485 0 0 0 0
0 486 0 0 0 0
0 487 0 0 0 0
0 488 0 0 0 0
0 489 0 0 0 0
0 490 0 0 0 0
0 491 0 0 0 0
0 492 0 0 0 0
0 493 0 0 0 0
0 494 0 0 0 0
0 495 0 0 0 0
0 496 0 0 0 0
0 497 0 0 0 0
0 498 0 0 0 0
0 499 0 0 0 0
0 500 0 0 0 0
0 501 0 0 0 0
0 502 0 0 0 0
0 503 0 0 0 0
0 504 0 0 0 0
0 505 0 0 0 0
0 506 0 0 0 0
0 507 0 0 0 0
0 508 0 0 0 0
0 509 0 0 0 0
0 510 0 0 0 0
0 511 0 0 0 0
0 512 0 0 0 0
0 513 0 0 0 0
0 514 0 0 0 0
0 515 0 0 0 0
0 516 0 0 0 0
0 517 0 0 0 0
0 518 0 0 0 0
0 519 0 0 0 0
0 520 0 0 0 0
0 521 0 0 0 0
0 522 0 0 0 0
0 523 0 0 0 0
0 524 0 0 0 0
0 525 0 0 0 0
0 526 0 0 0 0
0 527 0 0 0 0
0 528 0 0 0 0
0 529 0 0 0 0
0 530 0 0 0 0
0 531 0 0 0 0
0 532 0 0 0 0
0 533 0 0 0 0
0 534 0 0 0 0
0 535 0 0 0 0
0 536 0 0 0 0
0 537 0 0 0 0
0 538 0 0 0 0
0 539 0 0 0 0
0 540 0 0 0 0
0 541 0 0 0 0
0 542 0 0 0 0
0 543 0 0 0 0
0 544 0 0 0 0
0 545 0 0 0 0
0 546 0 0 0 0
0 547 0 0 0 0
0 548 0 0 0 0
0 549 0 0 0 0
0 550 0 0 0 0
0 551 0 0 0 0
0 552 0 0 0 0
0 553 0 0 0 0
0 554 0 0 0 0
0 555 0 0 0 0
0 556 0 0 0 0
0 557 0 0 0 0
0 558 0 0 0 0
0 559 0 0 0 0
0 560 0 0 0 0
0 561 0 0 0 0
0 562 0 0 0 0
0 563 0 0 0 0
0 564 0 0 0 0
0 565 0 0 0 0
0 566 0 0 0 0
0 567 0 0 0 0
0 568 0 0 0 0
0 569 0 0 0 0
0 570 0 0 0 0
0 571 0 0 0 0
0 572 0 0 0 0
0 573 0 0 0 0
0 574 0 0 0 0
0 575 0 0 0 0
0 576 0 0 0 0
0 577 0 0 0 0
0 578 0 0 0 0
0 579 0 0 0 0
0 580 0 0 0 0
0 581 0 0 0 0
0 582 0 0 0 0
0 583 0 0 0 0
0 584 0 0 0 0
0 585 0 0 0 0
0 586 0 0 0 0
0 587 0 0 0 0
0 588 0 0 0 0
0 589 0 0 0 0
0 590 0 0 0 0
0 591 0 0 0 0
0 592 0 0 0 0
0 593 0 0 0 0
0 594 0 0 0 0
0 595 0 0 0 0
0 596 0 0 0 0
0 597 0 0 0 0
0 598 0 0 0 0
0 599 0 0 0 0
0 600 0 0 0 0
0 601 0 0 0 0
0 602 0 0 0 0
0 603 0 0 0 0
0 604 0 0 0 0
0 605 0 0 0 0
0 606 0 0 0 0
0 607 0 0 0 0
0 608 0 0 0 0
0 609 0 0 0 0
0 610 0 0 0 0
0 611 0 0 0 0
0 612 0 0 0 0
0 613 0 0 0 0
0 614 0 0 0 0
0 615 0 0 0 0
0 616 0 0 0 0
0 617 0 0 0 0
0 618 0 0 0 0
0 619 0 0 0 0
0 620 0 0 0 0
0 621 0 0 0 0
0 622 0 0 0 0
0 623 0 0 0 0
0 624 0 0 0 0
0 625 0 0 0 0
0 626 0 0 0 0
0 627 0 0 0 0
0 628 0 0 0 0
0 629 0 0 0 0
0 630 0 0 0 0
0 631 0 0 0 0
0 632 0 0 0 0
0 633 0 0 0 0
0 634 0 0 0 0
0 635 0 0 0 0
0 636 0 0 0 0
0 637 0 0 0 0
0 638 0 0 0 0
0 639 0 0 0 0
0 640 0 0 0 0
0 641 0 0 0 0
0 642 0 0 0 0
0 643 0 0 0 0
0 644 0 0 0 0
0 645 0 0 0 0
0 646 0 0 0 0
0 647 0 0 0 0
0 648 0 0 0 0
0 649 0 0 0 0
0 650 0 0 0 0
0 651 0 0 0 0
0 652 0 0 0 0
0 653 0 0 0 0
0 654 0 0 0 0
0 655 0 0 0 0
0 656 0 0 0 0
0 657 0 0 0 0
0 658 0 0 0 0
0 659 0 0 0 0
0 660 0 0 0 0
0 661 0 0 0 0
0 662 0 0 0 0
0 663 0 0 0 0
0 664 0 0 0 0
0 665 0 0 0 0
0 666 0 0 0 0
0 667 0 0 0 0
0 668 0 0 0 0
0 669 0 0 0 0
0 670 0 0 0 0
0 671 0 0 0 0
0 672 0 0 0 0
0 673 0 0 0 0
0 674 0 0 0 0
0 675 0 0 0 0
0 676 0 0 0 0
0 677 0 0 0 0
0 678 0 0 0 0
0 679 0 0 0 0
0 680 0 0 0 0
0 681 0 0 0 0
0 682 0 0 0 0
0 683 0 0 0 0
0 684 0 0 0 0
0 685 0 0 0 0
0 686 0 0 0 0
0 687 0 0 0 0
0 688 0 0 0 0
0 689 0 0 0 0
0 690 0 0 0 0
0 691 0 0 0 0
0 692 0 0 0 0
0 693 0 0 0 0
0 694 0 0 0 0
0 695 0 0 0 0
0 696 0 0 0 0
0 697 0 0 0 0
0 698 0 0 0 0
0 699 0 0 0 0
0 700 0 0 0 0
0 701 0 0 0 0
0 702 0 0 0 0
0 703 0 0 0 0
0 704 0 0 0 0
0 705 0 0 0 0
0 706 0 0 0 0
0 707 0 0 0 0
0 708 0 0 0 0
0 709 0 0 0 0
0 710 0 0 0 0
0 711 0 0 0 0
0 712 0 0 0 0
0 713 0 0 0 0
0 714 0 0 0 0
0 715 0 0 0 0
0 716 0 0 0 0
0 717 0 0 0 0
0 718 0 0 0 0
0 719 0 0 0 0
0 720 0 0 0 0
0 721 0 0 0 0
0 722 0 0 0 0
0 723 0 0 0 0
0 724 0 0 0 0
0 725 0 0 0 0
0 726 0 0 0 0
0 727 0 0 0 0
0 728 0 0 0 0
0 729 0 0 0 0
0 730 0 0 0 0
0 731 0 0 0 0
0 732 0 0 0 0
0 733 0 0 0 0
0 734 0 0 0 0
0 735 0 0 0 0
0 736 0 0 0 0
0 737 0 0 0 0
0 738 0 0 0 0
0 739 0 0 0 0
0 740 0 0 0 0
0 741 0 0 0 0
0 742 0 0 0 0
0 743 0 0 0 0
0 744 0 0 0 0
0 745 0 0 0 0
0 746 0 0 0 0
0 747 0 0 0 0
0 748 0 0 0 0
0 749 0 0 0 0
0 750 0 0 0 0
0 751 0 0 0 0
0 752 0 0 0 0
0 753 0 0 0 0
0 754 0 0 0 0
0 755 0 0 0 0
0 756 0 0 0 0
0 757 0 0 0 0
0 758 0 0 0 0
0 759 0 0 0 0
0 760 0 0 0 0
0 761 0 0 0 0
0 762 0 0 0 0
0 763 0 0 0 0
0 764 0 0 0 0
0 765 0 0 0 0
0 766 0 0 0 0
0 767 0 0 0 0
0 768 0 0 0 0
0 769 0 0 0 0
0 770 0 0 0 0
0 771 0 0 0 0
0 772 0 0 0 0
0 773 0 0 0 0
0 774 0 0 0 0
0 775 0 0 0 0
0 776 0 0 0 0
0 777 0 0 0 0
0 778 0 0 0 0
0 779 0 0 0 0
0 780 0 0 0 0
0 781 0 0 0 0
0 782 0 0 0 0
0 783 0 0 0 0
0 784 0 0 0 0
0 785 0 0 0 0
0 786 0 0 0 0
0 787 0 0 0 0
0 788 0 0 0 0
0 789 0 0 0 0
0 790 0 0 0 0
0 791 0 0 0 0
0 792 0 0 0 0
0 793 0 0 0 0
0 794 0 0 0 0
0 795 0 0 0 0
0 796 0 0 0 0
0 797 0 0 0 0
0 798 0 0 0 0
0 799 0 0 0 0
0 800 0 0 0 0
0 801 0 0 0 0
0 802 0 0 0 0
0 803 0 0 0 0
0 804 0 0 0 0
0 805 0 0 0 0
0 806 0 0 0 0
0 807 0 0 0 0
0 808 0 0 0 0
0 809 0 0 0 0
0 810 0 0 0 0
0 811 0 0 0 0
0 812 0 0 0 0
0 813 0 0 0 0
0 814 0 0 0 0
0 815 0 0 0 0
0 816 0 0 0 0
0 817 0 0 0 0
0 818 0 0 0 0
0 819 0 0 0 0
0 820 0 0 0 0
0 821 0 0 0 0
0 822 0 0 0 0
0 823 0 0 0 0
0 824 0 0 0 0
0 825 0 0 0 0
0 826 0 0 0 0
0 827 0 0 0 0
0 828 0 0 0 0
0 829 0 0 0 0
0 830 0 0 0 0
0 831 0 0 0 0
0 832 0 0 0 0
0 833 0 0 0 0
0 834 0 0 0 0
0 835 0 0 0 0
0 836 0 0 0 0
0 837 0 0 0 0
0 838 0 0 0 0
0 839 0 0 0 0
0 840 0 0 0 0
0 841 0 0 0 0
0 842 0 0 0 0
0 843 0 0 0 0
0 844 0 0 0 0
0 845 0 0 0 0
0 846 0 0 0 0
0 847 0 0 0 0
0 848 0 0 0 0
0 849 0 0 0 0
0 850 0 0 0 0
0 851 0 0 0 0
0 852 0 0 0 0
0 853 0 0 0 0
0 854 0 0 0 0
0 855 0 0 0 0
0 856 0 0 0 0
0 857 0 0 0 0
0 858 0 0 0 0
0 859 0 0 0 0
0 860 0 0 0 0
0 861 0 0 0 0
0 862 0 0 0 0
0 863 0 0 0 0
0 864 0 0 0 0
0 865 0 0 0 0
0 866 0 0 0 0
0 867 0 0 0 0
0 868 0 0 0 0
0 869 0 0 0 0
0 870 0 0 0 0
0 871 0 0 0 0
0 872 0 0 0 0
0 873 0 0 0 0
0 874 0 0 0 0
0 875 0 0 0 0
0 876 0 0 0 0
0 877 0 0 0 0
0 878 0 0 0 0
0 879 0 0 0 0
0 880 0 0 0 0
0 881 0 0 0 0
0 882 0 0 0 0
0 883 0 0 0 0
0 884 0 0 0 0
0 885 0 0 0 0
0 886 0 0 0 0
0 887 0 0 0 0
0 888 0 0 0 0
0 889 0 0 0 0
0 890 0 0 0 0
0 891 0 0 0 0
0 892 0 0 0 0
0 893 0 0 0 0
0 894 0 0 0 0
0 895 0 0 0 0
0 896 0 0 0 0
0 897 0 0 0 0
0 898 0 0 0 0
0 899 0 0 0 0
0 900 0 0 0 0
0 901 0 0 0 0
0 902 0 0 0 0
0 903 0 0 0 0
0 904 0 0 0 0
0 905 0 0 0 0
0 906 0 0 0 0
0 907 0 0 0 0
0 908 0 0 0 0
0 909 0 0 0 0
0 910 0 0 0 0
0 911 0 0 0 0
0 912 0 0 0 0
0 913 0 0 0 0
0 914 0 0 0 0
0 915 0 0 0 0
0 916 0 0 0 0
0 917 0 0 0 0
0 918 0 0 0 0
0 919 0 0 0 0
0 920 0 0 0 0
0 921 0 0 0 0
0 922 0 0 0 0
0 923 0 0 0 0
0 924 0 0 0 0
0 925 0 0 0 0
0 926 0 0 0 0
0 927 0 0 0 0
0 928 0 0 0 0
0 929 0 0 0 0
0 930 0 0 0 0
0 931 0 0 0 0
0 932 0 0 0 0
0 933 0 0 0 0
0 934 0 0 0 0
0 935 0 0 0 0
0 936 0 0 0 0
0 937 0 0 0 0
0 938 0 0 0 0
0 939 0 0 0 0
0 940 0 0 0 0
0 941 0 0 0 0
0 942 0 0 0 0
0 943 0 0 0 0
0 944 0 0 0 0
0 945 0 0 0 0
0 946 0 0 0 0
0 947 0 0 0 0
0 948 0 0 0 0
0 949 0 0 0 0
0 950 0 0 0 0
0 951 0 0 0 0
0 952 0 0 0 0
0 953 0 0 0 0
0 954 0 0 0 0
0 955 0 0 0 0
0 956 0 0 0 0
0 957 0 0 0 0
0 958 0 0 0 0
0 959 0 0 0 0
0 960 0 0 0 0
0 961 0 0 0 0
0 962 0 0 0 0
0 963 0 0 0 0
0 964 0 0 0 0
0 965 0 0 0 0
0 966 0 0 0 0
0 967 0 0 0 0
0 968 0 0 0 0
0 969 0 0 0 0
0 970 0 0 0 0
0 971 0 0 0 0
0 972 0 0 0 0
0 973 0 0 0 0
0 974 0 0 0 0
0 975 0 0 0 0
0 976 0 0 0 0
0 977 0 0 0 0
0 978 0 0 0 0
0 979 0 0 0 0
0 980 0 0 0 0
0 981 0 0 0 0
0 982 0 0 0 0
0 983 0 0 0 0
0 984 0 0 0 0
0 985 0 0 0 0
0 986 0 0 0 0
0 987 0 0 0 0
0 988 0 0 0 0
0 989 0 0 0 0
0 990 0 0 0 0
0 991 0 0 0 0
0 992 0 0 0 0
0 993 0 0 0 0
0 994 0 0 0 0
0 995 0 0 0 0
0 996 0 0 0 0
0 997 0 0 0 0
0 998 0 0 0 0
0 999 0 0 0 0
0 1000 0 0 0 0
0 1001 0 0 0 0
0 1002 0 0 0 0
0 1003 0 0 0 0
0 1004 0 0 0 0
0 1005 0 0 0 0
0 1006 0 0 0 0
0 1007 0 0 0 0
0 1008 0 0 0 0
0 1009 0 0 0 0
0 1010 0 0 0 0
0 1011 0 0 0 0
0 1012 0 0 0 0
0 1013 0 0 0 0
0 1014 0 0 0 0
0 1015 0 0 0 0
0 1016 0 0 0 0
0 1017 0 0 0 0
0 1018 0 0 0 0
0 1019 0 0 0 0
0 1020 0 0 0 0
0 1021 0 0 0 0
0 1022 0 0 0 0
0 1023 0 0 0 0
1 0 0 0 0 0
1 1 0 0 0 0
1 2 0 0 0 0
1 3 0 0 0 0
1 4 0 0 0 0
1 5 0 0 0 0
1 6 0 0 0 0
1 7 0 0 0 0
1 8 0 0 0 0
1 9 0 0 0 0
1 10 -1824 -1824 -1824 0
1 11 -3104 -3104 -3104 0
1 12 -1936 -1936 -1936 0
1 13 -656 -656 -656 0
1 14 0 0 0 0
1 15 0 0 0 0
1 16 0 0 0 0
1 17 0 0 0 0
1 18 -2432 -2432 -2432 0
1 19 -2736 -2736 -2736 0
1 20 -3040 -3040 -3040 0
1 21 -1536 -1536 -1536 0
1 22 0 0 0 0
1 23 0 0 0 0
1 24 0 0 0 0
1 25 0 0 0 0
1 26 -3696 -3696 -3696 0
1 27 -5984 -5984 -5984 0
1 28 -5136 -5136 -5136 0
1 29 -1552 -1552 -1552 0
1 30 0 0 0 0
1 31 0 0 0 0
1 32 0 0 0 0
1 33 0 0 0 0
1 34 -3696 -3696 -3696 0
1 35 -3504 -3504 -3504 0
1 36 -3936 -3936 -3936 0
1 37 -1536 -1536 -1536 0
1 38 0 0 0 0
1 39 0 0 0 0
1 40 0 0 0 0
1 41 0 0 0 0
1 42 -1872 -1872 -1872 0
1 43 -4704 -4704 -4704 0
1 44 -4480 -4480 -4480 0
1 45 -1552 -1552 -1552 0
1 46 0 0 0 0
1 47 0 0 0 0
1 48 0 0 0 0
1 49 0 0 0 0
1 50 -1264 -1264 -1264 0
1 51 -1376 -1376 -1376 0
1 52 -1744 -1744 -1744 0
1 53 -1536 -1536 -1536 0
1 54 0 0 0 0
1 55 0 0 0 0
1 56 0 0 0 0
1 57 0 0 0 0
1 58 0 0 0 0
1 59 -1264 -1264 -1264 0
1 60 -768 -768 -768 0
1 61 -896 -896 -896 0
1 62 0 0 0 0
1 63 0 0 0 0
1 64 0 0 0 0
1 65 0 0 0 0
1 66 0 0 0 0
1 67 0 0 0 0
1 68 0 0 0 0
1 69 0 0 0 0
1 70 0 0 0 0
1 71 0 0 0 0
1 72 0 0 0 0
1 73 0 0 0 0
1 74 -1456 -1456 -1456 0
1 75 -2256 -2256 -2256 0
1 76 -2016 -2016 -2016 0
1 77 -1216 -1216 -1216 0
1 78 0 0 0 0
1 79 0 0 0 0
1 80 0 0 0 0
1 81 0 0 0 0
1 82 -896 -896 -896 0
1 83 16 16 16 0
1 84 -416 -416 -416 0
1 85 544 544 544 0
1 86 0 0 0 0
1 87 0 0 0 0
1 88 0 0 0 0
1 89 0 0 0 0
1 90 -640 -640 -640 0
1 91 -1616 -1616 -1616 0
1 92 -1776 -1776 -1776 0
1 93 -1648 -1648 -1648 0
1 94 0 0 0 0
1 95 0 0 0 0
1 96 0 0 0 0
1 97 0 0 0 0
1 98 -640 -640 -640 0
1 99 144 144 144 0
1 100 -848 -848 -848 0
1 101 544 544 544 0
1 102 0 0 0 0
1 103 0 0 0 0
1 104 0 0 0 0
1 105 0 0 0 0
1 106 816 816 816 0
1 107 -816 -816 -816 0
1 108 -560 -560 -560 0
1 109 -1648 -1648 -1648 0
1 110 0 0 0 0
1 111 0 0 0 0
1 112 0 0 0 0
1 113 0 0 0 0
1 114 256 256 256 0
1 115 688 688 688 0
1 116 -176 -176 -176 0
1 117 544 544 544 0
1 118 0 0 0 0
1 119 0 0 0 0
1 120 0 0 0 0
1 121 0 0 0 0
1 122 0 0 0 0
1 123 256 256 256 0
1 124 128 128 128 0
1 125 -432 -432 -432 0
1 126 0 0 0 0
1 127 0 0 0 0
1 128 0 0 0 0
1 129 0 0 0 0
1 130 0 0 0 0
1 131 0 0 0 0
1 132 0 0 0 0
1 133 0 0 0 0
1 134 0 0 0 0
1 135 0 0 0 0
1 136 0 0 0 0
1 137 0 0 0 0
1 138 -1056 -1056 -1056 0
1 139 -672 -672 -672 0
1 140 448 448 448 0
1 141 64 64 64 0
1 142 0 0 0 0
1 143 0 0 0 0
1 144 0 0 0 0
1 145 0 0 0 0
1 146 -1120 -1120 -1120 0
1 147 864 864 864 0
1 148 -656 -656 -656 0
1 149 -1264 -1264 -1264 0
1 150 0 0 0 0
1 151 0 0 0 0
1 152 0 0 0 0
1 153 0 0 0 0
1 154 -2464 -2464 -2464 0
1 155 -1088 -1088 -1088 0
1 156 -368 -368 -368 0
1 157 128 128 128 0
1 158 0 0 0 0
1 159 0 0 0 0
1 160 0 0 0 0
1 161 0 0 0 0
1 162 -2464 -2464 -2464 0
1 163 1248 1248 309 1
1 164 -592 -592 -592 0
1 165 -1264 -1264 -1264 0
1 166 0 0 0 0
1 167 0 0 0 0
1 168 0 0 0 0
1 169 0 0 0 0
1 170 -1408 -1408 -1408 0
1 171 -1472 -1472 -1472 0
1 172 -432 -432 -432 0
1 173 128 128 128 0
1 174 0 0 0 0
1 175 0 0 0 0
1 176 0 0 0 0
1 177 0 0 0 0
1 178 -1344 -1344 -1344 0
1 179 320 320 320 0
1 180 608 608 608 0
1 181 -1264 -1264 -1264 0
1 182 0 0 0 0
1 183 0 0 0 0
1 184 0 0 0 0
1 185 0 0 0 0
1 186 0 0 0 0
1 187 -1344 -1344 -1344 0
1 188 384 384 384 0
1 189 64 64 64 0
1 190 0 0 0 0
1 191 0 0 0 0
1 192 0 0 0 0
1 193 0 0 0 0
1 194 0 0 0 0
1 195 0 0 0 0
1 196 0 0 0 0
1 197 0 0 0 0
1 198 0 0 0 0
1 199 0 0 0 0
1 200 0 0 0 0
1 201 0 0 0 0
1 202 144 144 144 0
1 203 -608 -608 -608 0
1 204 -576 -576 -576 0
1 205 176 176 176 0
1 206 0 0 0 0
1 207 0 0 0 0
1 208 0 0 0 0
1 209 0 0 0 0
1 210 640 640 640 0
1 211 -416 -416 -416 0
1 212 176 176 176 0
1 213 160 160 160 0
1 214 0 0 0 0
1 215 0 0 0 0
1 216 0 0 0 0
1 217 0 0 0 0
1 218 864 864 864 0
1 219 -192 -192 -192 0
1 220 -32 -32 -32 0
1 221 208 208 208 0
1 222 0 0 0 0
1 223 0 0 0 0
1 224 0 0 0 0
1 225 0 0 0 0
1 226 864 864 864 0
1 227 -64 -64 -64 0
1 228 208 208 208 0
1 229 160 160 160 0
1 230 0 0 0 0
1 231 0 0 0 0
1 232 0 0 0 0
1 233 0 0 0 0
1 234 720 720 720 0
1 235 560 560 560 0
1 236 -208 -208 -208 0
1 237 208 208 208 0
1 238 0 0 0 0
1 239 0 0 0 0
1 240 0 0 0 0
1 241 0 0 0 0
1 242 224 224 224 0
1 243 848 848 848 0
1 244 -128 -128 -128 0
1 245 160 160 160 0
1 246 0 0 0 0
1 247 0 0 0 0
1 248 0 0 0 0
1 249 0 0 0 0
1 250 0 0 0 0
1 251 224 224 224 0
1 252 352 352 352 0
1 253 32 32 32 0
1 254 0 0 0 0
1 255 0 0 0 0
1 256 0 0 0 0
1 257 0 0 0 0
1 258 0 0 0 0
1 259 0 0 0 0
1 260 0 0 0 0
1 261 0 0 0 0
1 262 0 0 0 0
1 263 0 0 0 0
1 264 0 0 0 0
1 265 0 0 0 0
1 266 -1216 -1216 -1216 0
1 267 -2880 -2880 -2880 0
1 268 -3408 -3408 -3408 0
1 269 -1744 -1744 -1744 0
1 270 0 0 0 0
1 271 0 0 0 0
1 272 0 0 0 0
1 273 0 0 0 0
1 274 -2384 -2384 -2384 0
1 275 -4608 -4608 -4608 0
1 276 -5440 -5440 -5440 0
1 277 -1920 -1920 -1920 0
1 278 0 0 0 0
1 279 0 0 0 0
1 280 0 0 0 0
1 281 0 0 0 0
1 282 -4416 -4416 -4416 0
1 283 -8512 -8512 -8512 0
1 284 -9072 -9072 -9072 0
1 285 -3664 -3664 -3664 0
1 286 0 0 0 0
1 287 0 0 0 0
1 288 0 0 0 0
1 289 0 0 0 0
1 290 -4416 -4416 -4416 0
1 291 -6432 -6432 -6432 0
1 292 -7360 -7360 -7360 0
1 293 -1920 -1920 -1920 0
1 294 0 0 0 0
1 295 0 0 0 0
1 296 0 0 0 0
1 297 0 0 0 0
1 298 -3200 -3200 -3200 0
1 299 -6848 -6848 -6848 0
1 300 -7328 -7328 -7328 0
1 301 -3664 -3664 -3664 0
1 302 0 0 0 0
1 303 0 0 0 0
1 304 0 0 0 0
1 305 0 0 0 0
1 306 -2032 -2032 -2032 0
1 307 -2992 -2992 -2992 0
1 308 -3696 -3696 -3696 0
1 309 -1920 -1920 -1920 0
1 310 0 0 0 0
1 311 0 0 0 0
1 312 0 0 0 0
1 313 0 0 0 0
1 314 0 0 0 0
1 315 -2032 -2032 -2032 0
1 316 -1824 -1824 -1824 0
1 317 -1920 -1920 -1920 0
1 318 0 0 0 0
1 319 0 0 0 0
1 320 0 0 0 0
1 321 0 0 0 0
1 322 0 0 0 0
1 323 0 0 0 0
1 324 0 0 0 0
1 325 0 0 0 0
1 326 0 0 0 0
1 327 0 0 0 0
1 328 0 0 0 0
1 329 0 0 0 0
1 330 -128 -128 -128 0
1 331 -944 -944 -944 0
1 332 -1056 -1056 -1056 0
1 333 -240 -240 -240 0
1 334 0 0 0 0
1 335 0 0 0 0
1 336 0 0 0 0
1 337 0 0 0 0
1 338 480 480 480 0
1 339 512 512 512 0
1 340 1280 1280 341 1
1 341 800 800 800 0
1 342 0 0 0 0
1 343 0 0 0 0
1 344 0 0 0 0
1 345 0 0 0 0
1 346 288 288 288 0
1 347 -1072 -1072 -1072 0
1 348 -640 -640 -640 0
1 349 32 32 32 0
1 350 0 0 0 0
1 351 0 0 0 0
1 352 0 0 0 0
1 353 0 0 0 0
1 354 288 288 288 0
1 355 -144 -144 -144 0
1 356 1552 1552 613 1
1 357 800 800 800 0
1 358 0 0 0 0
1 359 0 0 0 0
1 360 0 0 0 0
1 361 0 0 0 0
1 362 416 416 416 0
1 363 -256 -256 -256 0
1 364 -400 -400 -400 0
1 365 32 32 32 0
1 366 0 0 0 0
1 367 0 0 0 0
1 368 0 0 0 0
1 369 0 0 0 0
1 370 -192 -192 -192 0
1 371 -48 -48 -48 0
1 372 992 992 53 1
1 373 800 800 800 0
1 374 0 0 0 0
1 375 0 0 0 0
1 376 0 0 0 0
1 377 0 0 0 0
1 378 0 0 0 0
1 379 -192 -192 -192 0
1 380 -656 -656 -656 0
1 381 272 272 272 0
1 382 0 0 0 0
1 383 0 0 0 0
1 384 0 0 0 0
1 385 0 0 0 0
1 386 0 0 0 0
1 387 0 0 0 0
1 388 0 0 0 0
1 389 0 0 0 0
1 390 0 0 0 0
1 391 0 0 0 0
1 392 0 0 0 0
1 393 0 0 0 0
1 394 224 224 224 0
1 395 64 64 64 0
1 396 -1504 -1504 -1504 0
1 397 -1344 -1344 -1344 0
1 398 0 0 0 0
1 399 0 0 0 0
1 400 0 0 0 0
1 401 0 0 0 0
1 402 80 80 80 0
1 403 480 480 480 0
1 404 -800 -800 -800 0
1 405 -240 -240 -240 0
1 406 0 0 0 0
1 407 0 0 0 0
1 408 0 0 0 0
1 409 0 0 0 0
1 410 -192 -192 -192 0
1 411 1152 1152 213 1
1 412 -1680 -1680 -1680 0
1 413 -1856 -1856 -1856 0
1 414 0 0 0 0
1 415 0 0 0 0
1 416 0 0 0 0
1 417 0 0 0 0
1 418 -192 -192 -192 0
1 419 1056 1056 117 1
1 420 -1312 -1312 -1312 0
1 421 -240 -240 -240 0
1 422 0 0 0 0
1 423 0 0 0 0
1 424 0 0 0 0
1 425 0 0 0 0
1 426 -416 -416 -416 0
1 427 1312 1312 373 1
1 428 -336 -336 -336 0
1 429 -1856 -1856 -1856 0
1 430 0 0 0 0
1 431 0 0 0 0
1 432 0 0 0 0
1 433 0 0 0 0
1 434 -272 -272 -272 0
1 435 432 432 432 0
1 436 272 272 272 0
1 437 -240 -240 -240 0
1 438 0 0 0 0
1 439 0 0 0 0
1 440 0 0 0 0
1 441 0 0 0 0
1 442 0 0 0 0
1 443 -272 -272 -272 0
1 444 576 576 576 0
1 445 -512 -512 -512 0
1 446 0 0 0 0
1 447 0 0 0 0
1 448 0 0 0 0
1 449 0 0 0 0
1 450 0 0 0 0
1 451 0 0 0 0
1 452 0 0 0 0
1 453 0 0 0 0
1 454 0 0 0 0
1 455 0 0 0 0
1 456 0 0 0 0
1 457 0 0 0 0
1 458 -304 -304 -304 0
1 459 496 496 496 0
1 460 800 800 800 0
1 461 0 0 0 0
1 462 0 0 0 0
1 463 0 0 0 0
1 464 0 0 0 0
1 465 0 0 0 0
1 466 128 128 128 0
1 467 656 656 656 0
1 468 -1968 -1968 -1968 0
1 469 -1392 -1392 -1392 0
1 470 0 0 0 0
1 471 0 0 0 0
1 472 0 0 0 0
1 473 0 0 0 0
1 474 400 400 400 0
1 475 16 16 16 0
1 476 -880 -880 -880 0
1 477 -112 -112 -112 0
1 478 0 0 0 0
1 479 0 0 0 0
1 480 0 0 0 0
1 481 0 0 0 0
1 482 400 400 400 0
1 483 480 480 480 0
1 484 -2080 -2080 -2080 0
1 485 -1392 -1392 -1392 0
1 486 0 0 0 0
1 487 0 0 0 0
1 488 0 0 0 0
1 489 0 0 0 0
1 490 704 704 704 0
1 491 -784 -784 -784 0
1 492 -880 -880 -880 0
1 493 -112 -112 -112 0
1 494 0 0 0 0
1 495 0 0 0 0
1 496 0 0 0 0
1 497 0 0 0 0
1 498 272 272 272 0
1 499 256 256 256 0
1 500 -688 -688 -688 0
1 501 -1392 -1392 -1392 0
1 502 0 0 0 0
1 503 0 0 0 0
1 504 0 0 0 0
1 505 0 0 0 0
1 506 0 0 0 0
1 507 272 272 272 0
1 508 -176 -176 -176 0
1 509 -112 -112 -112 0
1 510 0 0 0 0
1 511 0 0 0 0
1 512 0 0 0 0
1 513 0 0 0 0
1 514 0 0 0 0
1 515 0 0 0 0
1 516 0 0 0 0
1 517 0 0 0 0
1 518 0 0 0 0
1 519 0 0 0 0
1 520 0 0 0 0
1 521 0 0 0 0
1 522 -432 -432 -432 0
1 523 -304 -304 -304 0
1 524 576 576 576 0
1 525 448 448 448 0
1 526 0 0 0 0
1 527 0 0 0 0
1 528 0 0 0 0
1 529 0 0 0 0
1 530 16 16 16 0
1 531 480 480 480 0
1 532 464 464 464 0
1 533 112 112 112 0
1 534 0 0 0 0
1 535 0 0 0 0
1 536 0 0 0 0
1 537 0 0 0 0
1 538 -560 -560 -560 0
1 539 -880 -880 -880 0
1 540 1168 1168 229 1
1 541 832 832 832 0
1 542 0 0 0 0
1 543 0 0 0 0
1 544 0 0 0 0
1 545 0 0 0 0
1 546 -560 -560 -560 0
1 547 576 576 576 0
1 548 848 848 848 0
1 549 112 112 112 0
1 550 0 0 0 0
1 551 0 0 0 0
1 552 0 0 0 0
1 553 0 0 0 0
1 554 -128 -128 -128 0
1 555 -1008 -1008 -1008 0
1 556 720 720 720 0
1 557 832 832 832 0
1 558 0 0 0 0
1 559 0 0 0 0
1 560 0 0 0 0
1 561 0 0 0 0
1 562 -576 -576 -576 0
1 563 544 544 544 0
1 564 288 288 288 0
1 565 112 112 112 0
1 566 0 0 0 0
1 567 0 0 0 0
1 568 0 0 0 0
1 569 0 0 0 0
1 570 0 0 0 0
1 571 -576 -576 -576 0
1 572 96 96 96 0
1 573 384 384 384 0
1 574 0 0 0 0
1 575 0 0 0 0
1 576 0 0 0 0
1 577 0 0 0 0
1 578 0 0 0 0
1 579 0 0 0 0
1 580 0 0 0 0
1 581 0 0 0 0
1 582 0 0 0 0
1 583 0 0 0 0
1 584 0 0 0 0
1 585 0 0 0 0
1 586 480 480 480 0
1 587 -336 -336 -336 0
1 588 -1968 -1968 -1968 0
1 589 -1152 -1152 -1152 0
1 590 0 0 0 0
1 591 0 0 0 0
1 592 0 0 0 0
1 593 0 0 0 0
1 594 672 672 672 0
1 595 -336 -336 -336 0
1 596 -416 -416 -416 0
1 597 448 448 448 0
1 598 0 0 0 0
1 599 0 0 0 0
1 600 0 0 0 0
1 601 0 0 0 0
1 602 496 496 496 0
1 603 -64 -64 -64 0
1 604 -1008 -1008 -1008 0
1 605 -800 -800 -800 0
1 606 0 0 0 0
1 607 0 0 0 0
1 608 0 0 0 0
1 609 0 0 0 0
1 610 496 496 496 0
1 611 -176 -176 -176 0
1 612 -64 -64 -64 0
1 613 448 448 448 0
1 614 0 0 0 0
1 615 0 0 0 0
1 616 0 0 0 0
1 617 0 0 0 0
1 618 16 16 16 0
1 619 752 752 752 0
1 620 144 144 144 0
1 621 -800 -800 -800 0
1 622 0 0 0 0
1 623 0 0 0 0
1 624 0 0 0 0
1 625 0 0 0 0
1 626 -176 -176 -176 0
1 627 352 352 352 0
1 628 640 640 640 0
1 629 448 448 448 0
1 630 0 0 0 0
1 631 0 0 0 0
1 632 0 0 0 0
1 633 0 0 0 0
1 634 0 0 0 0
1 635 -176 -176 -176 0
1 636 160 160 160 0
1 637 352 352 352 0
1 638 0 0 0 0
1 639 0 0 0 0
1 640 0 0 0 0
1 641 0 0 0 0
1 642 0 0 0 0
1 643 0 0 0 0
1 644 0 0 0 0
1 645 0 0 0 0
1 646 0 0 0 0
1 647 0 0 0 0
1 648 0 0 0 0
1 649 0 0 0 0
1 650 -1056 -1056 -1056 0
1 651 -1728 -1728 -1728 0
1 652 -2320 -2320 -2320 0
1 653 -1648 -1648 -1648 0
1 654 0 0 0 0
1 655 0 0 0 0
1 656 0 0 0 0
1 657 0 0 0 0
1 658 -2448 -2448 -2448 0
1 659 -3472 -3472 -3472 0
1 660 -3824 -3824 -3824 0
1 661 -768 -768 -768 0
1 662 0 0 0 0
1 663 0 0 0 0
1 664 0 0 0 0
1 665 0 0 0 0
1 666 -4064 -4064 -4064 0
1 667 -5712 -5712 -5712 0
1 668 -5776 -5776 -5776 0
1 669 -3376 -3376 -3376 0
1 670 0 0 0 0
1 671 0 0 0 0
1 672 0 0 0 0
1 673 0 0 0 0
1 674 -4064 -4064 -4064 0
1 675 -4432 -4432 -4432 0
1 676 -5552 -5552 -5552 0
1 677 -768 -768 -768 0
1 678 0 0 0 0
1 679 0 0 0 0
1 680 0 0 0 0
1 681 0 0 0 0
1 682 -3008 -3008 -3008 0
1 683 -5040 -5040 -5040 0
1 684 -4128 -4128 -4128 0
1 685 -3376 -3376 -3376 0
1 686 0 0 0 0
1 687 0 0 0 0
1 688 0 0 0 0
1 689 0 0 0 0
1 690 -1616 -1616 -1616 0
1 691 -2352 -2352 -2352 0
1 692 -3136 -3136 -3136 0
1 693 -768 -768 -768 0
1 694 0 0 0 0
1 695 0 0 0 0
1 696 0 0 0 0
1 697 0 0 0 0
1 698 0 0 0 0
1 699 -1616 -1616 -1616 0
1 700 -960 -960 -960 0
1 701 -1728 -1728 -1728 0
1 702 0 0 0 0
1 703 0 0 0 0
1 704 0 0 0 0
1 705 0 0 0 0
1 706 0 0 0 0
1 707 0 0 0 0
1 708 0 0 0 0
1 709 0 0 0 0
1 710 0 0 0 0
1 711 0 0 0 0
1 712 0 0 0 0
1 713 0 0 0 0
1 714 496 496 496 0
1 715 1168 1168 229 1
1 716 448 448 448 0
1 717 -224 -224 -224 0
1 718 0 0 0 0
1 719 0 0 0 0
1 720 0 0 0 0
1 721 0 0 0 0
1 722 -288 -288 -288 0
1 723 -1504 -1504 -1504 0
1 724 -1472 -1472 -1472 0
1 725 144 144 144 0
1 726 0 0 0 0
1 727 0 0 0 0
1 728 0 0 0 0
1 729 0 0 0 0
1 730 288 288 288 0
1 731 448 448 448 0
1 732 1040 1040 101 1
1 733 128 128 128 0
1 734 0 0 0 0
1 735 0 0 0 0
1 736 0 0 0 0
1 737 0 0 0 0
1 738 288 288 288 0
1 739 -1408 -1408 -1408 0
1 740 -1120 -1120 -1120 0
1 741 144 144 144 0
1 742 0 0 0 0
1 743 0 0 0 0
1 744 0 0 0 0
1 745 0 0 0 0
1 746 -208 -208 -208 0
1 747 -224 -224 -224 0
1 748 1264 1264 325 1
1 749 128 128 128 0
1 750 0 0 0 0
1 751 0 0 0 0
1 752 0 0 0 0
1 753 0 0 0 0
1 754 576 576 576 0
1 755 -688 -688 -688 0
1 756 -1040 -1040 -1040 0
1 757 144 144 144 0
1 758 0 0 0 0
1 759 0 0 0 0
1 760 0 0 0 0
1 761 0 0 0 0
1 762 0 0 0 0
1 763 576 576 576 0
1 764 96 96 96 0
1 765 352 352 352 0
1 766 0 0 0 0
1 767 0 0 0 0
1 768 0 0 0 0
1 769 0 0 0 0
1 770 0 0 0 0
1 771 0 0 0 0
1 772 0 0 0 0
1 773 0 0 0 0
1 774 0 0 0 0
1 775 0 0 0 0
1 776 0 0 0 0
1 777 0 0 0 0
1 778 -64 -64 -64 0
1 779 416 416 416 0
1 780 112 112 112 0
1 781 -368 -368 -368 0
1 782 0 0 0 0
1 783 0 0 0 0
1 784 0 0 0 0
1 785 0 0 0 0
1 786 -800 -800 -800 0
1 787 160 160 160 0
1 788 528 528 528 0
1 789 480 480 480 0
1 790 0 0 0 0
1 791 0 0 0 0
1 792 0 0 0 0
1 793 0 0 0 0
1 794 -1216 -1216 -1216 0
1 795 1248 1248 309 1
1 796 1056 1056 117 1
1 797 -736 -736 -736 0
1 798 0 0 0 0
1 799 0 0 0 0
1 800 0 0 0 0
1 801 0 0 0 0
1 802 -1216 -1216 -1216 0
1 803 992 992 53 1
1 804 160 160 160 0
1 805 480 480 480 0
1 806 0 0 0 0
1 807 0 0 0 0
1 808 0 0 0 0
1 809 0 0 0 0
1 810 -1152 -1152 -1152 0
1 811 768 768 768 0
1 812 1424 1424 485 1
1 813 -736 -736 -736 0
1 814 0 0 0 0
1 815 0 0 0 0
1 816 0 0 0 0
1 817 0 0 0 0
1 818 -416 -416 -416 0
1 819 96 96 96 0
1 820 48 48 48 0
1 821 480 480 480 0
1 822 0 0 0 0
1 823 0 0 0 0
1 824 0 0 0 0
1 825 0 0 0 0
1 826 0 0 0 0
1 827 -416 -416 -416 0
1 828 832 832 832 0
1 829 -368 -368 -368 0
1 830 0 0 0 0
1 831 0 0 0 0
1 832 0 0 0 0
1 833 0 0 0 0
1 834 0 0 0 0
1 835 0 0 0 0
1 836 0 0 0 0
1 837 0 0 0 0
1 838 0 0 0 0
1 839 0 0 0 0
1 840 0 0 0 0
1 841 0 0 0 0
1 842 480 480 480 0
1 843 1200 1200 261 1
1 844 656 656 656 0
1 845 -64 -64 -64 0
1 846 0 0 0 0
1 847 0 0 0 0
1 848 0 0 0 0
1 849 0 0 0 0
1 850 224 224 224 0
1 851 608 608 608 0
1 852 720 720 720 0
1 853 640 640 640 0
1 854 0 0 0 0
1 855 0 0 0 0
1 856 0 0 0 0
1 857 0 0 0 0
1 858 32 32 32 0
1 859 624 624 624 0
1 860 480 480 480 0
1 861 -352 -352 -352 0
1 862 0 0 0 0
1 863 0 0 0 0
1 864 0 0 0 0
1 865 0 0 0 0
1 866 32 32 32 0
1 867 80 80 80 0
1 868 432 432 432 0
1 869 640 640 640 0
1 870 0 0 0 0
1 871 0 0 0 0
1 872 0 0 0 0
1 873 0 0 0 0
1 874 -448 -448 -448 0
1 875 -96 -96 -96 0
1 876 544 544 544 0
1 877 -352 -352 -352 0
1 878 0 0 0 0
1 879 0 0 0 0
1 880 0 0 0 0
1 881 0 0 0 0
1 882 -192 -192 -192 0
1 883 -784 -784 -784 0
1 884 -144 -144 -144 0
1 885 640 640 640 0
1 886 0 0 0 0
1 887 0 0 0 0
1 888 0 0 0 0
1 889 0 0 0 0
1 890 0 0 0 0
1 891 -192 -192 -192 0
1 892 -528 -528 -528 0
1 893 -288 -288 -288 0
1 894 0 0 0 0
1 895 0 0 0 0
1 896 0 0 0 0
1 897 0 0 0 0
1 898 0 0 0 0
1 899 0 0 0 0
1 900 0 0 0 0
1 901 0 0 0 0
1 902 0 0 0 0
1 903 0 0 0 0
1 904 0 0 0 0
1 905 0 0 0 0
1 906 160 160 160 0
1 907 336 336 336 0
1 908 -64 -64 -64 0
1 909 -240 -240 -240 0
1 910 0 0 0 0
1 911 0 0 0 0
1 912 0 0 0 0
1 913 0 0 0 0
1 914 48 48 48 0
1 915 -640 -640 -640 0
1 916 -416 -416 -416 0
1 917 528 528 528 0
1 918 0 0 0 0
1 919 0 0 0 0
1 920 0 0 0 0
1 921 0 0 0 0
1 922 288 288 288 0
1 923 528 528 528 0
1 924 640 640 640 0
1 925 -720 -720 -720 0
1 926 0 0 0 0
1 927 0 0 0 0
1 928 0 0 0 0
1 929 0 0 0 0
1 930 288 288 288 0
1 931 16 16 16 0
1 932 -896 -896 -896 0
1 933 528 528 528 0
1 934 0 0 0 0
1 935 0 0 0 0
1 936 0 0 0 0
1 937 0 0 0 0
1 938 128 128 128 0
1 939 352 352 352 0
1 940 880 880 880 0
1 941 -720 -720 -720 0
1 942 0 0 0 0
1 943 0 0 0 0
1 944 0 0 0 0
1 945 0 0 0 0
1 946 240 240 240 0
1 947 544 544 544 0
1 948 -1184 -1184 -1184 0
1 949 528 528 528 0
1 950 0 0 0 0
1 951 0 0 0 0
1 952 0 0 0 0
1 953 0 0 0 0
1 954 0 0 0 0
1 955 240 240 240 0
1 956 656 656 656 0
1 957 -480 -480 -480 0
1 958 0 0 0 0
1 959 0 0 0 0
1 960 0 0 0 0
1 961 0 0 0 0
1 962 0 0 0 0
1 963 0 0 0 0
1 964 0 0 0 0
1 965 0 0 0 0
1 966 0 0 0 0
1 967 0 0 0 0
1 968 0 0 0 0
1 969 0 0 0 0
1 970 -1040 -1040 -1040 0
1 971 -2560 -2560 -2560 0
1 972 -3280 -3280 -3280 0
1 973 -1760 -1760 -1760 0
1 974 0 0 0 0
1 975 0 0 0 0
1 976 0 0 0 0
1 977 0 0 0 0
1 978 -2208 -2208 -2208 0
1 979 -4224 -4224 -4224 0
1 980 -4240 -4240 -4240 0
1 981 -944 -944 -944 0
1 982 0 0 0 0
1 983 0 0 0 0
1 984 0 0 0 0
1 985 0 0 0 0
1 986 -3216 -3216 -3216 0
1 987 -6128 -6128 -6128 0
1 988 -6848 -6848 -6848 0
1 989 -3360 -3360 -3360 0
1 990 0 0 0 0
1 991 0 0 0 0
1 992 0 0 0 0
1 993 0 0 0 0
1 994 -3216 -3216 -3216 0
1 995 -5248 -5248 -5248 0
1 996 -5840 -5840 -5840 0
1 997 -944 -944 -944 0
1 998 0 0 0 0
1 999 0 0 0 0
1 1000 0 0 0 0
1 1001 0 0 0 0
1 1002 -2176 -2176 -2176 0
1 1003 -4608 -4608 -4608 0
1 1004 -5088 -5088 -5088 0
1 1005 -3360 -3360 -3360 0
1 1006 0 0 0 0
1 1007 0 0 0 0
1 1008 0 0 0 0
1 1009 0 0 0 0
1 1010 -1008 -1008 -1008 0
1 1011 -2192 -2192 -2192 0
1 1012 -3136 -3136 -3136 0
1 1013 -944 -944 -944 0
1 1014 0 0 0 0
1 1015 0 0 0 0
1 1016 0 0 0 0
1 1017 0 0 0 0
1 1018 0 0 0 0
1 1019 -1008 -1008 -1008 0
1 1020 -1024 -1024 -1024 0
1 1021 -1600 -1600 -1600 0
1 1022 0 0 0 0
1 1023 0 0 0 0
2 0 0 0 0 0
2 1 0 0 0 0
2 2 -1824 -1824 -1824 0
2 3 -1280 -1280 -1280 0
2 4 -656 -656 -656 0
2 5 0 0 0 0
2 6 0 0 0 0
2 7 0 0 0 0
2 8 0 0 0 0
2 9 -1824 -1824 -1824 0
2 10 -1888 -3712 -3712 0
2 11 -1504 -4608 -4608 0
2 12 -3360 -5296 -5296 0
2 13 -1280 -1936 -1936 0
2 14 -656 -656 -656 0
2 15 0 0 0 0
2 16 0 0 0 0
2 17 -608 -608 -608 0
2 18 -2112 -4544 -4544 0
2 19 -4128 -6864 -6864 0
2 20 -2784 -5824 -5824 0
2 21 -1504 -3040 -3040 0
2 22 -1536 -1536 -1536 0
2 23 0 0 0 0
2 24 0 0 0 0
2 25 -1264 -1264 -1264 0
2 26 -768 -4464 -4464 0
2 27 -1504 -7488 -7488 0
2 28 -2112 -7248 -7248 0
2 29 -2304 -3856 -3856 0
2 30 -896 -896 -896 0
2 31 0 0 0 0
2 32 0 0 0 0
2 33 0 0 0 0
2 34 0 -3696 -3696 0
2 35 -3088 -6592 -6592 0
2 36 -3872 -7808 -7808 0
2 37 -2832 -4368 -4368 0
2 38 -656 -656 -656 0
2 39 0 0 0 0
2 40 0 0 0 0
2 41 0 0 0 0
2 42 -1824 -3696 -3696 0
2 43 -1888 -6592 -6592 0
2 44 -3936 -8416 -8416 0
2 45 -3664 -5216 -5216 0
2 46 -2192 -2192 -2192 0
2 47 0 0 0 0
2 48 0 0 0 0
2 49 0 0 0 0
2 50 -608 -1872 -1872 0
2 51 -2112 -3488 -3488 0
2 52 -4176 -5920 -5920 0
2 53 -2512 -4048 -4048 0
2 54 -2432 -2432 -2432 0
2 55 0 0 0 0
2 56 0 0 0 0
2 57 0 0 0 0
2 58 -1264 -1264 -1264 0
2 59 -768 -2032 -2032 0
2 60 -2160 -2928 -2928 0
2 61 -768 -1664 -1664 0
2 62 -896 -896 -896 0
2 63 0 0 0 0
2 64 0 0 0 0
2 65 0 0 0 0
2 66 -1456 -1456 -1456 0
2 67 -800 -800 -800 0
2 68 -1216 -1216 -1216 0
2 69 0 0 0 0
2 70 0 0 0 0
2 71 0 0 0 0
2 72 0 0 0 0
2 73 -1456 -1456 -1456 0
2 74 -240 -1696 -1696 0
2 75 -960 -3216 -3216 0
2 76 -912 -2928 -2928 0
2 77 -800 -2016 -2016 0
2 78 -1216 -1216 -1216 0
2 79 0 0 0 0
2 80 0 0 0 0
2 81 560 560 560 0
2 82 512 -384 -384 0
2 83 -784 -768 -768 0
2 84 -672 -1088 -1088 0
2 85 -960 -416 -416 0
2 86 544 544 544 0
2 87 0 0 0 0
2 88 0 0 0 0
2 89 256 256 256 0
2 90 128 -512 -512 0
2 91 128 -1488 -1488 0
2 92 512 -1264 -1264 0
2 93 672 -976 -976 0
2 94 -432 -432 -432 0
2 95 0 0 0 0
2 96 0 0 0 0
2 97 0 0 0 0
2 98 0 -640 -640 0
2 99 -1200 -1056 -1056 0
2 100 -2128 -2976 -2976 0
2 101 -2448 -1904 -1904 0
2 102 -1216 -1216 -1216 0
2 103 0 0 0 0
2 104 0 0 0 0
2 105 0 0 0 0
2 106 -1456 -640 -640 0
2 107 -240 -1056 -1056 0
2 108 -1856 -2416 -2416 0
2 109 0 -1648 -1648 0
2 110 -672 -672 -672 0
2 111 0 0 0 0
2 112 0 0 0 0
2 113 0 0 0 0
2 114 560 816 816 0
2 115 512 1200 261 1
2 116 1488 1312 373 1
2 117 -48 496 496 0
2 118 112 112 112 0
2 119 0 0 0 0
2 120 0 0 0 0
2 121 0 0 0 0
2 122 256 256 256 0
2 123 128 384 384 0
2 124 -176 -48 -48 0
2 125 128 -304 -304 0
2 126 -432 -432 -432 0
2 127 0 0 0 0
2 128 0 0 0 0
2 129 0 0 0 0
2 130 -1056 -1056 -1056 0
2 131 384 384 384 0
2 132 64 64 64 0
2 133 0 0 0 0
2 134 0 0 0 0
2 135 0 0 0 0
2 136 0 0 0 0
2 137 -1056 -1056 -1056 0
2 138 320 -736 -736 0
2 139 608 -64 -64 0
2 140 -2320 -1872 -1872 0
2 141 384 448 448 0
2 142 64 64 64 0
2 143 0 0 0 0
2 144 0 0 0 0
2 145 -64 -64 -64 0
2 146 -800 -1920 -1920 0
2 147 -1936 -1072 -1072 0
2 148 384 -272 -272 0
2 149 608 -656 -656 0
2 150 -1264 -1264 -1264 0
2 151 0 0 0 0
2 152 0 0 0 0
2 153 -1344 -1344 -1344 0
2 154 384 -2080 -2080 0
2 155 0 -1088 -1088 0
2 156 -800 -1168 -1168 0
2 157 -880 -752 -752 0
2 158 64 64 64 0
2 159 0 0 0 0
2 160 0 0 0 0
2 161 0 0 0 0
2 162 0 -2464 -2464 0
2 163 -2400 -2091 -2091 0
2 164 -288 -880 -880 0
2 165 512 -752 -752 0
2 166 64 64 64 0
2 167 0 0 0 0
2 168 0 0 0 0
2 169 0 0 0 0
2 170 -1056 -2464 -2464 0
2 171 320 -1152 -1152 0
2 172 -512 -944 -944 0
2 173 -336 -208 -208 0
2 174 -1200 -1200 -1200 0
2 175 0 0 0 0
2 176 0 0 0 0
2 177 0 0 0 0
2 178 -64 -1408 -1408 0
2 179 -800 -480 -480 0
2 180 -2288 -1680 -1680 0
2 181 992 -272 -272 0
2 182 -1200 -1200 -1200 0
2 183 0 0 0 0
2 184 0 0 0 0
2 185 0 0 0 0
2 186 -1344 -1344 -1344 0
2 187 384 -960 -960 0
2 188 -1280 -896 -896 0
2 189 384 448 448 0
2 190 64 64 64 0
2 191 0 0 0 0
2 192 0 0 0 0
2 193 0 0 0 0
2 194 144 144 144 0
2 195 -752 -752 -752 0
2 196 176 176 176 0
2 197 0 0 0 0
2 198 0 0 0 0
2 199 0 0 0 0
2 200 0 0 0 0
2 201 144 144 144 0
2 202 -256 -112 -112 0
2 203 16 -592 -592 0
2 204 304 -272 -272 0
2 205 -752 -576 -576 0
2 206 176 176 176 0
2 207 0 0 0 0
2 208 0 0 0 0
2 209 496 496 496 0
2 210 64 704 704 0
2 211 656 240 240 0
2 212 -224 -48 -48 0
2 213 16 176 176 0
2 214 160 160 160 0
2 215 0 0 0 0
2 216 0 0 0 0
2 217 224 224 224 0
2 218 352 1216 277 1
2 219 528 336 336 0
2 220 64 32 32 0
2 221 512 720 720 0
2 222 32 32 32 0
2 223 0 0 0 0
2 224 0 0 0 0
2 225 0 0 0 0
2 226 0 864 864 0
2 227 368 304 304 0
2 228 -256 -48 -48 0
2 229 -544 -384 -384 0
2 230 176 176 176 0
2 231 0 0 0 0
2 232 0 0 0 0
2 233 0 0 0 0
2 234 144 864 864 0
2 235 -256 304 304 0
2 236 656 448 448 0
2 237 -752 -544 -544 0
2 238 336 336 336 0
2 239 0 0 0 0
2 240 0 0 0 0
2 241 0 0 0 0
2 242 496 720 720 0
2 243 64 912 912 0
2 244 1232 1104 165 1
2 245 224 384 384 0
2 246 192 192 192 0
2 247 0 0 0 0
2 248 0 0 0 0
2 249 0 0 0 0
2 250 224 224 224 0
2 251 352 576 576 0
2 252 256 608 608 0
2 253 352 384 384 0
2 254 32 32 32 0
2 255 0 0 0 0
2 256 0 0 0 0
2 257 0 0 0 0
2 258 -1216 -1216 -1216 0
2 259 -1664 -1664 -1664 0
2 260 -1744 -1744 -1744 0
2 261 0 0 0 0
2 262 0 0 0 0
2 263 0 0 0 0
2 264 0 0 0 0
2 265 -1216 -1216 -1216 0
2 266 -2832 -4048 -4048 0
2 267 -3520 -6400 -6400 0
2 268 -3136 -6544 -6544 0
2 269 -1664 -3408 -3408 0
2 270 -1744 -1744 -1744 0
2 271 0 0 0 0
2 272 0 0 0 0
2 273 -1168 -1168 -1168 0
2 274 -3808 -6192 -6192 0
2 275 -4960 -9568 -9568 0
2 276 -4752 -10192 -10192 0
2 277 -3520 -5440 -5440 0
2 278 -1920 -1920 -1920 0
2 279 0 0 0 0
2 280 0 0 0 0
2 281 -2032 -2032 -2032 0
2 282 -1824 -6240 -6240 0
2 283 -3088 -11600 -11600 0
2 284 -3808 -12880 -12880 0
2 285 -3744 -7408 -7408 0
2 286 -1920 -1920 -1920 0
2 287 0 0 0 0
2 288 0 0 0 0
2 289 0 0 0 0
2 290 0 -4416 -4416 0
2 291 -3248 -9680 -9680 0
2 292 -4704 -12064 -12064 0
2 293 -5328 -7248 -7248 0
2 294 -1744 -1744 -1744 0
2 295 0 0 0 0
2 296 0 0 0 0
2 297 0 0 0 0
2 298 -1216 -4416 -4416 0
2 299 -2832 -9680 -9680 0
2 300 -5904 -13232 -13232 0
2 301 -5360 -9024 -9024 0
2 302 -3664 -3664 -3664 0
2 303 0 0 0 0
2 304 0 0 0 0
2 305 0 0 0 0
2 306 -1168 -3200 -3200 0
2 307 -3808 -6800 -6800 0
2 308 -6944 -10640 -10640 0
2 309 -5520 -7440 -7440 0
2 310 -3840 -3840 -3840 0
2 311 0 0 0 0
2 312 0 0 0 0
2 313 0 0 0 0
2 314 -2032 -2032 -2032 0
2 315 -1824 -3856 -3856 0
2 316 -3952 -5776 -5776 0
2 317 -1824 -3744 -3744 0
2 318 -1920 -1920 -1920 0
2 319 0 0 0 0
2 320 0 0 0 0
2 321 0 0 0 0
2 322 -128 -128 -128 0
2 323 -816 -816 -816 0
2 324 -240 -240 -240 0
2 325 0 0 0 0
2 326 0 0 0 0
2 327 0 0 0 0
2 328 0 0 0 0
2 329 -128 -128 -128 0
2 330 -208 -336 -336 0
2 331 480 -464 -464 0
2 332 672 -384 -384 0
2 333 -816 -1056 -1056 0
2 334 -240 -240 -240 0
2 335 0 0 0 0
2 336 0 0 0 0
2 337 608 608 608 0
2 338 528 1008 69 1
2 339 16 528 528 0
2 340 64 405 405 0
2 341 480 1280 341 1
2 342 800 800 800 0
2 343 0 0 0 0
2 344 0 0 0 0
2 345 -192 -192 -192 0
2 346 -656 -368 -368 0
2 347 880 -192 -192 0
2 348 528 -112 -112 0
2 349 144 176 176 0
2 350 272 272 272 0
2 351 0 0 0 0
2 352 0 0 0 0
2 353 0 0 0 0
2 354 0 288 288 0
2 355 -320 -464 -464 0
2 356 -1600 -987 -987 0
2 357 -784 16 16 0
2 358 -240 -240 -240 0
2 359 0 0 0 0
2 360 0 0 0 0
2 361 0 0 0 0
2 362 -128 288 288 0
2 363 -208 -464 -464 0
2 364 960 560 560 0
2 365 704 736 736 0
2 366 560 560 560 0
2 367 0 0 0 0
2 368 0 0 0 0
2 369 0 0 0 0
2 370 608 416 416 0
2 371 528 480 480 0
2 372 560 613 613 0
2 373 336 1136 197 1
2 374 1072 1072 133 1
2 375 0 0 0 0
2 376 0 0 0 0
2 377 0 0 0 0
2 378 -192 -192 -192 0
2 379 -656 -848 -848 0
2 380 80 -576 -576 0
2 381 -656 -384 -384 0
2 382 272 272 272 0
2 383 0 0 0 0
2 384 0 0 0 0
2 385 0 0 0 0
2 386 224 224 224 0
2 387 -160 -160 -160 0
2 388 -1344 -1344 -1344 0
2 389 0 0 0 0
2 390 0 0 0 0
2 391 0 0 0 0
2 392 0 0 0 0
2 393 224 224 224 0
2 394 -304 -80 -80 0
2 395 -560 -496 -496 0
2 396 -16 -1520 -1520 0
2 397 -160 -1504 -1504 0
2 398 -1344 -1344 -1344 0
2 399 0 0 0 0
2 400 0 0 0 0
2 401 -144 -144 -144 0
2 402 512 592 592 0
2 403 560 1040 101 1
2 404 -816 -1616 -1616 0
2 405 -560 -800 -800 0
2 406 -240 -240 -240 0
2 407 0 0 0 0
2 408 0 0 0 0
2 409 -272 -272 -272 0
2 410 576 384 384 0
2 411 -656 -443 -443 0
2 412 512 -1168 -1168 0
2 413 336 -1520 -1520 0
2 414 -512 -512 -512 0
2 415 0 0 0 0
2 416 0 0 0 0
2 417 0 0 0 0
2 418 0 -192 -192 0
2 419 -48 69 69 0
2 420 640 -672 -672 0
2 421 -2016 -2256 -2256 0
2 422 -1344 -1344 -1344 0
2 423 0 0 0 0
2 424 0 0 0 0
2 425 0 0 0 0
2 426 224 -192 -192 0
2 427 -304 69 69 0
2 428 -480 -816 -816 0
2 429 384 -1472 -1472 0
2 430 -1584 -1584 -1584 0
2 431 0 0 0 0
2 432 0 0 0 0
2 433 0 0 0 0
2 434 -144 -416 -416 0
2 435 512 944 5 1
2 436 -80 192 192 0
2 437 848 608 608 0
2 438 -752 -752 -752 0
2 439 0 0 0 0
2 440 0 0 0 0
2 441 0 0 0 0
2 442 -272 -272 -272 0
2 443 576 304 304 0
2 444 -784 -208 -208 0
2 445 576 64 64 0
2 446 -512 -512 -512 0
2 447 0 0 0 0
2 448 0 0 0 0
2 449 0 0 0 0
2 450 -304 -304 -304 0
2 451 800 800 800 0
2 452 0 0 0 0
2 453 0 0 0 0
2 454 0 0 0 0
2 455 0 0 0 0
2 456 0 0 0 0
2 457 -304 -304 -304 0
2 458 1232 928 928 0
2 459 -576 -80 -80 0
2 460 -1696 -896 -896 0
2 461 800 800 800 0
2 462 0 0 0 0
2 463 0 0 0 0
2 464 0 0 0 0
2 465 432 432 432 0
2 466 -304 -176 -176 0
2 467 -1872 -1216 -1216 0
2 468 1120 -848 -848 0
2 469 -576 -1968 -1968 0
2 470 -1392 -1392 -1392 0
2 471 0 0 0 0
2 472 0 0 0 0
2 473 272 272 272 0
2 474 -176 224 224 0
2 475 320 336 336 0
2 476 -304 -1184 -1184 0
2 477 -1568 -1680 -1680 0
2 478 -112 -112 -112 0
2 479 0 0 0 0
2 480 0 0 0 0
2 481 0 0 0 0
2 482 0 400 400 0
2 483 -32 448 448 0
2 484 320 -1760 -1760 0
2 485 688 -704 -704 0
2 486 0 0 0 0
2 487 0 0 0 0
2 488 0 0 0 0
2 489 0 0 0 0
2 490 -304 400 400 0
2 491 1232 448 448 0
2 492 -448 -1328 -1328 0
2 493 -1168 -1280 -1280 0
2 494 -1392 -1392 -1392 0
2 495 0 0 0 0
2 496 0 0 0 0
2 497 0 0 0 0
2 498 432 704 704 0
2 499 -304 -48 -48 0
2 500 -864 -1552 -1552 0
2 501 -864 -2256 -2256 0
2 502 -1504 -1504 -1504 0
2 503 0 0 0 0
2 504 0 0 0 0
2 505 0 0 0 0
2 506 272 272 272 0
2 507 -176 96 96 0
2 508 160 -16 -16 0
2 509 -176 -288 -288 0
2 510 -112 -112 -112 0
2 511 0 0 0 0
2 512 0 0 0 0
2 513 0 0 0 0
2 514 -432 -432 -432 0
2 515 128 128 128 0
2 516 448 448 448 0
2 517 0 0 0 0
2 518 0 0 0 0
2 519 0 0 0 0
2 520 0 0 0 0
2 521 -432 -432 -432 0
2 522 576 144 144 0
2 523 352 48 48 0
2 524 -320 256 256 0
2 525 128 576 576 0
2 526 448 448 448 0
2 527 0 0 0 0
2 528 0 0 0 0
2 529 448 448 448 0
2 530 -672 -656 -656 0
2 531 -224 256 256 0
2 532 960 1424 485 1
2 533 352 464 464 0
2 534 112 112 112 0
2 535 0 0 0 0
2 536 0 0 0 0
2 537 -576 -576 -576 0
2 538 96 -464 -464 0
2 539 832 -48 -48 0
2 540 -672 -443 -443 0
2 541 208 1040 101 1
2 542 384 384 384 0
2 543 0 0 0 0
2 544 0 0 0 0
2 545 0 0 0 0
2 546 0 -560 -560 0
2 547 -1008 -432 -432 0
2 548 -208 640 640 0
2 549 960 1072 133 1
2 550 448 448 448 0
2 551 0 0 0 0
2 552 0 0 0 0
2 553 0 0 0 0
2 554 -432 -560 -560 0
2 555 576 -432 -432 0
2 556 368 1088 149 1
2 557 144 976 37 1
2 558 560 560 560 0
2 559 0 0 0 0
2 560 0 0 0 0
2 561 0 0 0 0
2 562 448 -128 -128 0
2 563 -672 -128 -128 0
2 564 80 368 368 0
2 565 384 496 496 0
2 566 496 496 496 0
2 567 0 0 0 0
2 568 0 0 0 0
2 569 0 0 0 0
2 570 -576 -576 -576 0
2 571 96 -480 -480 0
2 572 -192 -96 -96 0
2 573 96 480 480 0
2 574 384 384 384 0
2 575 0 0 0 0
2 576 0 0 0 0
2 577 0 0 0 0
2 578 480 480 480 0
2 579 -816 -816 -816 0
2 580 -1152 -1152 -1152 0
2 581 0 0 0 0
2 582 0 0 0 0
2 583 0 0 0 0
2 584 0 0 0 0
2 585 480 480 480 0
2 586 -624 -144 -144 0
2 587 -864 -1200 -1200 0
2 588 928 -1040 -1040 0
2 589 -816 -1968 -1968 0
2 590 -1152 -1152 -1152 0
2 591 0 0 0 0
2 592 0 0 0 0
2 593 192 192 192 0
2 594 112 784 784 0
2 595 1088 752 752 0
2 596 -272 -688 -688 0
2 597 -864 -416 -416 0
2 598 448 448 448 0
2 599 0 0 0 0
2 600 0 0 0 0
2 601 -176 -176 -176 0
2 602 160 656 656 0
2 603 544 480 480 0
2 604 112 -896 -896 0
2 605 608 -192 -192 0
2 606 352 352 352 0
2 607 0 0 0 0
2 608 0 0 0 0
2 609 0 0 0 0
2 610 0 496 496 0
2 611 304 128 128 0
2 612 -176 -240 -240 0
2 613 -1616 -1168 -1168 0
2 614 -1152 -1152 -1152 0
2 615 0 0 0 0
2 616 0 0 0 0
2 617 0 0 0 0
2 618 480 496 496 0
2 619 -624 128 128 0
2 620 -192 -48 -48 0
2 621 -80 -880 -880 0
2 622 -704 -704 -704 0
2 623 0 0 0 0
2 624 0 0 0 0
2 625 0 0 0 0
2 626 192 16 16 0
2 627 112 464 464 0
2 628 624 1264 325 1
2 629 800 1248 309 1
2 630 800 800 800 0
2 631 0 0 0 0
2 632 0 0 0 0
2 633 0 0 0 0
2 634 -176 -176 -176 0
2 635 160 -16 -16 0
2 636 176 336 336 0
2 637 160 512 512 0
2 638 352 352 352 0
2 639 0 0 0 0
2 640 0 0 0 0
2 641 0 0 0 0
2 642 -1056 -1056 -1056 0
2 643 -672 -672 -672 0
2 644 -1648 -1648 -1648 0
2 645 0 0 0 0
2 646 0 0 0 0
2 647 0 0 0 0
2 648 0 0 0 0
2 649 -1056 -1056 -1056 0
2 650 -2064 -3120 -3120 0
2 651 -3056 -4784 -4784 0
2 652 -1824 -4144 -4144 0
2 653 -672 -2320 -2320 0
2 654 -1648 -1648 -1648 0
2 655 0 0 0 0
2 656 0 0 0 0
2 657 -1392 -1392 -1392 0
2 658 -3024 -5472 -5472 0
2 659 -2784 -6256 -6256 0
2 660 -3792 -7616 -7616 0
2 661 -3056 -3824 -3824 0
2 662 -768 -768 -768 0
2 663 0 0 0 0
2 664 0 0 0 0
2 665 -1616 -1616 -1616 0
2 666 -960 -5024 -5024 0
2 667 -3120 -8832 -8832 0
2 668 -3024 -8800 -8800 0
2 669 -1728 -5104 -5104 0
2 670 -1728 -1728 -1728 0
2 671 0 0 0 0
2 672 0 0 0 0
2 673 0 0 0 0
2 674 0 -4064 -4064 0
2 675 -2672 -7104 -7104 0
2 676 -2688 -8240 -8240 0
2 677 -4048 -4816 -4816 0
2 678 -1648 -1648 -1648 0
2 679 0 0 0 0
2 680 0 0 0 0
2 681 0 0 0 0
2 682 -1056 -4064 -4064 0
2 683 -2064 -7104 -7104 0
2 684 -5504 -9632 -9632 0
2 685 -2848 -6224 -6224 0
2 686 -2416 -2416 -2416 0
2 687 0 0 0 0
2 688 0 0 0 0
2 689 0 0 0 0
2 690 -1392 -3008 -3008 0
2 691 -3024 -5376 -5376 0
2 692 -4736 -7872 -7872 0
2 693 -4096 -4864 -4864 0
2 694 -2496 -2496 -2496 0
2 695 0 0 0 0
2 696 0 0 0 0
2 697 0 0 0 0
2 698 -1616 -1616 -1616 0
2 699 -960 -2576 -2576 0
2 700 -3344 -4304 -4304 0
2 701 -960 -2688 -2688 0
2 702 -1728 -1728 -1728 0
2 703 0 0 0 0
2 704 0 0 0 0
2 705 0 0 0 0
2 706 496 496 496 0
2 707 672 672 672 0
2 708 -224 -224 -224 0
2 709 0 0 0 0
2 710 0 0 0 0
2 711 0 0 0 0
2 712 0 0 0 0
2 713 496 496 496 0
2 714 -112 384 384 0
2 715 -1616 -1387 -1387 0
2 716 640 1088 149 1
2 717 672 448 448 0
2 718 -224 -224 -224 0
2 719 0 0 0 0
2 720 0 0 0 0
2 721 -784 -784 -784 0
2 722 -816 -1104 -1104 0
2 723 736 -768 -768 0
2 724 240 -1232 -1232 0
2 725 -1616 -1472 -1472 0
2 726 144 144 144 0
2 727 0 0 0 0
2 728 0 0 0 0
2 729 576 576 576 0
2 730 96 384 384 0
2 731 -432 16 16 0
2 732 -816 -715 -715 0
2 733 240 368 368 0
2 734 352 352 352 0
2 735 0 0 0 0
2 736 0 0 0 0
2 737 0 0 0 0
2 738 0 288 288 0
2 739 1072 -336 -336 0
2 740 1264 144 144 0
2 741 800 944 5 1
2 742 -224 -224 -224 0
2 743 0 0 0 0
2 744 0 0 0 0
2 745 0 0 0 0
2 746 496 288 288 0
2 747 -112 -336 -336 0
2 748 -1904 -1579 -1579 0
2 749 -576 -448 -448 0
2 750 -80 -80 -80 0
2 751 0 0 0 0
2 752 0 0 0 0
2 753 0 0 0 0
2 754 -784 -208 -208 0
2 755 -816 -1504 -1504 0
2 756 32 -1008 -1008 0
2 757 -944 -800 -800 0
2 758 496 496 496 0
2 759 0 0 0 0
2 760 0 0 0 0
2 761 0 0 0 0
2 762 576 576 576 0
2 763 96 672 672 0
2 764 928 1024 85 1
2 765 96 448 448 0
2 766 352 352 352 0
2 767 0 0 0 0
2 768 0 0 0 0
2 769 0 0 0 0
2 770 -64 -64 -64 0
2 771 480 480 480 0
2 772 -368 -368 -368 0
2 773 0 0 0 0
2 774 0 0 0 0
2 775 0 0 0 0
2 776 0 0 0 0
2 777 -64 -64 -64 0
2 778 -256 -320 -320 0
2 779 48 464 464 0
2 780 416 528 528 0
2 781 480 112 112 0
2 782 -368 -368 -368 0
2 783 0 0 0 0
2 784 0 0 0 0
2 785 -736 -736 -736 0
2 786 0 -800 -800 0
2 787 1248 1408 469 1
2 788 -624 -96 -96 0
2 789 48 528 528 0
2 790 480 480 480 0
2 791 0 0 0 0
2 792 0 0 0 0
2 793 -416 -416 -416 0
2 794 832 -384 -384 0
2 795 -1104 -795 -795 0
2 796 0 117 117 0
2 797 1312 576 576 0
2 798 -368 -368 -368 0
2 799 0 0 0 0
2 800 0 0 0 0
2 801 0 0 0 0
2 802 0 -1216 -1216 0
2 803 -480 -427 -427 0
2 804 1248 1408 469 1
2 805 -256 224 224 0
2 806 -368 -368 -368 0
2 807 0 0 0 0
2 808 0 0 0 0
2 809 0 0 0 0
2 810 -64 -1216 -1216 0
2 811 -256 512 512 0
2 812 -752 -267 -267 0
2 813 1376 640 640 0
2 814 112 112 112 0
2 815 0 0 0 0
2 816 0 0 0 0
2 817 0 0 0 0
2 818 -736 -1152 -1152 0
2 819 0 96 96 0
2 820 160 208 208 0
2 821 880 1360 421 1
2 822 112 112 112 0
2 823 0 0 0 0
2 824 0 0 0 0
2 825 0 0 0 0
2 826 -416 -416 -416 0
2 827 832 416 416 0
2 828 -784 48 48 0
2 829 832 464 464 0
2 830 -368 -368 -368 0
2 831 0 0 0 0
2 832 0 0 0 0
2 833 0 0 0 0
2 834 480 480 480 0
2 835 720 720 720 0
2 836 -64 -64 -64 0
2 837 0 0 0 0
2 838 0 0 0 0
2 839 0 0 0 0
2 840 0 0 0 0
2 841 480 480 480 0
2 842 464 944 5 1
2 843 80 341 341 0
2 844 1120 1776 837 1
2 845 720 656 656 0
2 846 -64 -64 -64 0
2 847 0 0 0 0
2 848 0 0 0 0
2 849 -256 -256 -256 0
2 850 -48 176 176 0
2 851 592 1200 261 1
2 852 176 896 896 0
2 853 80 720 720 0
2 854 640 640 640 0
2 855 0 0 0 0
2 856 0 0 0 0
2 857 -192 -192 -192 0
2 858 -528 -496 -496 0
2 859 -544 80 80 0
2 860 -48 432 432 0
2 861 112 -240 -240 0
2 862 -288 -288 -288 0
2 863 0 0 0 0
2 864 0 0 0 0
2 865 0 0 0 0
2 866 0 32 32 0
2 867 288 368 368 0
2 868 672 1104 165 1
2 869 368 1008 69 1
2 870 -64 -64 -64 0
2 871 0 0 0 0
2 872 0 0 0 0
2 873 0 0 0 0
2 874 480 32 32 0
2 875 464 368 368 0
2 876 304 848 848 0
2 877 1504 1152 213 1
2 878 576 576 576 0
2 879 0 0 0 0
2 880 0 0 0 0
2 881 0 0 0 0
2 882 -256 -448 -448 0
2 883 -48 -832 -832 0
2 884 -336 -480 -480 0
2 885 -672 -32 -32 0
2 886 352 352 352 0
2 887 0 0 0 0
2 888 0 0 0 0
2 889 0 0 0 0
2 890 -192 -192 -192 0
2 891 -528 -720 -720 0
2 892 -480 -1008 -1008 0
2 893 -528 -816 -816 0
2 894 -288 -288 -288 0
2 895 0 0 0 0
2 896 0 0 0 0
2 897 0 0 0 0
2 898 160 160 160 0
2 899 176 176 176 0
2 900 -240 -240 -240 0
2 901 0 0 0 0
2 902 0 0 0 0
2 903 0 0 0 0
2 904 0 0 0 0
2 905 160 160 160 0
2 906 64 224 224 0
2 907 -944 -608 -608 0
2 908 688 624 624 0
2 909 176 -64 -64 0
2 910 -240 -240 -240 0
2 911 0 0 0 0
2 912 0 0 0 0
2 913 -112 -112 -112 0
2 914 -464 -416 -416 0
2 915 1344 704 704 0
2 916 -416 -832 -832 0
2 917 -944 -416 -416 0
2 918 528 528 528 0
2 919 0 0 0 0
2 920 0 0 0 0
2 921 240 240 240 0
2 922 656 944 5 1
2 923 -592 -64 -64 0
2 924 -464 176 176 0
2 925 1184 464 464 0
2 926 -480 -480 -480 0
2 927 0 0 0 0
2 928 0 0 0 0
2 929 0 0 0 0
2 930 0 288 288 0
2 931 400 416 416 0
2 932 992 96 96 0
2 933 -544 -16 -16 0
2 934 -240 -240 -240 0
2 935 0 0 0 0
2 936 0 0 0 0
2 937 0 0 0 0
2 938 160 288 288 0
2 939 64 416 416 0
2 940 -896 -16 -16 0
2 941 0 -720 -720 0
2 942 288 288 288 0
2 943 0 0 0 0
2 944 0 0 0 0
2 945 0 0 0 0
2 946 -112 128 128 0
2 947 -464 80 80 0
2 948 1312 128 128 0
2 949 -528 0 0 0
2 950 48 48 48 0
2 951 0 0 0 0
2 952 0 0 0 0
2 953 0 0 0 0
2 954 240 240 240 0
2 955 656 896 896 0
2 956 -240 416 416 0
2 957 656 176 176 0
2 958 -480 -480 -480 0
2 959 0 0 0 0
2 960 0 0 0 0
2 961 0 0 0 0
2 962 -1040 -1040 -1040 0
2 963 -1520 -1520 -1520 0
2 964 -1760 -1760 -1760 0
2 965 0 0 0 0
2 966 0 0 0 0
2 967 0 0 0 0
2 968 0 0 0 0
2 969 -1040 -1040 -1040 0
2 970 -2688 -3728 -3728 0
2 971 -3296 -5856 -5856 0
2 972 -1984 -5264 -5264 0
2 973 -1520 -3280 -3280 0
2 974 -1760 -1760 -1760 0
2 975 0 0 0 0
2 976 0 0 0 0
2 977 -1168 -1168 -1168 0
2 978 -2544 -4752 -4752 0
2 979 -3008 -7232 -7232 0
2 980 -4288 -8528 -8528 0
2 981 -3296 -4240 -4240 0
2 982 -944 -944 -944 0
2 983 0 0 0 0
2 984 0 0 0 0
2 985 -1008 -1008 -1008 0
2 986 -1024 -4240 -4240 0
2 987 -2768 -8896 -8896 0
2 988 -2544 -9392 -9392 0
2 989 -1968 -5328 -5328 0
2 990 -1600 -1600 -1600 0
2 991 0 0 0 0
2 992 0 0 0 0
2 993 0 0 0 0
2 994 0 -3216 -3216 0
2 995 -2048 -7296 -7296 0
2 996 -3584 -9424 -9424 0
2 997 -4880 -5824 -5824 0
2 998 -1760 -1760 -1760 0
2 999 0 0 0 0
2 1000 0 0 0 0
2 1001 0 0 0 0
2 1002 -1040 -3216 -3216 0
2 1003 -2688 -7296 -7296 0
2 1004 -5504 -10592 -10592 0
2 1005 -4000 -7360 -7360 0
2 1006 -2704 -2704 -2704 0
2 1007 0 0 0 0
2 1008 0 0 0 0
2 1009 0 0 0 0
2 1010 -1168 -2176 -2176 0
2 1011 -2544 -4736 -4736 0
2 1012 -4144 -7280 -7280 0
2 1013 -4160 -5104 -5104 0
2 1014 -2544 -2544 -2544 0
2 1015 0 0 0 0
2 1016 0 0 0 0
2 1017 0 0 0 0
2 1018 -1008 -1008 -1008 0
2 1019 -1024 -2032 -2032 0
2 1020 -2608 -3632 -3632 0
2 1021 -1024 -2624 -2624 0
2 1022 -1600 -1600 -1600 0
2 1023 0 0 0 0
3 0 0 0 0 0
3 1 0 0 0 0
3 2 0 -1824 -1824 0
3 3 -1824 -3104 -3104 0
3 4 -3104 -3760 -3760 0
3 5 -1936 -1936 -1936 0
3 6 -656 -656 -656 0
3 7 0 0 0 0
3 8 0 0 0 0
3 9 0 -1824 -1824 0
3 10 0 -3712 -3712 0
3 11 -608 -5216 -5216 0
3 12 -1456 -6752 -6752 0
3 13 -2384 -4320 -4320 0
3 14 -1536 -2192 -2192 0
3 15 0 0 0 0
3 16 0 0 0 0
3 17 0 -608 -608 0
3 18 0 -4544 -4544 0
3 19 -1264 -8128 -8128 0
3 20 -2032 -7856 -7856 0
3 21 -1664 -4704 -4704 0
3 22 -896 -2432 -2432 0
3 23 0 0 0 0
3 24 0 0 0 0
3 25 0 -1264 -1264 0
3 26 0 -4464 -4464 0
3 27 0 -7488 -7488 0
3 28 0 -7248 -7248 0
3 29 0 -3856 -3856 0
3 30 0 -896 -896 0
3 31 0 0 0 0
3 32 0 0 0 0
3 33 0 0 0 0
3 34 0 -3696 -3696 0
3 35 0 -6592 -6592 0
3 36 0 -7808 -7808 0
3 37 0 -4368 -4368 0
3 38 0 -656 -656 0
3 39 0 0 0 0
3 40 0 0 0 0
3 41 0 0 0 0
3 42 0 -3696 -3696 0
3 43 0 -6592 -6592 0
3 44 0 -8416 -8416 0
3 45 0 -5216 -5216 0
3 46 0 -2192 -2192 0
3 47 0 0 0 0
3 48 0 0 0 0
3 49 0 0 0 0
3 50 0 -1872 -1872 0
3 51 -1824 -5312 -5312 0
3 52 -1280 -7200 -7200 0
3 53 -656 -4704 -4704 0
3 54 0 -2432 -2432 0
3 55 0 0 0 0
3 56 0 0 0 0
3 57 0 0 0 0
3 58 0 -1264 -1264 0
3 59 -608 -2640 -2640 0
3 60 -848 -3776 -3776 0
3 61 -1536 -3200 -3200 0
3 62 0 -896 -896 0
3 63 0 0 0 0
3 64 0 0 0 0
3 65 0 0 0 0
3 66 0 -1456 -1456 0
3 67 -1456 -2256 -2256 0
3 68 -2256 -3472 -3472 0
3 69 -2016 -2016 -2016 0
3 70 -1216 -1216 -1216 0
3 71 0 0 0 0
3 72 0 0 0 0
3 73 0 -1456 -1456 0
3 74 0 -1696 -1696 0
3 75 560 -2656 -2656 0
3 76 816 -2112 -2112 0
3 77 800 -1216 -1216 0
3 78 544 -672 -672 0
3 79 0 0 0 0
3 80 0 0 0 0
3 81 0 560 560 0
3 82 0 -384 -384 0
3 83 256 -512 -512 0
3 84 384 -704 -704 0
3 85 -304 -720 -720 0
3 86 -432 112 112 0
3 87 0 0 0 0
3 88 0 0 0 0
3 89 0 256 256 0
3 90 0 -512 -512 0
3 91 0 -1488 -1488 0
3 92 0 -1264 -1264 0
3 93 0 -976 -976 0
3 94 0 -432 -432 0
3 95 0 0 0 0
3 96 0 0 0 0
3 97 0 0 0 0
3 98 0 -640 -640 0
3 99 0 -1056 -1056 0
3 100 0 -2976 -2976 0
3 101 0 -1904 -1904 0
3 102 0 -1216 -1216 0
3 103 0 0 0 0
3 104 0 0 0 0
3 105 0 0 0 0
3 106 0 -640 -640 0
3 107 0 -1056 -1056 0
3 108 0 -2416 -2416 0
3 109 0 -1648 -1648 0
3 110 0 -672 -672 0
3 111 0 0 0 0
3 112 0 0 0 0
3 113 0 0 0 0
3 114 0 816 816 0
3 115 -1456 -1195 -1195 0
3 116 -800 -427 -427 0
3 117 -1216 -720 -720 0
3 118 0 112 112 0
3 119 0 0 0 0
3 120 0 0 0 0
3 121 0 0 0 0
3 122 0 256 256 0
3 123 560 944 5 1
3 124 256 208 208 0
3 125 544 240 240 0
3 126 0 -432 -432 0
3 127 0 0 0 0
3 128 0 0 0 0
3 129 0 0 0 0
3 130 0 -1056 -1056 0
3 131 -1056 -672 -672 0
3 132 -672 -608 -608 0
3 133 448 448 448 0
3 134 64 64 64 0
3 135 0 0 0 0
3 136 0 0 0 0
3 137 0 -1056 -1056 0
3 138 0 -736 -736 0
3 139 -64 -128 -128 0
3 140 480 -1392 -1392 0
3 141 -720 -272 -272 0
3 142 -1264 -1200 -1200 0
3 143 0 0 0 0
3 144 0 0 0 0
3 145 0 -64 -64 0
3 146 0 -1920 -1920 0
3 147 -1344 -2416 -2416 0
3 148 -960 -1232 -1232 0
3 149 448 -208 -208 0
3 150 64 -1200 -1200 0
3 151 0 0 0 0
3 152 0 0 0 0
3 153 0 -1344 -1344 0
3 154 0 -2080 -2080 0
3 155 0 -1088 -1088 0
3 156 0 -1168 -1168 0
3 157 0 -752 -752 0
3 158 0 64 64 0
3 159 0 0 0 0
3 160 0 0 0 0
3 161 0 0 0 0
3 162 0 -2464 -2464 0
3 163 0 -2091 -2091 0
3 164 0 -880 -880 0
3 165 0 -752 -752 0
3 166 0 64 64 0
3 167 0 0 0 0
3 168 0 0 0 0
3 169 0 0 0 0
3 170 0 -2464 -2464 0
3 171 0 -1152 -1152 0
3 172 0 -944 -944 0
3 173 0 -208 -208 0
3 174 0 -1200 -1200 0
3 175 0 0 0 0
3 176 0 0 0 0
3 177 0 0 0 0
3 178 0 -1408 -1408 0
3 179 -1056 -1536 -1536 0
3 180 384 -1296 -1296 0
3 181 64 -208 -208 0
3 182 0 -1200 -1200 0
3 183 0 0 0 0
3 184 0 0 0 0
3 185 0 0 0 0
3 186 0 -1344 -1344 0
3 187 -64 -1024 -1024 0
3 188 544 -352 -352 0
3 189 -1264 -816 -816 0
3 190 0 64 64 0
3 191 0 0 0 0
3 192 0 0 0 0
3 193 0 0 0 0
3 194 0 144 144 0
3 195 144 -608 -608 0
3 196 -608 -432 -432 0
3 197 -576 -576 -576 0
3 198 176 176 176 0
3 199 0 0 0 0
3 200 0 0 0 0
3 201 0 144 144 0
3 202 0 -112 -112 0
3 203 496 -96 -96 0
3 204 336 64 64 0
3 205 0 -576 -576 0
3 206 160 336 336 0
3 207 0 0 0 0
3 208 0 0 0 0
3 209 0 496 496 0
3 210 0 704 704 0
3 211 224 464 464 0
3 212 576 528 528 0
3 213 384 560 560 0
3 214 32 192 192 0
3 215 0 0 0 0
3 216 0 0 0 0
3 217 0 224 224 0
3 218 0 277 277 0
3 219 0 336 336 0
3 220 0 32 32 0
3 221 0 720 720 0
3 222 0 32 32 0
3 223 0 0 0 0
3 224 0 0 0 0
3 225 0 0 0 0
3 226 0 864 864 0
3 227 0 304 304 0
3 228 0 -48 -48 0
3 229 0 -384 -384 0
3 230 0 176 176 0
3 231 0 0 0 0
3 232 0 0 0 0
3 233 0 0 0 0
3 234 0 864 864 0
3 235 0 304 304 0
3 236 0 448 448 0
3 237 0 -544 -544 0
3 238 0 336 336 0
3 239 0 0 0 0
3 240 0 0 0 0
3 241 0 0 0 0
3 242 0 720 720 0
3 243 144 1056 117 1
3 244 -752 -587 -587 0
3 245 176 560 560 0
3 246 0 192 192 0
3 247 0 0 0 0
3 248 0 0 0 0
3 249 0 0 0 0
3 250 0 224 224 0
3 251 496 1072 133 1
3 252 -160 448 448 0
3 253 160 544 544 0
3 254 0 32 32 0
3 255 0 0 0 0
3 256 0 0 0 0
3 257 0 0 0 0
3 258 0 -1216 -1216 0
3 259 -1216 -2880 -2880 0
3 260 -2880 -4624 -4624 0
3 261 -3408 -3408 -3408 0
3 262 -1744 -1744 -1744 0
3 263 0 0 0 0
3 264 0 0 0 0
3 265 0 -1216 -1216 0
3 266 0 -4048 -4048 0
3 267 -1168 -7568 -7568 0
3 268 -2944 -9488 -9488 0
3 269 -3696 -7104 -7104 0
3 270 -1920 -3664 -3664 0
3 271 0 0 0 0
3 272 0 0 0 0
3 273 0 -1168 -1168 0
3 274 0 -6192 -6192 0
3 275 -2032 -11600 -11600 0
3 276 -3856 -14048 -14048 0
3 277 -3744 -9184 -9184 0
3 278 -1920 -3840 -3840 0
3 279 0 0 0 0
3 280 0 0 0 0
3 281 0 -2032 -2032 0
3 282 0 -6240 -6240 0
3 283 0 -11600 -11600 0
3 284 0 -12880 -12880 0
3 285 0 -7408 -7408 0
3 286 0 -1920 -1920 0
3 287 0 0 0 0
3 288 0 0 0 0
3 289 0 0 0 0
3 290 0 -4416 -4416 0
3 291 0 -9680 -9680 0
3 292 0 -12064 -12064 0
3 293 0 -7248 -7248 0
3 294 0 -1744 -1744 0
3 295 0 0 0 0
3 296 0 0 0 0
3 297 0 0 0 0
3 298 0 -4416 -4416 0
3 299 0 -9680 -9680 0
3 300 0 -13232 -13232 0
3 301 0 -9024 -9024 0
3 302 0 -3664 -3664 0
3 303 0 0 0 0
3 304 0 0 0 0
3 305 0 0 0 0
3 306 0 -3200 -3200 0
3 307 -1216 -8016 -8016 0
3 308 -1664 -12304 -12304 0
3 309 -1744 -9184 -9184 0
3 310 0 -3840 -3840 0
3 311 0 0 0 0
3 312 0 0 0 0
3 313 0 0 0 0
3 314 0 -2032 -2032 0
3 315 -1168 -5024 -5024 0
3 316 -1776 -7552 -7552 0
3 317 -1920 -5664 -5664 0
3 318 0 -1920 -1920 0
3 319 0 0 0 0
3 320 0 0 0 0
3 321 0 0 0 0
3 322 0 -128 -128 0
3 323 -128 -944 -944 0
3 324 -944 -1184 -1184 0
3 325 -1056 -1056 -1056 0
3 326 -240 -240 -240 0
3 327 0 0 0 0
3 328 0 0 0 0
3 329 0 -128 -128 0
3 330 0 -336 -336 0
3 331 608 144 144 0
3 332 1328 944 5 1
3 333 1520 464 464 0
3 334 800 560 560 0
3 335 0 0 0 0
3 336 0 0 0 0
3 337 0 608 608 0
3 338 0 69 69 0
3 339 -192 336 336 0
3 340 -848 -443 -443 0
3 341 -384 -43 -43 0
3 342 272 1072 133 1
3 343 0 0 0 0
3 344 0 0 0 0
3 345 0 -192 -192 0
3 346 0 -368 -368 0
3 347 0 -192 -192 0
3 348 0 -112 -112 0
3 349 0 176 176 0
3 350 0 272 272 0
3 351 0 0 0 0
3 352 0 0 0 0
3 353 0 0 0 0
3 354 0 288 288 0
3 355 0 -464 -464 0
3 356 0 -987 -987 0
3 357 0 16 16 0
3 358 0 -240 -240 0
3 359 0 0 0 0
3 360 0 0 0 0
3 361 0 0 0 0
3 362 0 288 288 0
3 363 0 -464 -464 0
3 364 0 560 560 0
3 365 0 736 736 0
3 366 0 560 560 0
3 367 0 0 0 0
3 368 0 0 0 0
3 369 0 0 0 0
3 370 0 416 416 0
3 371 -128 352 352 0
3 372 -816 -203 -203 0
3 373 -240 -43 -43 0
3 374 0 133 133 0
3 375 0 0 0 0
3 376 0 0 0 0
3 377 0 0 0 0
3 378 0 -192 -192 0
3 379 608 -240 -240 0
3 380 720 144 144 0
3 381 800 416 416 0
3 382 0 272 272 0
3 383 0 0 0 0
3 384 0 0 0 0
3 385 0 0 0 0
3 386 0 224 224 0
3 387 224 64 64 0
3 388 64 -1280 -1280 0
3 389 -1504 -1504 -1504 0
3 390 -1344 -1344 -1344 0
3 391 0 0 0 0
3 392 0 0 0 0
3 393 0 224 224 0
3 394 0 -80 -80 0
3 395 -144 -640 -640 0
3 396 640 -880 -880 0
3 397 544 -960 -960 0
3 398 -240 -1584 -1584 0
3 399 0 0 0 0
3 400 0 0 0 0
3 401 0 -144 -144 0
3 402 0 592 592 0
3 403 -272 -171 -171 0
3 404 304 -1312 -1312 0
3 405 64 -736 -736 0
3 406 -512 -752 -752 0
3 407 0 0 0 0
3 408 0 0 0 0
3 409 0 -272 -272 0
3 410 0 384 384 0
3 411 0 -443 -443 0
3 412 0 -1168 -1168 0
3 413 0 -1520 -1520 0
3 414 0 -512 -512 0
3 415 0 0 0 0
3 416 0 0 0 0
3 417 0 0 0 0
3 418 0 -192 -192 0
3 419 0 69 69 0
3 420 0 -672 -672 0
3 421 0 -2256 -2256 0
3 422 0 -1344 -1344 0
3 423 0 0 0 0
3 424 0 0 0 0
3 425 0 0 0 0
3 426 0 -192 -192 0
3 427 0 69 69 0
3 428 0 -816 -816 0
3 429 0 -1472 -1472 0
3 430 0 -1584 -1584 0
3 431 0 0 0 0
3 432 0 0 0 0
3 433 0 0 0 0
3 434 0 -416 -416 0
3 435 224 229 229 0
3 436 -160 32 32 0
3 437 -1344 -736 -736 0
3 438 0 -752 -752 0
3 439 0 0 0 0
3 440 0 0 0 0
3 441 0 0 0 0
3 442 0 -272 -272 0
3 443 -144 160 160 0
3 444 784 576 576 0
3 445 -240 -176 -176 0
3 446 0 -512 -512 0
3 447 0 0 0 0
3 448 0 0 0 0
3 449 0 0 0 0
3 450 0 -304 -304 0
3 451 -304 496 496 0
3 452 496 496 496 0
3 453 800 800 800 0
3 454 0 0 0 0
3 455 0 0 0 0
3 456 0 0 0 0
3 457 0 -304 -304 0
3 458 0 928 928 0
3 459 432 352 352 0
3 460 -144 -1040 -1040 0
3 461 -1968 -1168 -1168 0
3 462 -1392 -1392 -1392 0
3 463 0 0 0 0
3 464 0 0 0 0
3 465 0 432 432 0
3 466 0 -176 -176 0
3 467 272 -944 -944 0
3 468 96 -752 -752 0
3 469 -288 -2256 -2256 0
3 470 -112 -1504 -1504 0
3 471 0 0 0 0
3 472 0 0 0 0
3 473 0 272 272 0
3 474 0 224 224 0
3 475 0 336 336 0
3 476 0 -1184 -1184 0
3 477 0 -1680 -1680 0
3 478 0 -112 -112 0
3 479 0 0 0 0
3 480 0 0 0 0
3 481 0 0 0 0
3 482 0 400 400 0
3 483 0 448 448 0
3 484 0 -1760 -1760 0
3 485 0 -704 -704 0
3 486 0 0 0 0
3 487 0 0 0 0
3 488 0 0 0 0
3 489 0 0 0 0
3 490 0 400 400 0
3 491 0 448 448 0
3 492 0 -1328 -1328 0
3 493 0 -1280 -1280 0
3 494 0 -1392 -1392 0
3 495 0 0 0 0
3 496 0 0 0 0
3 497 0 0 0 0
3 498 0 704 704 0
3 499 -304 -352 -352 0
3 500 800 -752 -752 0
3 501 0 -2256 -2256 0
3 502 0 -1504 -1504 0
3 503 0 0 0 0
3 504 0 0 0 0
3 505 0 0 0 0
3 506 0 272 272 0
3 507 432 528 528 0
3 508 -576 -592 -592 0
3 509 -1392 -1680 -1680 0
3 510 0 -112 -112 0
3 511 0 0 0 0
3 512 0 0 0 0
3 513 0 0 0 0
3 514 0 -432 -432 0
3 515 -432 -304 -304 0
3 516 -304 144 144 0
3 517 576 576 576 0
3 518 448 448 448 0
3 519 0 0 0 0
3 520 0 0 0 0
3 521 0 -432 -432 0
3 522 0 144 144 0
3 523 448 496 496 0
3 524 352 608 608 0
3 525 16 592 592 0
3 526 112 560 560 0
3 527 0 0 0 0
3 528 0 0 0 0
3 529 0 448 448 0
3 530 0 -656 -656 0
3 531 -576 -320 -320 0
3 532 -480 5 5 0
3 533 480 944 5 1
3 534 384 496 496 0
3 535 0 0 0 0
3 536 0 0 0 0
3 537 0 -576 -576 0
3 538 0 -464 -464 0
3 539 0 -48 -48 0
3 540 0 -443 -443 0
3 541 0 101 101 0
3 542 0 384 384 0
3 543 0 0 0 0
3 544 0 0 0 0
3 545 0 0 0 0
3 546 0 -560 -560 0
3 547 0 -432 -432 0
3 548 0 640 640 0
3 549 0 133 133 0
3 550 0 448 448 0
3 551 0 0 0 0
3 552 0 0 0 0
3 553 0 0 0 0
3 554 0 -560 -560 0
3 555 0 -432 -432 0
3 556 0 149 149 0
3 557 0 37 37 0
3 558 0 560 560 0
3 559 0 0 0 0
3 560 0 0 0 0
3 561 0 0 0 0
3 562 0 -128 -128 0
3 563 -432 -560 -560 0
3 564 128 496 496 0
3 565 448 944 5 1
3 566 0 496 496 0
3 567 0 0 0 0
3 568 0 0 0 0
3 569 0 0 0 0
3 570 0 -576 -576 0
3 571 448 -32 -32 0
3 572 -96 -192 -192 0
3 573 112 592 592 0
3 574 0 384 384 0
3 575 0 0 0 0
3 576 0 0 0 0
3 577 0 0 0 0
3 578 0 480 480 0
3 579 480 -336 -336 0
3 580 -336 -1488 -1488 0
3 581 -1968 -1968 -1968 0
3 582 -1152 -1152 -1152 0
3 583 0 0 0 0
3 584 0 0 0 0
3 585 0 480 480 0
3 586 0 -144 -144 0
3 587 192 -1008 -1008 0
3 588 480 -560 -560 0
3 589 736 -1232 -1232 0
3 590 448 -704 -704 0
3 591 0 0 0 0
3 592 0 0 0 0
3 593 0 192 192 0
3 594 0 784 784 0
3 595 -176 576 576 0
3 596 -16 -704 -704 0
3 597 512 96 96 0
3 598 352 800 800 0
3 599 0 0 0 0
3 600 0 0 0 0
3 601 0 -176 -176 0
3 602 0 656 656 0
3 603 0 480 480 0
3 604 0 -896 -896 0
3 605 0 -192 -192 0
3 606 0 352 352 0
3 607 0 0 0 0
3 608 0 0 0 0
3 609 0 0 0 0
3 610 0 496 496 0
3 611 0 128 128 0
3 612 0 -240 -240 0
3 613 0 -1168 -1168 0
3 614 0 -1152 -1152 0
3 615 0 0 0 0
3 616 0 0 0 0
3 617 0 0 0 0
3 618 0 496 496 0
3 619 0 128 128 0
3 620 0 -48 -48 0
3 621 0 -880 -880 0
3 622 0 -704 -704 0
3 623 0 0 0 0
3 624 0 0 0 0
3 625 0 0 0 0
3 626 0 16 16 0
3 627 480 944 5 1
3 628 -816 -491 -491 0
3 629 -1152 -843 -843 0
3 630 0 800 800 0
3 631 0 0 0 0
3 632 0 0 0 0
3 633 0 0 0 0
3 634 0 -176 -176 0
3 635 192 176 176 0
3 636 288 624 624 0
3 637 448 960 21 1
3 638 0 352 352 0
3 639 0 0 0 0
3 640 0 0 0 0
3 641 0 0 0 0
3 642 0 -1056 -1056 0
3 643 -1056 -1728 -1728 0
3 644 -1728 -3376 -3376 0
3 645 -2320 -2320 -2320 0
3 646 -1648 -1648 -1648 0
3 647 0 0 0 0
3 648 0 0 0 0
3 649 0 -1056 -1056 0
3 650 0 -3120 -3120 0
3 651 -1392 -6176 -6176 0
3 652 -2800 -6944 -6944 0
3 653 -2176 -4496 -4496 0
3 654 -768 -2416 -2416 0
3 655 0 0 0 0
3 656 0 0 0 0
3 657 0 -1392 -1392 0
3 658 0 -5472 -5472 0
3 659 -1616 -7872 -7872 0
3 660 -2576 -10192 -10192 0
3 661 -2688 -6512 -6512 0
3 662 -1728 -2496 -2496 0
3 663 0 0 0 0
3 664 0 0 0 0
3 665 0 -1616 -1616 0
3 666 0 -5024 -5024 0
3 667 0 -8832 -8832 0
3 668 0 -8800 -8800 0
3 669 0 -5104 -5104 0
3 670 0 -1728 -1728 0
3 671 0 0 0 0
3 672 0 0 0 0
3 673 0 0 0 0
3 674 0 -4064 -4064 0
3 675 0 -7104 -7104 0
3 676 0 -8240 -8240 0
3 677 0 -4816 -4816 0
3 678 0 -1648 -1648 0
3 679 0 0 0 0
3 680 0 0 0 0
3 681 0 0 0 0
3 682 0 -4064 -4064 0
3 683 0 -7104 -7104 0
3 684 0 -9632 -9632 0
3 685 0 -6224 -6224 0
3 686 0 -2416 -2416 0
3 687 0 0 0 0
3 688 0 0 0 0
3 689 0 0 0 0
3 690 0 -3008 -3008 0
3 691 -1056 -6432 -6432 0
3 692 -672 -8544 -8544 0
3 693 -1648 -6512 -6512 0
3 694 0 -2496 -2496 0
3 695 0 0 0 0
3 696 0 0 0 0
3 697 0 0 0 0
3 698 0 -1616 -1616 0
3 699 -1392 -3968 -3968 0
3 700 -1408 -5712 -5712 0
3 701 -768 -3456 -3456 0
3 702 0 -1728 -1728 0
3 703 0 0 0 0
3 704 0 0 0 0
3 705 0 0 0 0
3 706 0 496 496 0
3 707 496 1168 229 1
3 708 1168 944 5 1
3 709 448 448 448 0
3 710 -224 -224 -224 0
3 711 0 0 0 0
3 712 0 0 0 0
3 713 0 496 496 0
3 714 0 384 384 0
3 715 -784 -2171 -2171 0
3 716 -2176 -2027 -2027 0
3 717 -1248 -800 -800 0
3 718 144 -80 -80 0
3 719 0 0 0 0
3 720 0 0 0 0
3 721 0 -784 -784 0
3 722 0 -1104 -1104 0
3 723 576 -192 -192 0
3 724 672 -560 -560 0
3 725 448 -1024 -1024 0
3 726 352 496 496 0
3 727 0 0 0 0
3 728 0 0 0 0
3 729 0 576 576 0
3 730 0 384 384 0
3 731 0 16 16 0
3 732 0 -715 -715 0
3 733 0 368 368 0
3 734 0 352 352 0
3 735 0 0 0 0
3 736 0 0 0 0
3 737 0 0 0 0
3 738 0 288 288 0
3 739 0 -336 -336 0
3 740 0 144 144 0
3 741 0 5 5 0
3 742 0 -224 -224 0
3 743 0 0 0 0
3 744 0 0 0 0
3 745 0 0 0 0
3 746 0 288 288 0
3 747 0 -336 -336 0
3 748 0 -1579 -1579 0
3 749 0 -448 -448 0
3 750 0 -80 -80 0
3 751 0 0 0 0
3 752 0 0 0 0
3 753 0 0 0 0
3 754 0 -208 -208 0
3 755 496 -1008 -1008 0
3 756 672 -336 -336 0
3 757 -224 -1024 -1024 0
3 758 0 496 496 0
3 759 0 0 0 0
3 760 0 0 0 0
3 761 0 0 0 0
3 762 0 576 576 0
3 763 -784 -112 -112 0
3 764 -1392 -1307 -1307 0
3 765 144 592 592 0
3 766 0 352 352 0
3 767 0 0 0 0
3 768 0 0 0 0
3 769 0 0 0 0
3 770 0 -64 -64 0
3 771 -64 416 416 0
3 772 416 48 48 0
3 773 112 112 112 0
3 774 -368 -368 -368 0
3 775 0 0 0 0
3 776 0 0 0 0
3 777 0 -64 -64 0
3 778 0 -320 -320 0
3 779 -736 -272 -272 0
3 780 -320 208 208 0
3 781 896 1008 69 1
3 782 480 112 112 0
3 783 0 0 0 0
3 784 0 0 0 0
3 785 0 -736 -736 0
3 786 0 -800 -800 0
3 787 -416 53 53 0
3 788 416 320 320 0
3 789 464 992 53 1
3 790 -368 112 112 0
3 791 0 0 0 0
3 792 0 0 0 0
3 793 0 -416 -416 0
3 794 0 -384 -384 0
3 795 0 -795 -795 0
3 796 0 117 117 0
3 797 0 576 576 0
3 798 0 -368 -368 0
3 799 0 0 0 0
3 800 0 0 0 0
3 801 0 0 0 0
3 802 0 -1216 -1216 0
3 803 0 -427 -427 0
3 804 0 469 469 0
3 805 0 224 224 0
3 806 0 -368 -368 0
3 807 0 0 0 0
3 808 0 0 0 0
3 809 0 0 0 0
3 810 0 -1216 -1216 0
3 811 0 512 512 0
3 812 0 -267 -267 0
3 813 0 640 640 0
3 814 0 112 112 0
3 815 0 0 0 0
3 816 0 0 0 0
3 817 0 0 0 0
3 818 0 -1152 -1152 0
3 819 -64 32 32 0
3 820 480 688 688 0
3 821 -368 53 53 0
3 822 0 112 112 0
3 823 0 0 0 0
3 824 0 0 0 0
3 825 0 0 0 0
3 826 0 -416 -416 0
3 827 -736 -320 -320 0
3 828 416 464 464 0
3 829 480 944 5 1
3 830 0 -368 -368 0
3 831 0 0 0 0
3 832 0 0 0 0
3 833 0 0 0 0
3 834 0 480 480 0
3 835 480 1200 261 1
3 836 1200 1136 197 1
3 837 656 656 656 0
3 838 -64 -64 -64 0
3 839 0 0 0 0
3 840 0 0 0 0
3 841 0 480 480 0
3 842 0 5 5 0
3 843 -256 85 85 0
3 844 -112 725 725 0
3 845 784 1440 501 1
3 846 640 576 576 0
3 847 0 0 0 0
3 848 0 0 0 0
3 849 0 -256 -256 0
3 850 0 176 176 0
3 851 -192 69 69 0
3 852 -720 176 176 0
3 853 -816 -96 -96 0
3 854 -288 352 352 0
3 855 0 0 0 0
3 856 0 0 0 0
3 857 0 -192 -192 0
3 858 0 -496 -496 0
3 859 0 80 80 0
3 860 0 432 432 0
3 861 0 -240 -240 0
3 862 0 -288 -288 0
3 863 0 0 0 0
3 864 0 0 0 0
3 865 0 0 0 0
3 866 0 32 32 0
3 867 0 368 368 0
3 868 0 165 165 0
3 869 0 69 69 0
3 870 0 -64 -64 0
3 871 0 0 0 0
3 872 0 0 0 0
3 873 0 0 0 0
3 874 0 32 32 0
3 875 0 368 368 0
3 876 0 848 848 0
3 877 0 213 213 0
3 878 0 576 576 0
3 879 0 0 0 0
3 880 0 0 0 0
3 881 0 0 0 0
3 882 0 -448 -448 0
3 883 480 -352 -352 0
3 884 720 240 240 0
3 885 -64 -96 -96 0
3 886 0 352 352 0
3 887 0 0 0 0
3 888 0 0 0 0
3 889 0 0 0 0
3 890 0 -192 -192 0
3 891 -256 -976 -976 0
3 892 144 -864 -864 0
3 893 640 -176 -176 0
3 894 0 -288 -288 0
3 895 0 0 0 0
3 896 0 0 0 0
3 897 0 0 0 0
3 898 0 160 160 0
3 899 160 336 336 0
3 900 336 96 96 0
3 901 -64 -64 -64 0
3 902 -240 -240 -240 0
3 903 0 0 0 0
3 904 0 0 0 0
3 905 0 160 160 0
3 906 0 224 224 0
3 907 -112 -720 -720 0
3 908 -816 -192 -192 0
3 909 -176 -240 -240 0
3 910 528 288 288 0
3 911 0 0 0 0
3 912 0 0 0 0
3 913 0 -112 -112 0
3 914 0 -416 -416 0
3 915 240 944 5 1
3 916 896 64 64 0
3 917 176 -240 -240 0
3 918 -480 48 48 0
3 919 0 0 0 0
3 920 0 0 0 0
3 921 0 240 240 0
3 922 0 5 5 0
3 923 0 -64 -64 0
3 924 0 176 176 0
3 925 0 464 464 0
3 926 0 -480 -480 0
3 927 0 0 0 0
3 928 0 0 0 0
3 929 0 0 0 0
3 930 0 288 288 0
3 931 0 416 416 0
3 932 0 96 96 0
3 933 0 -16 -16 0
3 934 0 -240 -240 0
3 935 0 0 0 0
3 936 0 0 0 0
3 937 0 0 0 0
3 938 0 288 288 0
3 939 0 416 416 0
3 940 0 -16 -16 0
3 941 0 -720 -720 0
3 942 0 288 288 0
3 943 0 0 0 0
3 944 0 0 0 0
3 945 0 0 0 0
3 946 0 128 128 0
3 947 160 240 240 0
3 948 176 304 304 0
3 949 -240 -240 -240 0
3 950 0 48 48 0
3 951 0 0 0 0
3 952 0 0 0 0
3 953 0 0 0 0
3 954 0 240 240 0
3 955 -112 784 784 0
3 956 -704 -288 -288 0
3 957 528 704 704 0
3 958 0 -480 -480 0
3 959 0 0 0 0
3 960 0 0 0 0
3 961 0 0 0 0
3 962 0 -1040 -1040 0
3 963 -1040 -2560 -2560 0
3 964 -2560 -4320 -4320 0
3 965 -3280 -3280 -3280 0
3 966 -1760 -1760 -1760 0
3 967 0 0 0 0
3 968 0 0 0 0
3 969 0 -1040 -1040 0
3 970 0 -3728 -3728 0
3 971 -1168 -7024 -7024 0
3 972 -2704 -7968 -7968 0
3 973 -2480 -5760 -5760 0
3 974 -944 -2704 -2704 0
3 975 0 0 0 0
3 976 0 0 0 0
3 977 0 -1168 -1168 0
3 978 0 -4752 -4752 0
3 979 -1008 -8240 -8240 0
3 980 -2032 -10560 -10560 0
3 981 -2624 -6864 -6864 0
3 982 -1600 -2544 -2544 0
3 983 0 0 0 0
3 984 0 0 0 0
3 985 0 -1008 -1008 0
3 986 0 -4240 -4240 0
3 987 0 -8896 -8896 0
3 988 0 -9392 -9392 0
3 989 0 -5328 -5328 0
3 990 0 -1600 -1600 0
3 991 0 0 0 0
3 992 0 0 0 0
3 993 0 0 0 0
3 994 0 -3216 -3216 0
3 995 0 -7296 -7296 0
3 996 0 -9424 -9424 0
3 997 0 -5824 -5824 0
3 998 0 -1760 -1760 0
3 999 0 0 0 0
3 1000 0 0 0 0
3 1001 0 0 0 0
3 1002 0 -3216 -3216 0
3 1003 0 -7296 -7296 0
3 1004 0 -10592 -10592 0
3 1005 0 -7360 -7360 0
3 1006 0 -2704 -2704 0
3 1007 0 0 0 0
3 1008 0 0 0 0
3 1009 0 0 0 0
3 1010 0 -2176 -2176 0
3 1011 -1040 -5776 -5776 0
3 1012 -1520 -8800 -8800 0
3 1013 -1760 -6864 -6864 0
3 1014 0 -2544 -2544 0
3 1015 0 0 0 0
3 1016 0 0 0 0
3 1017 0 0 0 0
3 1018 0 -1008 -1008 0
3 1019 -1168 -3200 -3200 0
3 1020 -1536 -5168 -5168 0
3 1021 -944 -3568 -3568 0
3 1022 0 -1600 -1600 0
3 1023 0 0 0 0
4 0 0 0 0 0
4 1 0 0 0 0
4 2 0 0 0 0
4 3 0 0 0 0
4 4 0 0 0 0
4 5 0 0 0 0
4 6 0 0 0 0
4 7 0 0 0 0
4 8 0 0 0 0
4 9 0 0 0 0
4 10 0 0 0 0
4 11 -1824 -1824 -1824 0
4 12 -3104 -3104 -3104 0
4 13 -1936 -1936 -1936 0
4 14 -656 -656 -656 0
4 15 0 0 0 0
4 16 0 0 0 0
4 17 0 0 0 0
4 18 0 0 0 0
4 19 -608 -608 -608 0
4 20 -1456 -1456 -1456 0
4 21 -2384 -2384 -2384 0
4 22 -1536 -1536 -1536 0
4 23 0 0 0 0
4 24 0 0 0 0
4 25 0 0 0 0
4 26 0 0 0 0
4 27 -1264 -1264 -1264 0
4 28 -2032 -2032 -2032 0
4 29 -1664 -1664 -1664 0
4 30 -896 -896 -896 0
4 31 0 0 0 0
4 32 0 0 0 0
4 33 0 0 0 0
4 34 0 0 0 0
4 35 0 0 0 0
4 36 0 0 0 0
4 37 0 0 0 0
4 38 0 0 0 0
4 39 0 0 0 0
4 40 0 0 0 0
4 41 0 0 0 0
4 42 0 0 0 0
4 43 0 0 0 0
4 44 0 0 0 0
4 45 0 0 0 0
4 46 0 0 0 0
4 47 0 0 0 0
4 48 0 0 0 0
4 49 0 0 0 0
4 50 0 0 0 0
4 51 0 0 0 0
4 52 0 0 0 0
4 53 0 0 0 0
4 54 0 0 0 0
4 55 0 0 0 0
4 56 0 0 0 0
4 57 0 0 0 0
4 58 0 0 0 0
4 59 0 0 0 0
4 60 0 0 0 0
4 61 0 0 0 0
4 62 0 0 0 0
4 63 0 0 0 0
4 64 0 0 0 0
4 65 0 0 0 0
4 66 0 0 0 0
4 67 0 0 0 0
4 68 0 0 0 0
4 69 0 0 0 0
4 70 0 0 0 0
4 71 0 0 0 0
4 72 0 0 0 0
4 73 0 0 0 0
4 74 0 0 0 0
4 75 -1456 -1456 -1456 0
4 76 -2256 -2256 -2256 0
4 77 -2016 -2016 -2016 0
4 78 -1216 -1216 -1216 0
4 79 0 0 0 0
4 80 0 0 0 0
4 81 0 0 0 0
4 82 0 0 0 0
4 83 560 560 560 0
4 84 816 816 816 0
4 85 800 800 800 0
4 86 544 544 544 0
4 87 0 0 0 0
4 88 0 0 0 0
4 89 0 0 0 0
4 90 0 0 0 0
4 91 256 256 256 0
4 92 384 384 384 0
4 93 -304 -304 -304 0
4 94 -432 -432 -432 0
4 95 0 0 0 0
4 96 0 0 0 0
4 97 0 0 0 0
4 98 0 0 0 0
4 99 0 0 0 0
4 100 0 0 0 0
4 101 0 0 0 0
4 102 0 0 0 0
4 103 0 0 0 0
4 104 0 0 0 0
4 105 0 0 0 0
4 106 0 0 0 0
4 107 0 0 0 0
4 108 0 0 0 0
4 109 0 0 0 0
4 110 0 0 0 0
4 111 0 0 0 0
4 112 0 0 0 0
4 113 0 0 0 0
4 114 0 0 0 0
4 115 0 0 0 0
4 116 0 0 0 0
4 117 0 0 0 0
4 118 0 0 0 0
4 119 0 0 0 0
4 120 0 0 0 0
4 121 0 0 0 0
4 122 0 0 0 0
4 123 0 0 0 0
4 124 0 0 0 0
4 125 0 0 0 0
4 126 0 0 0 0
4 127 0 0 0 0
4 128 0 0 0 0
4 129 0 0 0 0
4 130 0 0 0 0
4 131 0 0 0 0
4 132 0 0 0 0
4 133 0 0 0 0
4 134 0 0 0 0
4 135 0 0 0 0
4 136 0 0 0 0
4 137 0 0 0 0
4 138 0 0 0 0
4 139 -1056 -1056 -1056 0
4 140 -672 -672 -672 0
4 141 448 448 448 0
4 142 64 64 64 0
4 143 0 0 0 0
4 144 0 0 0 0
4 145 0 0 0 0
4 146 0 0 0 0
4 147 -64 -64 -64 0
4 148 480 480 480 0
4 149 -720 -720 -720 0
4 150 -1264 -1264 -1264 0
4 151 0 0 0 0
4 152 0 0 0 0
4 153 0 0 0 0
4 154 0 0 0 0
4 155 -1344 -1344 -1344 0
4 156 -960 -960 -960 0
4 157 448 448 448 0
4 158 64 64 64 0
4 159 0 0 0 0
4 160 0 0 0 0
4 161 0 0 0 0
4 162 0 0 0 0
4 163 0 0 0 0
4 164 0 0 0 0
4 165 0 0 0 0
4 166 0 0 0 0
4 167 0 0 0 0
4 168 0 0 0 0
4 169 0 0 0 0
4 170 0 0 0 0
4 171 0 0 0 0
4 172 0 0 0 0
4 173 0 0 0 0
4 174 0 0 0 0
4 175 0 0 0 0
4 176 0 0 0 0
4 177 0 0 0 0
4 178 0 0 0 0
4 179 0 0 0 0
4 180 0 0 0 0
4 181 0 0 0 0
4 182 0 0 0 0
4 183 0 0 0 0
4 184 0 0 0 0
4 185 0 0 0 0
4 186 0 0 0 0
4 187 0 0 0 0
4 188 0 0 0 0
4 189 0 0 0 0
4 190 0 0 0 0
4 191 0 0 0 0
4 192 0 0 0 0
4 193 0 0 0 0
4 194 0 0 0 0
4 195 0 0 0 0
4 196 0 0 0 0
4 197 0 0 0 0
4 198 0 0 0 0
4 199 0 0 0 0
4 200 0 0 0 0
4 201 0 0 0 0
4 202 0 0 0 0
4 203 144 144 144 0
4 204 -608 -608 -608 0
4 205 -576 -576 -576 0
4 206 176 176 176 0
4 207 0 0 0 0
4 208 0 0 0 0
4 209 0 0 0 0
4 210 0 0 0 0
4 211 496 496 496 0
4 212 336 336 336 0
4 213 0 0 0 0
4 214 160 160 160 0
4 215 0 0 0 0
4 216 0 0 0 0
4 217 0 0 0 0
4 218 0 0 0 0
4 219 224 224 224 0
4 220 576 576 576 0
4 221 384 384 384 0
4 222 32 32 32 0
4 223 0 0 0 0
4 224 0 0 0 0
4 225 0 0 0 0
4 226 0 0 0 0
4 227 0 0 0 0
4 228 0 0 0 0
4 229 0 0 0 0
4 230 0 0 0 0
4 231 0 0 0 0
4 232 0 0 0 0
4 233 0 0 0 0
4 234 0 0 0 0
4 235 0 0 0 0
4 236 0 0 0 0
4 237 0 0 0 0
4 238 0 0 0 0
4 239 0 0 0 0
4 240 0 0 0 0
4 241 0 0 0 0
4 242 0 0 0 0
4 243 0 0 0 0
4 244 0 0 0 0
4 245 0 0 0 0
4 246 0 0 0 0
4 247 0 0 0 0
4 248 0 0 0 0
4 249 0 0 0 0
4 250 0 0 0 0
4 251 0 0 0 0
4 252 0 0 0 0
4 253 0 0 0 0
4 254 0 0 0 0
4 255 0 0 0 0
4 256 0 0 0 0
4 257 0 0 0 0
4 258 0 0 0 0
4 259 0 0 0 0
4 260 0 0 0 0
4 261 0 0 0 0
4 262 0 0 0 0
4 263 0 0 0 0
4 264 0 0 0 0
4 265 0 0 0 0
4 266 0 0 0 0
4 267 -1216 -1216 -1216 0
4 268 -2880 -2880 -2880 0
4 269 -3408 -3408 -3408 0
4 270 -1744 -1744 -1744 0
4 271 0 0 0 0
4 272 0 0 0 0
4 273 0 0 0 0
4 274 0 0 0 0
4 275 -1168 -1168 -1168 0
4 276 -2944 -2944 -2944 0
4 277 -3696 -3696 -3696 0
4 278 -1920 -1920 -1920 0
4 279 0 0 0 0
4 280 0 0 0 0
4 281 0 0 0 0
4 282 0 0 0 0
4 283 -2032 -2032 -2032 0
4 284 -3856 -3856 -3856 0
4 285 -3744 -3744 -3744 0
4 286 -1920 -1920 -1920 0
4 287 0 0 0 0
4 288 0 0 0 0
4 289 0 0 0 0
4 290 0 0 0 0
4 291 0 0 0 0
4 292 0 0 0 0
4 293 0 0 0 0
4 294 0 0 0 0
4 295 0 0 0 0
4 296 0 0 0 0
4 297 0 0 0 0
4 298 0 0 0 0
4 299 0 0 0 0
4 300 0 0 0 0
4 301 0 0 0 0
4 302 0 0 0 0
4 303 0 0 0 0
4 304 0 0 0 0
4 305 0 0 0 0
4 306 0 0 0 0
4 307 0 0 0 0
4 308 0 0 0 0
4 309 0 0 0 0
4 310 0 0 0 0
4 311 0 0 0 0
4 312 0 0 0 0
4 313 0 0 0 0
4 314 0 0 0 0
4 315 0 0 0 0
4 316 0 0 0 0
4 317 0 0 0 0
4 318 0 0 0 0
4 319 0 0 0 0
4 320 0 0 0 0
4 321 0 0 0 0
4 322 0 0 0 0
4 323 0 0 0 0
4 324 0 0 0 0
4 325 0 0 0 0
4 326 0 0 0 0
4 327 0 0 0 0
4 328 0 0 0 0
4 329 0 0 0 0
4 330 0 0 0 0
4 331 -128 -128 -128 0
4 332 -944 -944 -944 0
4 333 -1056 -1056 -1056 0
4 334 -240 -240 -240 0
4 335 0 0 0 0
4 336 0 0 0 0
4 337 0 0 0 0
4 338 0 0 0 0
4 339 608 608 608 0
4 340 1328 1328 389 1
4 341 1520 1520 581 1
4 342 800 800 800 0
4 343 0 0 0 0
4 344 0 0 0 0
4 345 0 0 0 0
4 346 0 0 0 0
4 347 -192 -192 -192 0
4 348 -848 -848 -848 0
4 349 -384 -384 -384 0
4 350 272 272 272 0
4 351 0 0 0 0
4 352 0 0 0 0
4 353 0 0 0 0
4 354 0 0 0 0
4 355 0 0 0 0
4 356 0 0 0 0
4 357 0 0 0 0
4 358 0 0 0 0
4 359 0 0 0 0
4 360 0 0 0 0
4 361 0 0 0 0
4 362 0 0 0 0
4 363 0 0 0 0
4 364 0 0 0 0
4 365 0 0 0 0
4 366 0 0 0 0
4 367 0 0 0 0
4 368 0 0 0 0
4 369 0 0 0 0
4 370 0 0 0 0
4 371 0 0 0 0
4 372 0 0 0 0
4 373 0 0 0 0
4 374 0 0 0 0
4 375 0 0 0 0
4 376 0 0 0 0
4 377 0 0 0 0
4 378 0 0 0 0
4 379 0 0 0 0
4 380 0 0 0 0
4 381 0 0 0 0
4 382 0 0 0 0
4 383 0 0 0 0
4 384 0 0 0 0
4 385 0 0 0 0
4 386 0 0 0 0
4 387 0 0 0 0
4 388 0 0 0 0
4 389 0 0 0 0
4 390 0 0 0 0
4 391 0 0 0 0
4 392 0 0 0 0
4 393 0 0 0 0
4 394 0 0 0 0
4 395 224 224 224 0
4 396 64 64 64 0
4 397 -1504 -1504 -1504 0
4 398 -1344 -1344 -1344 0
4 399 0 0 0 0
4 400 0 0 0 0
4 401 0 0 0 0
4 402 0 0 0 0
4 403 -144 -144 -144 0
4 404 640 640 640 0
4 405 544 544 544 0
4 406 -240 -240 -240 0
4 407 0 0 0 0
4 408 0 0 0 0
4 409 0 0 0 0
4 410 0 0 0 0
4 411 -272 -272 -272 0
4 412 304 304 304 0
4 413 64 64 64 0
4 414 -512 -512 -512 0
4 415 0 0 0 0
4 416 0 0 0 0
4 417 0 0 0 0
4 418 0 0 0 0
4 419 0 0 0 0
4 420 0 0 0 0
4 421 0 0 0 0
4 422 0 0 0 0
4 423 0 0 0 0
4 424 0 0 0 0
4 425 0 0 0 0
4 426 0 0 0 0
4 427 0 0 0 0
4 428 0 0 0 0
4 429 0 0 0 0
4 430 0 0 0 0
4 431 0 0 0 0
4 432 0 0 0 0
4 433 0 0 0 0
4 434 0 0 0 0
4 435 0 0 0 0
4 436 0 0 0 0
4 437 0 0 0 0
4 438 0 0 0 0
4 439 0 0 0 0
4 440 0 0 0 0
4 441 0 0 0 0
4 442 0 0 0 0
4 443 0 0 0 0
4 444 0 0 0 0
4 445 0 0 0 0
4 446 0 0 0 0
4 447 0 0 0 0
4 448 0 0 0 0
4 449 0 0 0 0
4 450 0 0 0 0
4 451 0 0 0 0
4 452 0 0 0 0
4 453 0 0 0 0
4 454 0 0 0 0
4 455 0 0 0 0
4 456 0 0 0 0
4 457 0 0 0 0
4 458 0 0 0 0
4 459 -304 -304 -304 0
4 460 496 496 496 0
4 461 800 800 800 0
4 462 0 0 0 0
4 463 0 0 0 0
4 464 0 0 0 0
4 465 0 0 0 0
4 466 0 0 0 0
4 467 432 432 432 0
4 468 -144 -144 -144 0
4 469 -1968 -1968 -1968 0
4 470 -1392 -1392 -1392 0
4 471 0 0 0 0
4 472 0 0 0 0
4 473 0 0 0 0
4 474 0 0 0 0
4 475 272 272 272 0
4 476 96 96 96 0
4 477 -288 -288 -288 0
4 478 -112 -112 -112 0
4 479 0 0 0 0
4 480 0 0 0 0
4 481 0 0 0 0
4 482 0 0 0 0
4 483 0 0 0 0
4 484 0 0 0 0
4 485 0 0 0 0
4 486 0 0 0 0
4 487 0 0 0 0
4 488 0 0 0 0
4 489 0 0 0 0
4 490 0 0 0 0
4 491 0 0 0 0
4 492 0 0 0 0
4 493 0 0 0 0
4 494 0 0 0 0
4 495 0 0 0 0
4 496 0 0 0 0
4 497 0 0 0 0
4 498 0 0 0 0
4 499 0 0 0 0
4 500 0 0 0 0
4 501 0 0 0 0
4 502 0 0 0 0
4 503 0 0 0 0
4 504 0 0 0 0
4 505 0 0 0 0
4 506 0 0 0 0
4 507 0 0 0 0
4 508 0 0 0 0
4 509 0 0 0 0
4 510 0 0 0 0
4 511 0 0 0 0
4 512 0 0 0 0
4 513 0 0 0 0
4 514 0 0 0 0
4 515 0 0 0 0
4 516 0 0 0 0
4 517 0 0 0 0
4 518 0 0 0 0
4 519 0 0 0 0
4 520 0 0 0 0
4 521 0 0 0 0
4 522 0 0 0 0
4 523 -432 -432 -432 0
4 524 -304 -304 -304 0
4 525 576 576 576 0
4 526 448 448 448 0
4 527 0 0 0 0
4 528 0 0 0 0
4 529 0 0 0 0
4 530 0 0 0 0
4 531 448 448 448 0
4 532 352 352 352 0
4 533 16 16 16 0
4 534 112 112 112 0
4 535 0 0 0 0
4 536 0 0 0 0
4 537 0 0 0 0
4 538 0 0 0 0
4 539 -576 -576 -576 0
4 540 -480 -480 -480 0
4 541 480 480 480 0
4 542 384 384 384 0
4 543 0 0 0 0
4 544 0 0 0 0
4 545 0 0 0 0
4 546 0 0 0 0
4 547 0 0 0 0
4 548 0 0 0 0
4 549 0 0 0 0
4 550 0 0 0 0
4 551 0 0 0 0
4 552 0 0 0 0
4 553 0 0 0 0
4 554 0 0 0 0
4 555 0 0 0 0
4 556 0 0 0 0
4 557 0 0 0 0
4 558 0 0 0 0
4 559 0 0 0 0
4 560 0 0 0 0
4 561 0 0 0 0
4 562 0 0 0 0
4 563 0 0 0 0
4 564 0 0 0 0
4 565 0 0 0 0
4 566 0 0 0 0
4 567 0 0 0 0
4 568 0 0 0 0
4 569 0 0 0 0
4 570 0 0 0 0
4 571 0 0 0 0
4 572 0 0 0 0
4 573 0 0 0 0
4 574 0 0 0 0
4 575 0 0 0 0
4 576 0 0 0 0
4 577 0 0 0 0
4 578 0 0 0 0
4 579 0 0 0 0
4 580 0 0 0 0
4 581 0 0 0 0
4 582 0 0 0 0
4 583 0 0 0 0
4 584 0 0 0 0
4 585 0 0 0 0
4 586 0 0 0 0
4 587 480 480 480 0
4 588 -336 -336 -336 0
4 589 -1968 -1968 -1968 0
4 590 -1152 -1152 -1152 0
4 591 0 0 0 0
4 592 0 0 0 0
4 593 0 0 0 0
4 594 0 0 0 0
4 595 192 192 192 0
4 596 480 480 480 0
4 597 736 736 736 0
4 598 448 448 448 0
4 599 0 0 0 0
4 600 0 0 0 0
4 601 0 0 0 0
4 602 0 0 0 0
4 603 -176 -176 -176 0
4 604 -16 -16 -16 0
4 605 512 512 512 0
4 606 352 352 352 0
4 607 0 0 0 0
4 608 0 0 0 0
4 609 0 0 0 0
4 610 0 0 0 0
4 611 0 0 0 0
4 612 0 0 0 0
4 613 0 0 0 0
4 614 0 0 0 0
4 615 0 0 0 0
4 616 0 0 0 0
4 617 0 0 0 0
4 618 0 0 0 0
4 619 0 0 0 0
4 620 0 0 0 0
4 621 0 0 0 0
4 622 0 0 0 0
4 623 0 0 0 0
4 624 0 0 0 0
4 625 0 0 0 0
4 626 0 0 0 0
4 627 0 0 0 0
4 628 0 0 0 0
4 629 0 0 0 0
4 630 0 0 0 0
4 631 0 0 0 0
4 632 0 0 0 0
4 633 0 0 0 0
4 634 0 0 0 0
4 635 0 0 0 0
4 636 0 0 0 0
4 637 0 0 0 0
4 638 0 0 0 0
4 639 0 0 0 0
4 640 0 0 0 0
4 641 0 0 0 0
4 642 0 0 0 0
4 643 0 0 0 0
4 644 0 0 0 0
4 645 0 0 0 0
4 646 0 0 0 0
4 647 0 0 0 0
4 648 0 0 0 0
4 649 0 0 0 0
4 650 0 0 0 0
4 651 -1056 -1056 -1056 0
4 652 -1728 -1728 -1728 0
4 653 -2320 -2320 -2320 0
4 654 -1648 -1648 -1648 0
4 655 0 0 0 0
4 656 0 0 0 0
4 657 0 0 0 0
4 658 0 0 0 0
4 659 -1392 -1392 -1392 0
4 660 -2800 -2800 -2800 0
4 661 -2176 -2176 -2176 0
4 662 -768 -768 -768 0
4 663 0 0 0 0
4 664 0 0 0 0
4 665 0 0 0 0
4 666 0 0 0 0
4 667 -1616 -1616 -1616 0
4 668 -2576 -2576 -2576 0
4 669 -2688 -2688 -2688 0
4 670 -1728 -1728 -1728 0
4 671 0 0 0 0
4 672 0 0 0 0
4 673 0 0 0 0
4 674 0 0 0 0
4 675 0 0 0 0
4 676 0 0 0 0
4 677 0 0 0 0
4 678 0 0 0 0
4 679 0 0 0 0
4 680 0 0 0 0
4 681 0 0 0 0
4 682 0 0 0 0
4 683 0 0 0 0
4 684 0 0 0 0
4 685 0 0 0 0
4 686 0 0 0 0
4 687 0 0 0 0
4 688 0 0 0 0
4 689 0 0 0 0
4 690 0 0 0 0
4 691 0 0 0 0
4 692 0 0 0 0
4 693 0 0 0 0
4 694 0 0 0 0
4 695 0 0 0 0
4 696 0 0 0 0
4 697 0 0 0 0
4 698 0 0 0 0
4 699 0 0 0 0
4 700 0 0 0 0
4 701 0 0 0 0
4 702 0 0 0 0
4 703 0 0 0 0
4 704 0 0 0 0
4 705 0 0 0 0
4 706 0 0 0 0
4 707 0 0 0 0
4 708 0 0 0 0
4 709 0 0 0 0
4 710 0 0 0 0
4 711 0 0 0 0
4 712 0 0 0 0
4 713 0 0 0 0
4 714 0 0 0 0
4 715 496 496 496 0
4 716 1168 1168 229 1
4 717 448 448 448 0
4 718 -224 -224 -224 0
4 719 0 0 0 0
4 720 0 0 0 0
4 721 0 0 0 0
4 722 0 0 0 0
4 723 -784 -784 -784 0
4 724 -2176 -2176 -2176 0
4 725 -1248 -1248 -1248 0
4 726 144 144 144 0
4 727 0 0 0 0
4 728 0 0 0 0
4 729 0 0 0 0
4 730 0 0 0 0
4 731 576 576 576 0
4 732 672 672 672 0
4 733 448 448 448 0
4 734 352 352 352 0
4 735 0 0 0 0
4 736 0 0 0 0
4 737 0 0 0 0
4 738 0 0 0 0
4 739 0 0 0 0
4 740 0 0 0 0
4 741 0 0 0 0
4 742 0 0 0 0
4 743 0 0 0 0
4 744 0 0 0 0
4 745 0 0 0 0
4 746 0 0 0 0
4 747 0 0 0 0
4 748 0 0 0 0
4 749 0 0 0 0
4 750 0 0 0 0
4 751 0 0 0 0
4 752 0 0 0 0
4 753 0 0 0 0
4 754 0 0 0 0
4 755 0 0 0 0
4 756 0 0 0 0
4 757 0 0 0 0
4 758 0 0 0 0
4 759 0 0 0 0
4 760 0 0 0 0
4 761 0 0 0 0
4 762 0 0 0 0
4 763 0 0 0 0
4 764 0 0 0 0
4 765 0 0 0 0
4 766 0 0 0 0
4 767 0 0 0 0
4 768 0 0 0 0
4 769 0 0 0 0
4 770 0 0 0 0
4 771 0 0 0 0
4 772 0 0 0 0
4 773 0 0 0 0
4 774 0 0 0 0
4 775 0 0 0 0
4 776 0 0 0 0
4 777 0 0 0 0
4 778 0 0 0 0
4 779 -64 -64 -64 0
4 780 416 416 416 0
4 781 112 112 112 0
4 782 -368 -368 -368 0
4 783 0 0 0 0
4 784 0 0 0 0
4 785 0 0 0 0
4 786 0 0 0 0
4 787 -736 -736 -736 0
4 788 -320 -320 -320 0
4 789 896 896 896 0
4 790 480 480 480 0
4 791 0 0 0 0
4 792 0 0 0 0
4 793 0 0 0 0
4 794 0 0 0 0
4 795 -416 -416 -416 0
4 796 416 416 416 0
4 797 464 464 464 0
4 798 -368 -368 -368 0
4 799 0 0 0 0
4 800 0 0 0 0
4 801 0 0 0 0
4 802 0 0 0 0
4 803 0 0 0 0
4 804 0 0 0 0
4 805 0 0 0 0
4 806 0 0 0 0
4 807 0 0 0 0
4 808 0 0 0 0
4 809 0 0 0 0
4 810 0 0 0 0
4 811 0 0 0 0
4 812 0 0 0 0
4 813 0 0 0 0
4 814 0 0 0 0
4 815 0 0 0 0
4 816 0 0 0 0
4 817 0 0 0 0
4 818 0 0 0 0
4 819 0 0 0 0
4 820 0 0 0 0
4 821 0 0 0 0
4 822 0 0 0 0
4 823 0 0 0 0
4 824 0 0 0 0
4 825 0 0 0 0
4 826 0 0 0 0
4 827 0 0 0 0
4 828 0 0 0 0
4 829 0 0 0 0
4 830 0 0 0 0
4 831 0 0 0 0
4 832 0 0 0 0
4 833 0 0 0 0
4 834 0 0 0 0
4 835 0 0 0 0
4 836 0 0 0 0
4 837 0 0 0 0
4 838 0 0 0 0
4 839 0 0 0 0
4 840 0 0 0 0
4 841 0 0 0 0
4 842 0 0 0 0
4 843 480 480 480 0
4 844 1200 1200 261 1
4 845 656 656 656 0
4 846 -64 -64 -64 0
4 847 0 0 0 0
4 848 0 0 0 0
4 849 0 0 0 0
4 850 0 0 0 0
4 851 -256 -256 -256 0
4 852 -112 -112 -112 0
4 853 784 784 784 0
4 854 640 640 640 0
4 855 0 0 0 0
4 856 0 0 0 0
4 857 0 0 0 0
4 858 0 0 0 0
4 859 -192 -192 -192 0
4 860 -720 -720 -720 0
4 861 -816 -816 -816 0
4 862 -288 -288 -288 0
4 863 0 0 0 0
4 864 0 0 0 0
4 865 0 0 0 0
4 866 0 0 0 0
4 867 0 0 0 0
4 868 0 0 0 0
4 869 0 0 0 0
4 870 0 0 0 0
4 871 0 0 0 0
4 872 0 0 0 0
4 873 0 0 0 0
4 874 0 0 0 0
4 875 0 0 0 0
4 876 0 0 0 0
4 877 0 0 0 0
4 878 0 0 0 0
4 879 0 0 0 0
4 880 0 0 0 0
4 881 0 0 0 0
4 882 0 0 0 0
4 883 0 0 0 0
4 884 0 0 0 0
4 885 0 0 0 0
4 886 0 0 0 0
4 887 0 0 0 0
4 888 0 0 0 0
4 889 0 0 0 0
4 890 0 0 0 0
4 891 0 0 0 0
4 892 0 0 0 0
4 893 0 0 0 0
4 894 0 0 0 0
4 895 0 0 0 0
4 896 0 0 0 0
4 897 0 0 0 0
4 898 0 0 0 0
4 899 0 0 0 0
4 900 0 0 0 0
4 901 0 0 0 0
4 902 0 0 0 0
4 903 0 0 0 0
4 904 0 0 0 0
4 905 0 0 0 0
4 906 0 0 0 0
4 907 160 160 160 0
4 908 336 336 336 0
4 909 -64 -64 -64 0
4 910 -240 -240 -240 0
4 911 0 0 0 0
4 912 0 0 0 0
4 913 0 0 0 0
4 914 0 0 0 0
4 915 -112 -112 -112 0
4 916 -816 -816 -816 0
4 917 -176 -176 -176 0
4 918 528 528 528 0
4 919 0 0 0 0
4 920 0 0 0 0
4 921 0 0 0 0
4 922 0 0 0 0
4 923 240 240 240 0
4 924 896 896 896 0
4 925 176 176 176 0
4 926 -480 -480 -480 0
4 927 0 0 0 0
4 928 0 0 0 0
4 929 0 0 0 0
4 930 0 0 0 0
4 931 0 0 0 0
4 932 0 0 0 0
4 933 0 0 0 0
4 934 0 0 0 0
4 935 0 0 0 0
4 936 0 0 0 0
4 937 0 0 0 0
4 938 0 0 0 0
4 939 0 0 0 0
4 940 0 0 0 0
4 941 0 0 0 0
4 942 0 0 0 0
4 943 0 0 0 0
4 944 0 0 0 0
4 945 0 0 0 0
4 946 0 0 0 0
4 947 0 0 0 0
4 948 0 0 0 0
4 949 0 0 0 0
4 950 0 0 0 0
4 951 0 0 0 0
4 952 0 0 0 0
4 953 0 0 0 0
4 954 0 0 0 0
4 955 0 0 0 0
4 956 0 0 0 0
4 957 0 0 0 0
4 958 0 0 0 0
4 959 0 0 0 0
4 960 0 0 0 0
4 961 0 0 0 0
4 962 0 0 0 0
4 963 0 0 0 0
4 964 0 0 0 0
4 965 0 0 0 0
4 966 0 0 0 0
4 967 0 0 0 0
4 968 0 0 0 0
4 969 0 0 0 0
4 970 0 0 0 0
4 971 -1040 -1040 -1040 0
4 972 -2560 -2560 -2560 0
4 973 -3280 -3280 -3280 0
4 974 -1760 -1760 -1760 0
4 975 0 0 0 0
4 976 0 0 0 0
4 977 0 0 0 0
4 978 0 0 0 0
4 979 -1168 -1168 -1168 0
4 980 -2704 -2704 -2704 0
4 981 -2480 -2480 -2480 0
4 982 -944 -944 -944 0
4 983 0 0 0 0
4 984 0 0 0 0
4 985 0 0 0 0
4 986 0 0 0 0
4 987 -1008 -1008 -1008 0
4 988 -2032 -2032 -2032 0
4 989 -2624 -2624 -2624 0
4 990 -1600 -1600 -1600 0
4 991 0 0 0 0
4 992 0 0 0 0
4 993 0 0 0 0
4 994 0 0 0 0
4 995 0 0 0 0
4 996 0 0 0 0
4 997 0 0 0 0
4 998 0 0 0 0
4 999 0 0 0 0
4 1000 0 0 0 0
4 1001 0 0 0 0
4 1002 0 0 0 0
4 1003 0 0 0 0
4 1004 0 0 0 0
4 1005 0 0 0 0
4 1006 0 0 0 0
4 1007 0 0 0 0
4 1008 0 0 0 0
4 1009 0 0 0 0
4 1010 0 0 0 0
4 1011 0 0 0 0
4 1012 0 0 0 0
4 1013 0 0 0 0
4 1014 0 0 0 0
4 1015 0 0 0 0
4 1016 0 0 0 0
4 1017 0 0 0 0
4 1018 0 0 0 0
4 1019 0 0 0 0
4 1020 0 0 0 0
4 1021 0 0 0 0
4 1022 0 0 0 0
4 1023 0 0 0 0
5 0 0 0 0 0
5 1 0 0 0 0
5 2 0 0 0 0
5 3 0 0 0 0
5 4 0 0 0 0
5 5 0 0 0 0
5 6 0 0 0 0
5 7 0 0 0 0
5 8 0 0 0 0
5 9 0 0 0 0
5 10 -1824 -1824 -1824 0
5 11 -1280 -3104 -3104 0
5 12 -656 -3760 -3760 0
5 13 0 -1936 -1936 0
5 14 0 -656 -656 0
5 15 0 0 0 0
5 16 0 0 0 0
5 17 -1824 -1824 -1824 0
5 18 -3712 -3712 -3712 0
5 19 -2784 -3392 -3392 0
5 20 -4016 -5472 -5472 0
5 21 -1280 -3664 -3664 0
5 22 -656 -2192 -2192 0
5 23 0 0 0 0
5 24 0 0 0 0
5 25 -608 -608 -608 0
5 26 -2720 -2720 -2720 0
5 27 -4976 -6240 -6240 0
5 28 -4320 -6352 -6352 0
5 29 -1504 -3168 -3168 0
5 30 -1536 -2432 -2432 0
5 31 0 0 0 0
5 32 0 0 0 0
5 33 -1264 -1264 -1264 0
5 34 -3856 -3856 -3856 0
5 35 -3552 -3552 -3552 0
5 36 -3664 -3664 -3664 0
5 37 -2304 -2304 -2304 0
5 38 -896 -896 -896 0
5 39 0 0 0 0
5 40 0 0 0 0
5 41 -1824 -1824 -1824 0
5 42 -3712 -3712 -3712 0
5 43 -4048 -4048 -4048 0
5 44 -2960 -2960 -2960 0
5 45 -896 -896 -896 0
5 46 0 0 0 0
5 47 0 0 0 0
5 48 0 0 0 0
5 49 -608 -608 -608 0
5 50 -2720 -2720 -2720 0
5 51 -3152 -3152 -3152 0
5 52 -2432 -2432 -2432 0
5 53 0 0 0 0
5 54 0 0 0 0
5 55 0 0 0 0
5 56 0 0 0 0
5 57 -1264 -1264 -1264 0
5 58 -2032 -2032 -2032 0
5 59 -1664 -1664 -1664 0
5 60 -896 -896 -896 0
5 61 0 0 0 0
5 62 0 0 0 0
5 63 0 0 0 0
5 64 0 0 0 0
5 65 0 0 0 0
5 66 0 0 0 0
5 67 0 0 0 0
5 68 0 0 0 0
5 69 0 0 0 0
5 70 0 0 0 0
5 71 0 0 0 0
5 72 0 0 0 0
5 73 0 0 0 0
5 74 -1456 -1456 -1456 0
5 75 -800 -2256 -2256 0
5 76 -1216 -3472 -3472 0
5 77 0 -2016 -2016 0
5 78 0 -1216 -1216 0
5 79 0 0 0 0
5 80 0 0 0 0
5 81 -1456 -1456 -1456 0
5 82 -1696 -1696 -1696 0
5 83 -1760 -1200 -1200 0
5 84 -2128 -1312 -1312 0
5 85 -800 0 0 0
5 86 -1216 -672 -672 0
5 87 0 0 0 0
5 88 0 0 0 0
5 89 560 560 560 0
5 90 1072 1072 133 1
5 91 -528 -272 -272 0
5 92 -128 256 256 0
5 93 -960 -1264 -1264 0
5 94 544 112 112 0
5 95 0 0 0 0
5 96 0 0 0 0
5 97 256 256 256 0
5 98 -1072 -1072 -1072 0
5 99 -544 -544 -544 0
5 100 -1136 -1136 -1136 0
5 101 672 672 672 0
5 102 -432 -432 -432 0
5 103 0 0 0 0
5 104 0 0 0 0
5 105 -1456 -1456 -1456 0
5 106 -1696 -1696 -1696 0
5 107 -1504 -1504 -1504 0
5 108 -544 -544 -544 0
5 109 -432 -432 -432 0
5 110 0 0 0 0
5 111 0 0 0 0
5 112 0 0 0 0
5 113 560 560 560 0
5 114 1072 1072 133 1
5 115 928 928 928 0
5 116 112 112 112 0
5 117 0 0 0 0
5 118 0 0 0 0
5 119 0 0 0 0
5 120 0 0 0 0
5 121 256 256 256 0
5 122 384 384 384 0
5 123 -304 -304 -304 0
5 124 -432 -432 -432 0
5 125 0 0 0 0
5 126 0 0 0 0
5 127 0 0 0 0
5 128 0 0 0 0
5 129 0 0 0 0
5 130 0 0 0 0
5 131 0 0 0 0
5 132 0 0 0 0
5 133 0 0 0 0
5 134 0 0 0 0
5 135 0 0 0 0
5 136 0 0 0 0
5 137 0 0 0 0
5 138 -1056 -1056 -1056 0
5 139 384 -672 -672 0
5 140 64 -608 -608 0
5 141 0 448 448 0
5 142 0 64 64 0
5 143 0 0 0 0
5 144 0 0 0 0
5 145 -1056 -1056 -1056 0
5 146 -736 -736 -736 0
5 147 992 928 928 0
5 148 -2256 -1776 -1776 0
5 149 384 -336 -336 0
5 150 64 -1200 -1200 0
5 151 0 0 0 0
5 152 0 0 0 0
5 153 -64 -64 -64 0
5 154 -864 -864 -864 0
5 155 -1392 -2736 -2736 0
5 156 -880 -1840 -1840 0
5 157 608 1056 117 1
5 158 -1264 -1200 -1200 0
5 159 0 0 0 0
5 160 0 0 0 0
5 161 -1344 -1344 -1344 0
5 162 -2016 -2016 -2016 0
5 163 768 768 768 0
5 164 -672 -672 -672 0
5 165 -880 -880 -880 0
5 166 64 64 64 0
5 167 0 0 0 0
5 168 0 0 0 0
5 169 -1056 -1056 -1056 0
5 170 -736 -736 -736 0
5 171 -352 -352 -352 0
5 172 -816 -816 -816 0
5 173 64 64 64 0
5 174 0 0 0 0
5 175 0 0 0 0
5 176 0 0 0 0
5 177 -64 -64 -64 0
5 178 -864 -864 -864 0
5 179 -336 -336 -336 0
5 180 -1200 -1200 -1200 0
5 181 0 0 0 0
5 182 0 0 0 0
5 183 0 0 0 0
5 184 0 0 0 0
5 185 -1344 -1344 -1344 0
5 186 -960 -960 -960 0
5 187 448 448 448 0
5 188 64 64 64 0
5 189 0 0 0 0
5 190 0 0 0 0
5 191 0 0 0 0
5 192 0 0 0 0
5 193 0 0 0 0
5 194 0 0 0 0
5 195 0 0 0 0
5 196 0 0 0 0
5 197 0 0 0 0
5 198 0 0 0 0
5 199 0 0 0 0
5 200 0 0 0 0
5 201 0 0 0 0
5 202 144 144 144 0
5 203 -752 -608 -608 0
5 204 176 -432 -432 0
5 205 0 -576 -576 0
5 206 0 176 176 0
5 207 0 0 0 0
5 208 0 0 0 0
5 209 144 144 144 0
5 210 -112 -112 -112 0
5 211 -736 -240 -240 0
5 212 480 816 816 0
5 213 -752 -752 -752 0
5 214 176 336 336 0
5 215 0 0 0 0
5 216 0 0 0 0
5 217 496 496 496 0
5 218 560 560 560 0
5 219 496 720 720 0
5 220 -64 512 512 0
5 221 16 400 400 0
5 222 160 192 192 0
5 223 0 0 0 0
5 224 0 0 0 0
5 225 224 224 224 0
5 226 720 720 720 0
5 227 128 128 128 0
5 228 272 272 272 0
5 229 512 512 512 0
5 230 32 32 32 0
5 231 0 0 0 0
5 232 0 0 0 0
5 233 144 144 144 0
5 234 -112 -112 -112 0
5 235 -512 -512 -512 0
5 236 688 688 688 0
5 237 32 32 32 0
5 238 0 0 0 0
5 239 0 0 0 0
5 240 0 0 0 0
5 241 496 496 496 0
5 242 560 560 560 0
5 243 352 352 352 0
5 244 192 192 192 0
5 245 0 0 0 0
5 246 0 0 0 0
5 247 0 0 0 0
5 248 0 0 0 0
5 249 224 224 224 0
5 250 576 576 576 0
5 251 384 384 384 0
5 252 32 32 32 0
5 253 0 0 0 0
5 254 0 0 0 0
5 255 0 0 0 0
5 256 0 0 0 0
5 257 0 0 0 0
5 258 0 0 0 0
5 259 0 0 0 0
5 260 0 0 0 0
5 261 0 0 0 0
5 262 0 0 0 0
5 263 0 0 0 0
5 264 0 0 0 0
5 265 0 0 0 0
5 266 -1216 -1216 -1216 0
5 267 -1664 -2880 -2880 0
5 268 -1744 -4624 -4624 0
5 269 0 -3408 -3408 0
5 270 0 -1744 -1744 0
5 271 0 0 0 0
5 272 0 0 0 0
5 273 -1216 -1216 -1216 0
5 274 -4048 -4048 -4048 0
5 275 -5184 -6352 -6352 0
5 276 -4880 -7824 -7824 0
5 277 -1664 -5360 -5360 0
5 278 -1744 -3664 -3664 0
5 279 0 0 0 0
5 280 0 0 0 0
5 281 -1168 -1168 -1168 0
5 282 -4976 -4976 -4976 0
5 283 -6736 -8768 -8768 0
5 284 -6672 -10528 -10528 0
5 285 -3520 -7264 -7264 0
5 286 -1920 -3840 -3840 0
5 287 0 0 0 0
5 288 0 0 0 0
5 289 -2032 -2032 -2032 0
5 290 -5072 -5072 -5072 0
5 291 -6576 -6576 -6576 0
5 292 -7472 -7472 -7472 0
5 293 -3744 -3744 -3744 0
5 294 -1920 -1920 -1920 0
5 295 0 0 0 0
5 296 0 0 0 0
5 297 -1216 -1216 -1216 0
5 298 -4048 -4048 -4048 0
5 299 -7216 -7216 -7216 0
5 300 -5488 -5488 -5488 0
5 301 -1920 -1920 -1920 0
5 302 0 0 0 0
5 303 0 0 0 0
5 304 0 0 0 0
5 305 -1168 -1168 -1168 0
5 306 -4976 -4976 -4976 0
5 307 -5520 -5520 -5520 0
5 308 -3840 -3840 -3840 0
5 309 0 0 0 0
5 310 0 0 0 0
5 311 0 0 0 0
5 312 0 0 0 0
5 313 -2032 -2032 -2032 0
5 314 -3856 -3856 -3856 0
5 315 -3744 -3744 -3744 0
5 316 -1920 -1920 -1920 0
5 317 0 0 0 0
5 318 0 0 0 0
5 319 0 0 0 0
5 320 0 0 0 0
5 321 0 0 0 0
5 322 0 0 0 0
5 323 0 0 0 0
5 324 0 0 0 0
5 325 0 0 0 0
5 326 0 0 0 0
5 327 0 0 0 0
5 328 0 0 0 0
5 329 0 0 0 0
5 330 -128 -128 -128 0
5 331 -816 -944 -944 0
5 332 -240 -1184 -1184 0
5 333 0 -1056 -1056 0
5 334 0 -240 -240 0
5 335 0 0 0 0
5 336 0 0 0 0
5 337 -128 -128 -128 0
5 338 -336 -336 -336 0
5 339 -336 272 272 0
5 340 432 821 821 0
5 341 -816 -235 -235 0
5 342 -240 560 560 0
5 343 0 0 0 0
5 344 0 0 0 0
5 345 608 608 608 0
5 346 1136 1136 197 1
5 347 736 544 544 0
5 348 864 16 16 0
5 349 480 96 96 0
5 350 800 1072 133 1
5 351 0 0 0 0
5 352 0 0 0 0
5 353 -192 -192 -192 0
5 354 -976 -976 -976 0
5 355 -592 -592 -592 0
5 356 560 560 560 0
5 357 144 144 144 0
5 358 272 272 272 0
5 359 0 0 0 0
5 360 0 0 0 0
5 361 -128 -128 -128 0
5 362 -336 -336 -336 0
5 363 -528 -528 -528 0
5 364 -96 -96 -96 0
5 365 272 272 272 0
5 366 0 0 0 0
5 367 0 0 0 0
5 368 0 0 0 0
5 369 608 608 608 0
5 370 1136 1136 197 1
5 371 864 864 864 0
5 372 1072 1072 133 1
5 373 0 0 0 0
5 374 0 0 0 0
5 375 0 0 0 0
5 376 0 0 0 0
5 377 -192 -192 -192 0
5 378 -848 -848 -848 0
5 379 -384 -384 -384 0
5 380 272 272 272 0
5 381 0 0 0 0
5 382 0 0 0 0
5 383 0 0 0 0
5 384 0 0 0 0
5 385 0 0 0 0
5 386 0 0 0 0
5 387 0 0 0 0
5 388 0 0 0 0
5 389 0 0 0 0
5 390 0 0 0 0
5 391 0 0 0 0
5 392 0 0 0 0
5 393 0 0 0 0
5 394 224 224 224 0
5 395 -160 64 64 0
5 396 -1344 -1280 -1280 0
5 397 0 -1504 -1504 0
5 398 0 -1344 -1344 0
5 399 0 0 0 0
5 400 0 0 0 0
5 401 224 224 224 0
5 402 -80 -80 -80 0
5 403 -720 -864 -864 0
5 404 -1360 -720 -720 0
5 405 -160 384 384 0
5 406 -1344 -1584 -1584 0
5 407 0 0 0 0
5 408 0 0 0 0
5 409 -144 -144 -144 0
5 410 368 368 368 0
5 411 1344 1072 133 1
5 412 -1056 -752 -752 0
5 413 -560 -496 -496 0
5 414 -240 -752 -752 0
5 415 0 0 0 0
5 416 0 0 0 0
5 417 -272 -272 -272 0
5 418 528 528 528 0
5 419 -240 -240 -240 0
5 420 -1344 -1344 -1344 0
5 421 336 336 336 0
5 422 -512 -512 -512 0
5 423 0 0 0 0
5 424 0 0 0 0
5 425 224 224 224 0
5 426 -80 -80 -80 0
5 427 -992 -992 -992 0
5 428 -1008 -1008 -1008 0
5 429 -512 -512 -512 0
5 430 0 0 0 0
5 431 0 0 0 0
5 432 0 0 0 0
5 433 -144 -144 -144 0
5 434 368 368 368 0
5 435 1120 1120 181 1
5 436 -752 -752 -752 0
5 437 0 0 0 0
5 438 0 0 0 0
5 439 0 0 0 0
5 440 0 0 0 0
5 441 -272 -272 -272 0
5 442 304 304 304 0
5 443 64 64 64 0
5 444 -512 -512 -512 0
5 445 0 0 0 0
5 446 0 0 0 0
5 447 0 0 0 0
5 448 0 0 0 0
5 449 0 0 0 0
5 450 0 0 0 0
5 451 0 0 0 0
5 452 0 0 0 0
5 453 0 0 0 0
5 454 0 0 0 0
5 455 0 0 0 0
5 456 0 0 0 0
5 457 0 0 0 0
5 458 -304 -304 -304 0
5 459 800 496 496 0
5 460 0 496 496 0
5 461 0 800 800 0
5 462 0 0 0 0
5 463 0 0 0 0
5 464 0 0 0 0
5 465 -304 -304 -304 0
5 466 928 928 928 0
5 467 224 656 656 0
5 468 -1696 -1840 -1840 0
5 469 800 -1168 -1168 0
5 470 0 -1392 -1392 0
5 471 0 0 0 0
5 472 0 0 0 0
5 473 432 432 432 0
5 474 128 128 128 0
5 475 -2448 -2176 -2176 0
5 476 -272 -176 -176 0
5 477 -576 -864 -864 0
5 478 -1392 -1504 -1504 0
5 479 0 0 0 0
5 480 0 0 0 0
5 481 272 272 272 0
5 482 -208 -208 -208 0
5 483 944 944 5 1
5 484 -416 -416 -416 0
5 485 -1568 -1568 -1568 0
5 486 -112 -112 -112 0
5 487 0 0 0 0
5 488 0 0 0 0
5 489 -304 -304 -304 0
5 490 928 928 928 0
5 491 496 496 496 0
5 492 -1568 -1568 -1568 0
5 493 -112 -112 -112 0
5 494 0 0 0 0
5 495 0 0 0 0
5 496 0 0 0 0
5 497 432 432 432 0
5 498 128 128 128 0
5 499 -2144 -2144 -2144 0
5 500 -1504 -1504 -1504 0
5 501 0 0 0 0
5 502 0 0 0 0
5 503 0 0 0 0
5 504 0 0 0 0
5 505 272 272 272 0
5 506 96 96 96 0
5 507 -288 -288 -288 0
5 508 -112 -112 -112 0
5 509 0 0 0 0
5 510 0 0 0 0
5 511 0 0 0 0
5 512 0 0 0 0
5 513 0 0 0 0
5 514 0 0 0 0
5 515 0 0 0 0
5 516 0 0 0 0
5 517 0 0 0 0
5 518 0 0 0 0
5 519 0 0 0 0
5 520 0 0 0 0
5 521 0 0 0 0
5 522 -432 -432 -432 0
5 523 128 -304 -304 0
5 524 448 144 144 0
5 525 0 576 576 0
5 526 0 448 448 0
5 527 0 0 0 0
5 528 0 0 0 0
5 529 -432 -432 -432 0
5 530 144 144 144 0
5 531 480 928 928 0
5 532 128 480 480 0
5 533 128 144 144 0
5 534 448 560 560 0
5 535 0 0 0 0
5 536 0 0 0 0
5 537 448 448 448 0
5 538 -224 -224 -224 0
5 539 -320 -896 -896 0
5 540 1072 592 592 0
5 541 352 832 832 0
5 542 112 496 496 0
5 543 0 0 0 0
5 544 0 0 0 0
5 545 -576 -576 -576 0
5 546 -912 -912 -912 0
5 547 1056 1056 117 1
5 548 160 160 160 0
5 549 208 208 208 0
5 550 384 384 384 0
5 551 0 0 0 0
5 552 0 0 0 0
5 553 -432 -432 -432 0
5 554 144 144 144 0
5 555 -96 -96 -96 0
5 556 656 656 656 0
5 557 384 384 384 0
5 558 0 0 0 0
5 559 0 0 0 0
5 560 0 0 0 0
5 561 448 448 448 0
5 562 -224 -224 -224 0
5 563 112 112 112 0
5 564 496 496 496 0
5 565 0 0 0 0
5 566 0 0 0 0
5 567 0 0 0 0
5 568 0 0 0 0
5 569 -576 -576 -576 0
5 570 -480 -480 -480 0
5 571 480 480 480 0
5 572 384 384 384 0
5 573 0 0 0 0
5 574 0 0 0 0
5 575 0 0 0 0
5 576 0 0 0 0
5 577 0 0 0 0
5 578 0 0 0 0
5 579 0 0 0 0
5 580 0 0 0 0
5 581 0 0 0 0
5 582 0 0 0 0
5 583 0 0 0 0
5 584 0 0 0 0
5 585 0 0 0 0
5 586 480 480 480 0
5 587 -816 -336 -336 0
5 588 -1152 -1488 -1488 0
5 589 0 -1968 -1968 0
5 590 0 -1152 -1152 0
5 591 0 0 0 0
5 592 0 0 0 0
5 593 480 480 480 0
5 594 -144 -144 -144 0
5 595 -1680 -1488 -1488 0
5 596 -224 256 256 0
5 597 -816 -80 -80 0
5 598 -1152 -704 -704 0
5 599 0 0 0 0
5 600 0 0 0 0
5 601 192 192 192 0
5 602 304 304 304 0
5 603 1376 1200 261 1
5 604 176 160 160 0
5 605 -864 -352 -352 0
5 606 448 800 800 0
5 607 0 0 0 0
5 608 0 0 0 0
5 609 -176 -176 -176 0
5 610 464 464 464 0
5 611 -112 -112 -112 0
5 612 -688 -688 -688 0
5 613 608 608 608 0
5 614 352 352 352 0
5 615 0 0 0 0
5 616 0 0 0 0
5 617 480 480 480 0
5 618 -144 -144 -144 0
5 619 -1856 -1856 -1856 0
5 620 -544 -544 -544 0
5 621 352 352 352 0
5 622 0 0 0 0
5 623 0 0 0 0
5 624 0 0 0 0
5 625 192 192 192 0
5 626 304 304 304 0
5 627 896 896 896 0
5 628 800 800 800 0
5 629 0 0 0 0
5 630 0 0 0 0
5 631 0 0 0 0
5 632 0 0 0 0
5 633 -176 -176 -176 0
5 634 -16 -16 -16 0
5 635 512 512 512 0
5 636 352 352 352 0
5 637 0 0 0 0
5 638 0 0 0 0
5 639 0 0 0 0
5 640 0 0 0 0
5 641 0 0 0 0
5 642 0 0 0 0
5 643 0 0 0 0
5 644 0 0 0 0
5 645 0 0 0 0
5 646 0 0 0 0
5 647 0 0 0 0
5 648 0 0 0 0
5 649 0 0 0 0
5 650 -1056 -1056 -1056 0
5 651 -672 -1728 -1728 0
5 652 -1648 -3376 -3376 0
5 653 0 -2320 -2320 0
5 654 0 -1648 -1648 0
5 655 0 0 0 0
5 656 0 0 0 0
5 657 -1056 -1056 -1056 0
5 658 -3120 -3120 -3120 0
5 659 -3728 -5120 -5120 0
5 660 -3472 -6272 -6272 0
5 661 -672 -2848 -2848 0
5 662 -1648 -2416 -2416 0
5 663 0 0 0 0
5 664 0 0 0 0
5 665 -1392 -1392 -1392 0
5 666 -4416 -4416 -4416 0
5 667 -4192 -5808 -5808 0
5 668 -4560 -7136 -7136 0
5 669 -3056 -5744 -5744 0
5 670 -768 -2496 -2496 0
5 671 0 0 0 0
5 672 0 0 0 0
5 673 -1616 -1616 -1616 0
5 674 -3632 -3632 -3632 0
5 675 -4752 -4752 -4752 0
5 676 -6400 -6400 -6400 0
5 677 -1728 -1728 -1728 0
5 678 -1728 -1728 -1728 0
5 679 0 0 0 0
5 680 0 0 0 0
5 681 -1056 -1056 -1056 0
5 682 -3120 -3120 -3120 0
5 683 -5344 -5344 -5344 0
5 684 -3376 -3376 -3376 0
5 685 -1728 -1728 -1728 0
5 686 0 0 0 0
5 687 0 0 0 0
5 688 0 0 0 0
5 689 -1392 -1392 -1392 0
5 690 -4416 -4416 -4416 0
5 691 -3136 -3136 -3136 0
5 692 -2496 -2496 -2496 0
5 693 0 0 0 0
5 694 0 0 0 0
5 695 0 0 0 0
5 696 0 0 0 0
5 697 -1616 -1616 -1616 0
5 698 -2576 -2576 -2576 0
5 699 -2688 -2688 -2688 0
5 700 -1728 -1728 -1728 0
5 701 0 0 0 0
5 702 0 0 0 0
5 703 0 0 0 0
5 704 0 0 0 0
5 705 0 0 0 0
5 706 0 0 0 0
5 707 0 0 0 0
5 708 0 0 0 0
5 709 0 0 0 0
5 710 0 0 0 0
5 711 0 0 0 0
5 712 0 0 0 0
5 713 0 0 0 0
5 714 496 496 496 0
5 715 672 1168 229 1
5 716 -224 5 5 0
5 717 0 448 448 0
5 718 0 -224 -224 0
5 719 0 0 0 0
5 720 0 0 0 0
5 721 496 496 496 0
5 722 384 384 384 0
5 723 -944 -1728 -1728 0
5 724 416 -1760 -1760 0
5 725 672 -576 -576 0
5 726 -224 -80 -80 0
5 727 0 0 0 0
5 728 0 0 0 0
5 729 -784 -784 -784 0
5 730 -1600 -1600 -1600 0
5 731 -656 -80 -80 0
5 732 384 1056 117 1
5 733 -1616 -1168 -1168 0
5 734 144 496 496 0
5 735 0 0 0 0
5 736 0 0 0 0
5 737 576 576 576 0
5 738 1168 1168 229 1
5 739 336 336 336 0
5 740 -688 -688 -688 0
5 741 240 240 240 0
5 742 352 352 352 0
5 743 0 0 0 0
5 744 0 0 0 0
5 745 496 496 496 0
5 746 384 384 384 0
5 747 -368 -368 -368 0
5 748 16 16 16 0
5 749 352 352 352 0
5 750 0 0 0 0
5 751 0 0 0 0
5 752 0 0 0 0
5 753 -784 -784 -784 0
5 754 -1600 -1600 -1600 0
5 755 -1152 -1152 -1152 0
5 756 496 496 496 0
5 757 0 0 0 0
5 758 0 0 0 0
5 759 0 0 0 0
5 760 0 0 0 0
5 761 576 576 576 0
5 762 672 672 672 0
5 763 448 448 448 0
5 764 352 352 352 0
5 765 0 0 0 0
5 766 0 0 0 0
5 767 0 0 0 0
5 768 0 0 0 0
5 769 0 0 0 0
5 770 0 0 0 0
5 771 0 0 0 0
5 772 0 0 0 0
5 773 0 0 0 0
5 774 0 0 0 0
5 775 0 0 0 0
5 776 0 0 0 0
5 777 0 0 0 0
5 778 -64 -64 -64 0
5 779 480 416 416 0
5 780 -368 48 48 0
5 781 0 112 112 0
5 782 0 -368 -368 0
5 783 0 0 0 0
5 784 0 0 0 0
5 785 -64 -64 -64 0
5 786 -320 -320 -320 0
5 787 528 -208 -208 0
5 788 48 -272 -272 0
5 789 480 1376 437 1
5 790 -368 112 112 0
5 791 0 0 0 0
5 792 0 0 0 0
5 793 -736 -736 -736 0
5 794 -736 -736 -736 0
5 795 1664 1248 309 1
5 796 -144 272 272 0
5 797 48 512 512 0
5 798 480 112 112 0
5 799 0 0 0 0
5 800 0 0 0 0
5 801 -416 -416 -416 0
5 802 352 352 352 0
5 803 208 208 208 0
5 804 -736 -736 -736 0
5 805 1312 1312 373 1
5 806 -368 -368 -368 0
5 807 0 0 0 0
5 808 0 0 0 0
5 809 -64 -64 -64 0
5 810 -320 -320 -320 0
5 811 112 112 112 0
5 812 944 944 5 1
5 813 -368 -368 -368 0
5 814 0 0 0 0
5 815 0 0 0 0
5 816 0 0 0 0
5 817 -736 -736 -736 0
5 818 -736 -736 -736 0
5 819 1728 1728 789 1
5 820 112 112 112 0
5 821 0 0 0 0
5 822 0 0 0 0
5 823 0 0 0 0
5 824 0 0 0 0
5 825 -416 -416 -416 0
5 826 416 416 416 0
5 827 464 464 464 0
5 828 -368 -368 -368 0
5 829 0 0 0 0
5 830 0 0 0 0
5 831 0 0 0 0
5 832 0 0 0 0
5 833 0 0 0 0
5 834 0 0 0 0
5 835 0 0 0 0
5 836 0 0 0 0
5 837 0 0 0 0
5 838 0 0 0 0
5 839 0 0 0 0
5 840 0 0 0 0
5 841 0 0 0 0
5 842 480 480 480 0
5 843 720 1200 261 1
5 844 -64 197 197 0
5 845 0 656 656 0
5 846 0 -64 -64 0
5 847 0 0 0 0
5 848 0 0 0 0
5 849 480 480 480 0
5 850 944 944 5 1
5 851 800 544 544 0
5 852 1056 944 5 1
5 853 720 1504 565 1
5 854 -64 576 576 0
5 855 0 0 0 0
5 856 0 0 0 0
5 857 -256 -256 -256 0
5 858 -304 -304 -304 0
5 859 736 544 544 0
5 860 816 96 96 0
5 861 80 -736 -736 0
5 862 640 352 352 0
5 863 0 0 0 0
5 864 0 0 0 0
5 865 -192 -192 -192 0
5 866 -240 -240 -240 0
5 867 -352 -352 -352 0
5 868 -400 -400 -400 0
5 869 112 112 112 0
5 870 -288 -288 -288 0
5 871 0 0 0 0
5 872 0 0 0 0
5 873 480 480 480 0
5 874 944 944 5 1
5 875 608 608 608 0
5 876 48 48 48 0
5 877 -288 -288 -288 0
5 878 0 0 0 0
5 879 0 0 0 0
5 880 0 0 0 0
5 881 -256 -256 -256 0
5 882 -304 -304 -304 0
5 883 256 256 256 0
5 884 352 352 352 0
5 885 0 0 0 0
5 886 0 0 0 0
5 887 0 0 0 0
5 888 0 0 0 0
5 889 -192 -192 -192 0
5 890 -720 -720 -720 0
5 891 -816 -816 -816 0
5 892 -288 -288 -288 0
5 893 0 0 0 0
5 894 0 0 0 0
5 895 0 0 0 0
5 896 0 0 0 0
5 897 0 0 0 0
5 898 0 0 0 0
5 899 0 0 0 0
5 900 0 0 0 0
5 901 0 0 0 0
5 902 0 0 0 0
5 903 0 0 0 0
5 904 0 0 0 0
5 905 0 0 0 0
5 906 160 160 160 0
5 907 176 336 336 0
5 908 -240 96 96 0
5 909 0 -64 -64 0
5 910 0 -240 -240 0
5 911 0 0 0 0
5 912 0 0 0 0
5 913 160 160 160 0
5 914 224 224 224 0
5 915 -768 -880 -880 0
5 916 448 -368 -368 0
5 917 176 0 0 0
5 918 -240 288 288 0
5 919 0 0 0 0
5 920 0 0 0 0
5 921 -112 -112 -112 0
5 922 -576 -576 -576 0
5 923 640 880 880 0
5 924 112 1008 69 1
5 925 -944 -768 -768 0
5 926 528 48 48 0
5 927 0 0 0 0
5 928 0 0 0 0
5 929 240 240 240 0
5 930 1056 1056 117 1
5 931 240 240 240 0
5 932 -1184 -1184 -1184 0
5 933 1184 1184 245 1
5 934 -480 -480 -480 0
5 935 0 0 0 0
5 936 0 0 0 0
5 937 160 160 160 0
5 938 224 224 224 0
5 939 -528 -528 -528 0
5 940 944 944 5 1
5 941 -480 -480 -480 0
5 942 0 0 0 0
5 943 0 0 0 0
5 944 0 0 0 0
5 945 -112 -112 -112 0
5 946 -576 -576 -576 0
5 947 480 480 480 0
5 948 48 48 48 0
5 949 0 0 0 0
5 950 0 0 0 0
5 951 0 0 0 0
5 952 0 0 0 0
5 953 240 240 240 0
5 954 896 896 896 0
5 955 176 176 176 0
5 956 -480 -480 -480 0
5 957 0 0 0 0
5 958 0 0 0 0
5 959 0 0 0 0
5 960 0 0 0 0
5 961 0 0 0 0
5 962 0 0 0 0
5 963 0 0 0 0
5 964 0 0 0 0
5 965 0 0 0 0
5 966 0 0 0 0
5 967 0 0 0 0
5 968 0 0 0 0
5 969 0 0 0 0
5 970 -1040 -1040 -1040 0
5 971 -1520 -2560 -2560 0
5 972 -1760 -4320 -4320 0
5 973 0 -3280 -3280 0
5 974 0 -1760 -1760 0
5 975 0 0 0 0
5 976 0 0 0 0
5 977 -1040 -1040 -1040 0
5 978 -3728 -3728 -3728 0
5 979 -4816 -5984 -5984 0
5 980 -3744 -6448 -6448 0
5 981 -1520 -4000 -4000 0
5 982 -1760 -2704 -2704 0
5 983 0 0 0 0
5 984 0 0 0 0
5 985 -1168 -1168 -1168 0
5 986 -3712 -3712 -3712 0
5 987 -4544 -5552 -5552 0
5 988 -5232 -7264 -7264 0
5 989 -3296 -5920 -5920 0
5 990 -944 -2544 -2544 0
5 991 0 0 0 0
5 992 0 0 0 0
5 993 -1008 -1008 -1008 0
5 994 -3072 -3072 -3072 0
5 995 -5312 -5312 -5312 0
5 996 -5904 -5904 -5904 0
5 997 -1968 -1968 -1968 0
5 998 -1600 -1600 -1600 0
5 999 0 0 0 0
5 1000 0 0 0 0
5 1001 -1040 -1040 -1040 0
5 1002 -3728 -3728 -3728 0
5 1003 -5824 -5824 -5824 0
5 1004 -3728 -3728 -3728 0
5 1005 -1600 -1600 -1600 0
5 1006 0 0 0 0
5 1007 0 0 0 0
5 1008 0 0 0 0
5 1009 -1168 -1168 -1168 0
5 1010 -3712 -3712 -3712 0
5 1011 -3504 -3504 -3504 0
5 1012 -2544 -2544 -2544 0
5 1013 0 0 0 0
5 1014 0 0 0 0
5 1015 0 0 0 0
5 1016 0 0 0 0
5 1017 -1008 -1008 -1008 0
5 1018 -2032 -2032 -2032 0
5 1019 -2624 -2624 -2624 0
5 1020 -1600 -1600 -1600 0
5 1021 0 0 0 0
5 1022 0 0 0 0
5 1023 0 0 0 0
6 0 0 0 0 0
6 1 0 0 0 0
6 2 0 0 0 0
6 3 0 0 0 0
6 4 0 0 0 0
6 5 0 0 0 0
6 6 0 0 0 0
6 7 0 0 0 0
6 8 0 0 0 0
6 9 0 0 0 0
6 10 0 -1824 -1824 0
6 11 0 -3104 -3104 0
6 12 0 -3760 -3760 0
6 13 0 -1936 -1936 0
6 14 0 -656 -656 0
6 15 0 0 0 0
6 16 0 0 0 0
6 17 0 -1824 -1824 0
6 18 0 -3712 -3712 0
6 19 -1824 -5216 -5216 0
6 20 -1280 -6752 -6752 0
6 21 -656 -4320 -4320 0
6 22 0 -2192 -2192 0
6 23 0 0 0 0
6 24 0 0 0 0
6 25 -1824 -2432 -2432 0
6 26 -1280 -4000 -4000 0
6 27 -1264 -7504 -7504 0
6 28 -2672 -9024 -9024 0
6 29 -2816 -5984 -5984 0
6 30 -656 -3088 -3088 0
6 31 0 0 0 0
6 32 0 0 0 0
6 33 -608 -1872 -1872 0
6 34 -848 -4704 -4704 0
6 35 -4624 -8176 -8176 0
6 36 -2656 -6320 -6320 0
6 37 -2400 -4704 -4704 0
6 38 -1536 -2432 -2432 0
6 39 0 0 0 0
6 40 0 0 0 0
6 41 -1264 -3088 -3088 0
6 42 -768 -4480 -4480 0
6 43 -1504 -5552 -5552 0
6 44 -2112 -5072 -5072 0
6 45 -2304 -3200 -3200 0
6 46 -896 -896 -896 0
6 47 0 0 0 0
6 48 0 0 0 0
6 49 -1824 -2432 -2432 0
6 50 -1280 -4000 -4000 0
6 51 -1920 -5072 -5072 0
6 52 -768 -3200 -3200 0
6 53 -896 -896 -896 0
6 54 0 0 0 0
6 55 0 0 0 0
6 56 0 0 0 0
6 57 -608 -1872 -1872 0
6 58 -848 -2880 -2880 0
6 59 -1536 -3200 -3200 0
6 60 0 -896 -896 0
6 61 0 0 0 0
6 62 0 0 0 0
6 63 0 0 0 0
6 64 0 0 0 0
6 65 0 0 0 0
6 66 0 0 0 0
6 67 0 0 0 0
6 68 0 0 0 0
6 69 0 0 0 0
6 70 0 0 0 0
6 71 0 0 0 0
6 72 0 0 0 0
6 73 0 0 0 0
6 74 0 -1456 -1456 0
6 75 0 -2256 -2256 0
6 76 0 -3472 -3472 0
6 77 0 -2016 -2016 0
6 78 0 -1216 -1216 0
6 79 0 0 0 0
6 80 0 0 0 0
6 81 0 -1456 -1456 0
6 82 0 -1696 -1696 0
6 83 -1456 -2656 -2656 0
6 84 -800 -2112 -2112 0
6 85 -1216 -1216 -1216 0
6 86 0 -672 -672 0
6 87 0 0 0 0
6 88 0 0 0 0
6 89 -1456 -896 -896 0
6 90 -800 -667 -667 0
6 91 -656 -928 -928 0
6 92 -1200 -944 -944 0
6 93 -256 -1520 -1520 0
6 94 -1216 -1104 -1104 0
6 95 0 0 0 0
6 96 0 0 0 0
6 97 560 816 816 0
6 98 256 -816 -816 0
6 99 -656 -1200 -1200 0
6 100 -112 -1248 -1248 0
6 101 -1392 -720 -720 0
6 102 544 112 112 0
6 103 0 0 0 0
6 104 0 0 0 0
6 105 256 -1200 -1200 0
6 106 128 -1568 -1568 0
6 107 128 -1376 -1376 0
6 108 512 -32 -32 0
6 109 672 240 240 0
6 110 -432 -432 -432 0
6 111 0 0 0 0
6 112 0 0 0 0
6 113 -1456 -896 -896 0
6 114 -800 -667 -667 0
6 115 -960 -32 -32 0
6 116 128 240 240 0
6 117 -432 -432 -432 0
6 118 0 0 0 0
6 119 0 0 0 0
6 120 0 0 0 0
6 121 560 816 816 0
6 122 256 640 640 0
6 123 544 240 240 0
6 124 0 -432 -432 0
6 125 0 0 0 0
6 126 0 0 0 0
6 127 0 0 0 0
6 128 0 0 0 0
6 129 0 0 0 0
6 130 0 0 0 0
6 131 0 0 0 0
6 132 0 0 0 0
6 133 0 0 0 0
6 134 0 0 0 0
6 135 0 0 0 0
6 136 0 0 0 0
6 137 0 0 0 0
6 138 0 -1056 -1056 0
6 139 0 -672 -672 0
6 140 0 -608 -608 0
6 141 0 448 448 0
6 142 0 64 64 0
6 143 0 0 0 0
6 144 0 0 0 0
6 145 0 -1056 -1056 0
6 146 0 -736 -736 0
6 147 -1056 -128 -128 0
6 148 384 -1392 -1392 0
6 149 64 -272 -272 0
6 150 0 -1200 -1200 0
6 151 0 0 0 0
6 152 0 0 0 0
6 153 -1056 -1120 -1120 0
6 154 384 -480 -480 0
6 155 0 -2736 -2736 0
6 156 -512 -2352 -2352 0
6 157 -880 -763 -763 0
6 158 64 -1136 -1136 0
6 159 0 0 0 0
6 160 0 0 0 0
6 161 -64 -1408 -1408 0
6 162 544 -1472 -1472 0
6 163 -3664 -2896 -2896 0
6 164 704 32 32 0
6 165 672 -208 -208 0
6 166 -1264 -1200 -1200 0
6 167 0 0 0 0
6 168 0 0 0 0
6 169 -1344 -2400 -2400 0
6 170 384 -352 -352 0
6 171 0 -352 -352 0
6 172 -800 -1616 -1616 0
6 173 -880 -816 -816 0
6 174 64 64 64 0
6 175 0 0 0 0
6 176 0 0 0 0
6 177 -1056 -1120 -1120 0
6 178 384 -480 -480 0
6 179 -1280 -1616 -1616 0
6 180 384 -816 -816 0
6 181 64 64 64 0
6 182 0 0 0 0
6 183 0 0 0 0
6 184 0 0 0 0
6 185 -64 -1408 -1408 0
6 186 544 -416 -416 0
6 187 -1264 -816 -816 0
6 188 0 64 64 0
6 189 0 0 0 0
6 190 0 0 0 0
6 191 0 0 0 0
6 192 0 0 0 0
6 193 0 0 0 0
6 194 0 0 0 0
6 195 0 0 0 0
6 196 0 0 0 0
6 197 0 0 0 0
6 198 0 0 0 0
6 199 0 0 0 0
6 200 0 0 0 0
6 201 0 0 0 0
6 202 0 144 144 0
6 203 0 -608 -608 0
6 204 0 -432 -432 0
6 205 0 -576 -576 0
6 206 0 176 176 0
6 207 0 0 0 0
6 208 0 0 0 0
6 209 0 144 144 0
6 210 0 -112 -112 0
6 211 144 -96 -96 0
6 212 -752 64 64 0
6 213 176 -576 -576 0
6 214 0 336 336 0
6 215 0 0 0 0
6 216 0 0 0 0
6 217 144 640 640 0
6 218 -752 -192 -192 0
6 219 672 1392 453 1
6 220 -16 496 496 0
6 221 -592 -192 -192 0
6 222 176 368 368 0
6 223 0 0 0 0
6 224 0 0 0 0
6 225 496 720 720 0
6 226 -160 560 560 0
6 227 528 656 656 0
6 228 96 368 368 0
6 229 48 560 560 0
6 230 160 192 192 0
6 231 0 0 0 0
6 232 0 0 0 0
6 233 224 368 368 0
6 234 352 240 240 0
6 235 528 16 16 0
6 236 64 752 752 0
6 237 512 544 544 0
6 238 32 32 32 0
6 239 0 0 0 0
6 240 0 0 0 0
6 241 144 640 640 0
6 242 -752 -192 -192 0
6 243 400 752 752 0
6 244 352 544 544 0
6 245 32 32 32 0
6 246 0 0 0 0
6 247 0 0 0 0
6 248 0 0 0 0
6 249 496 720 720 0
6 250 -160 416 416 0
6 251 160 544 544 0
6 252 0 32 32 0
6 253 0 0 0 0
6 254 0 0 0 0
6 255 0 0 0 0
6 256 0 0 0 0
6 257 0 0 0 0
6 258 0 0 0 0
6 259 0 0 0 0
6 260 0 0 0 0
6 261 0 0 0 0
6 262 0 0 0 0
6 263 0 0 0 0
6 264 0 0 0 0
6 265 0 0 0 0
6 266 0 -1216 -1216 0
6 267 0 -2880 -2880 0
6 268 0 -4624 -4624 0
6 269 0 -3408 -3408 0
6 270 0 -1744 -1744 0
6 271 0 0 0 0
6 272 0 0 0 0
6 273 0 -1216 -1216 0
6 274 0 -4048 -4048 0
6 275 -1216 -7568 -7568 0
6 276 -1664 -9488 -9488 0
6 277 -1744 -7104 -7104 0
6 278 0 -3664 -3664 0
6 279 0 0 0 0
6 280 0 0 0 0
6 281 -1216 -2384 -2384 0
6 282 -1664 -6640 -6640 0
6 283 -2912 -11680 -11680 0
6 284 -2992 -13520 -13520 0
6 285 -3584 -10848 -10848 0
6 286 -1744 -5584 -5584 0
6 287 0 0 0 0
6 288 0 0 0 0
6 289 -1168 -3200 -3200 0
6 290 -1776 -6848 -6848 0
6 291 -5168 -11744 -11744 0
6 292 -4656 -12128 -12128 0
6 293 -5440 -9184 -9184 0
6 294 -1920 -3840 -3840 0
6 295 0 0 0 0
6 296 0 0 0 0
6 297 -2032 -3248 -3248 0
6 298 -1824 -5872 -5872 0
6 299 -3088 -10304 -10304 0
6 300 -3808 -9296 -9296 0
6 301 -3744 -5664 -5664 0
6 302 -1920 -1920 -1920 0
6 303 0 0 0 0
6 304 0 0 0 0
6 305 -1216 -2384 -2384 0
6 306 -1664 -6640 -6640 0
6 307 -3776 -9296 -9296 0
6 308 -1824 -5664 -5664 0
6 309 -1920 -1920 -1920 0
6 310 0 0 0 0
6 311 0 0 0 0
6 312 0 0 0 0
6 313 -1168 -3200 -3200 0
6 314 -1776 -5632 -5632 0
6 315 -1920 -5664 -5664 0
6 316 0 -1920 -1920 0
6 317 0 0 0 0
6 318 0 0 0 0
6 319 0 0 0 0
6 320 0 0 0 0
6 321 0 0 0 0
6 322 0 0 0 0
6 323 0 0 0 0
6 324 0 0 0 0
6 325 0 0 0 0
6 326 0 0 0 0
6 327 0 0 0 0
6 328 0 0 0 0
6 329 0 0 0 0
6 330 0 -128 -128 0
6 331 0 -944 -944 0
6 332 0 -1184 -1184 0
6 333 0 -1056 -1056 0
6 334 0 -240 -240 0
6 335 0 0 0 0
6 336 0 0 0 0
6 337 0 -128 -128 0
6 338 0 -336 -336 0
6 339 -128 144 144 0
6 340 -816 5 5 0
6 341 -240 -475 -475 0
6 342 0 560 560 0
6 343 0 0 0 0
6 344 0 0 0 0
6 345 -128 480 480 0
6 346 -816 -619 -619 0
6 347 368 912 912 0
6 348 592 608 608 0
6 349 -16 80 80 0
6 350 -240 -107 -107 0
6 351 0 0 0 0
6 352 0 0 0 0
6 353 608 416 416 0
6 354 720 -256 -256 0
6 355 480 -112 -112 0
6 356 -864 -304 -304 0
6 357 752 896 896 0
6 358 800 1072 133 1
6 359 0 0 0 0
6 360 0 0 0 0
6 361 -192 -320 -320 0
6 362 -656 -992 -992 0
6 363 880 352 352 0
6 364 528 432 432 0
6 365 144 416 416 0
6 366 272 272 272 0
6 367 0 0 0 0
6 368 0 0 0 0
6 369 -128 480 480 0
6 370 -816 -619 -619 0
6 371 -432 432 432 0
6 372 -656 -523 -523 0
6 373 272 272 272 0
6 374 0 0 0 0
6 375 0 0 0 0
6 376 0 0 0 0
6 377 608 416 416 0
6 378 720 -128 -128 0
6 379 800 416 416 0
6 380 0 272 272 0
6 381 0 0 0 0
6 382 0 0 0 0
6 383 0 0 0 0
6 384 0 0 0 0
6 385 0 0 0 0
6 386 0 0 0 0
6 387 0 0 0 0
6 388 0 0 0 0
6 389 0 0 0 0
6 390 0 0 0 0
6 391 0 0 0 0
6 392 0 0 0 0
6 393 0 0 0 0
6 394 0 224 224 0
6 395 0 64 64 0
6 396 0 -1280 -1280 0
6 397 0 -1504 -1504 0
6 398 0 -1344 -1344 0
6 399 0 0 0 0
6 400 0 0 0 0
6 401 0 224 224 0
6 402 0 -80 -80 0
6 403 224 -640 -640 0
6 404 -160 -880 -880 0
6 405 -1344 -960 -960 0
6 406 0 -1584 -1584 0
6 407 0 0 0 0
6 408 0 0 0 0
6 409 224 80 80 0
6 410 -160 208 208 0
6 411 -1488 -1355 -1355 0
6 412 1008 256 256 0
6 413 -400 -896 -896 0
6 414 -1344 -2096 -2096 0
6 415 0 0 0 0
6 416 0 0 0 0
6 417 -144 -416 -416 0
6 418 784 1312 373 1
6 419 -288 -528 -528 0
6 420 272 -1072 -1072 0
6 421 -1072 -736 -736 0
6 422 -240 -752 -752 0
6 423 0 0 0 0
6 424 0 0 0 0
6 425 -272 -48 -48 0
6 426 576 496 496 0
6 427 -656 -1648 -1648 0
6 428 512 -496 -496 0
6 429 336 -176 -176 0
6 430 -512 -512 -512 0
6 431 0 0 0 0
6 432 0 0 0 0
6 433 224 80 80 0
6 434 -160 208 208 0
6 435 -1616 -1435 -1435 0
6 436 576 -176 -176 0
6 437 -512 -512 -512 0
6 438 0 0 0 0
6 439 0 0 0 0
6 440 0 0 0 0
6 441 -144 -416 -416 0
6 442 784 1088 149 1
6 443 -240 -176 -176 0
6 444 0 -512 -512 0
6 445 0 0 0 0
6 446 0 0 0 0
6 447 0 0 0 0
6 448 0 0 0 0
6 449 0 0 0 0
6 450 0 0 0 0
6 451 0 0 0 0
6 452 0 0 0 0
6 453 0 0 0 0
6 454 0 0 0 0
6 455 0 0 0 0
6 456 0 0 0 0
6 457 0 0 0 0
6 458 0 -304 -304 0
6 459 0 496 496 0
6 460 0 496 496 0
6 461 0 800 800 0
6 462 0 0 0 0
6 463 0 0 0 0
6 464 0 0 0 0
6 465 0 -304 -304 0
6 466 0 928 928 0
6 467 -304 352 352 0
6 468 800 -1040 -1040 0
6 469 0 -1168 -1168 0
6 470 0 -1392 -1392 0
6 471 0 0 0 0
6 472 0 0 0 0
6 473 -304 128 128 0
6 474 800 928 928 0
6 475 432 -1744 -1744 0
6 476 -880 -1056 -1056 0
6 477 -592 -1456 -1456 0
6 478 0 -1504 -1504 0
6 479 0 0 0 0
6 480 0 0 0 0
6 481 432 704 704 0
6 482 -576 -784 -784 0
6 483 -1424 -1419 -1419 0
6 484 1056 640 640 0
6 485 -688 -2256 -2256 0
6 486 -1392 -1504 -1504 0
6 487 0 0 0 0
6 488 0 0 0 0
6 489 272 -32 -32 0
6 490 -176 752 752 0
6 491 320 816 816 0
6 492 -304 -1872 -1872 0
6 493 -1568 -1680 -1680 0
6 494 -112 -112 -112 0
6 495 0 0 0 0
6 496 0 0 0 0
6 497 -304 128 128 0
6 498 800 928 928 0
6 499 272 -1872 -1872 0
6 500 -176 -1680 -1680 0
6 501 -112 -112 -112 0
6 502 0 0 0 0
6 503 0 0 0 0
6 504 0 0 0 0
6 505 432 704 704 0
6 506 -576 -480 -480 0
6 507 -1392 -1680 -1680 0
6 508 0 -112 -112 0
6 509 0 0 0 0
6 510 0 0 0 0
6 511 0 0 0 0
6 512 0 0 0 0
6 513 0 0 0 0
6 514 0 0 0 0
6 515 0 0 0 0
6 516 0 0 0 0
6 517 0 0 0 0
6 518 0 0 0 0
6 519 0 0 0 0
6 520 0 0 0 0
6 521 0 0 0 0
6 522 0 -432 -432 0
6 523 0 -304 -304 0
6 524 0 144 144 0
6 525 0 576 576 0
6 526 0 448 448 0
6 527 0 0 0 0
6 528 0 0 0 0
6 529 0 -432 -432 0
6 530 0 144 144 0
6 531 -432 496 496 0
6 532 128 608 608 0
6 533 448 592 592 0
6 534 0 560 560 0
6 535 0 0 0 0
6 536 0 0 0 0
6 537 -432 16 16 0
6 538 128 -96 -96 0
6 539 896 0 0 0
6 540 -528 64 64 0
6 541 240 1072 133 1
6 542 448 944 5 1
6 543 0 0 0 0
6 544 0 0 0 0
6 545 448 -128 -128 0
6 546 -96 -1008 -1008 0
6 547 -896 -779 -779 0
6 548 672 832 832 0
6 549 736 944 5 1
6 550 112 496 496 0
6 551 0 0 0 0
6 552 0 0 0 0
6 553 -576 -1008 -1008 0
6 554 96 240 240 0
6 555 832 736 736 0
6 556 -672 -16 -16 0
6 557 208 592 592 0
6 558 384 384 384 0
6 559 0 0 0 0
6 560 0 0 0 0
6 561 -432 16 16 0
6 562 128 -96 -96 0
6 563 -128 -16 -16 0
6 564 96 592 592 0
6 565 384 384 384 0
6 566 0 0 0 0
6 567 0 0 0 0
6 568 0 0 0 0
6 569 448 -128 -128 0
6 570 -96 -576 -576 0
6 571 112 592 592 0
6 572 0 384 384 0
6 573 0 0 0 0
6 574 0 0 0 0
6 575 0 0 0 0
6 576 0 0 0 0
6 577 0 0 0 0
6 578 0 0 0 0
6 579 0 0 0 0
6 580 0 0 0 0
6 581 0 0 0 0
6 582 0 0 0 0
6 583 0 0 0 0
6 584 0 0 0 0
6 585 0 0 0 0
6 586 0 480 480 0
6 587 0 -336 -336 0
6 588 0 -1488 -1488 0
6 589 0 -1968 -1968 0
6 590 0 -1152 -1152 0
6 591 0 0 0 0
6 592 0 0 0 0
6 593 0 480 480 0
6 594 0 -144 -144 0
6 595 480 -1008 -1008 0
6 596 -816 -560 -560 0
6 597 -1152 -1232 -1232 0
6 598 0 -704 -704 0
6 599 0 0 0 0
6 600 0 0 0 0
6 601 480 672 672 0
6 602 -816 -512 -512 0
6 603 -960 -699 -699 0
6 604 768 928 928 0
6 605 -368 -720 -720 0
6 606 -1152 -352 -352 0
6 607 0 0 0 0
6 608 0 0 0 0
6 609 192 16 16 0
6 610 288 752 752 0
6 611 752 640 640 0
6 612 -464 -1152 -1152 0
6 613 -512 96 96 0
6 614 448 800 800 0
6 615 0 0 0 0
6 616 0 0 0 0
6 617 -176 304 304 0
6 618 160 16 16 0
6 619 544 -1312 -1312 0
6 620 112 -432 -432 0
6 621 608 960 21 1
6 622 352 352 352 0
6 623 0 0 0 0
6 624 0 0 0 0
6 625 480 672 672 0
6 626 -816 -512 -512 0
6 627 -1328 -432 -432 0
6 628 160 960 21 1
6 629 352 352 352 0
6 630 0 0 0 0
6 631 0 0 0 0
6 632 0 0 0 0
6 633 192 16 16 0
6 634 288 272 272 0
6 635 448 960 21 1
6 636 0 352 352 0
6 637 0 0 0 0
6 638 0 0 0 0
6 639 0 0 0 0
6 640 0 0 0 0
6 641 0 0 0 0
6 642 0 0 0 0
6 643 0 0 0 0
6 644 0 0 0 0
6 645 0 0 0 0
6 646 0 0 0 0
6 647 0 0 0 0
6 648 0 0 0 0
6 649 0 0 0 0
6 650 0 -1056 -1056 0
6 651 0 -1728 -1728 0
6 652 0 -3376 -3376 0
6 653 0 -2320 -2320 0
6 654 0 -1648 -1648 0
6 655 0 0 0 0
6 656 0 0 0 0
6 657 0 -1056 -1056 0
6 658 0 -3120 -3120 0
6 659 -1056 -6176 -6176 0
6 660 -672 -6944 -6944 0
6 661 -1648 -4496 -4496 0
6 662 0 -2416 -2416 0
6 663 0 0 0 0
6 664 0 0 0 0
6 665 -1056 -2448 -2448 0
6 666 -672 -5088 -5088 0
6 667 -3040 -8848 -8848 0
6 668 -2464 -9600 -9600 0
6 669 -1440 -7184 -7184 0
6 670 -1648 -4144 -4144 0
6 671 0 0 0 0
6 672 0 0 0 0
6 673 -1392 -3008 -3008 0
6 674 -1408 -5040 -5040 0
6 675 -3440 -8192 -8192 0
6 676 -3024 -9424 -9424 0
6 677 -4784 -6512 -6512 0
6 678 -768 -2496 -2496 0
6 679 0 0 0 0
6 680 0 0 0 0
6 681 -1616 -2672 -2672 0
6 682 -960 -4080 -4080 0
6 683 -3120 -8464 -8464 0
6 684 -3024 -6400 -6400 0
6 685 -1728 -3456 -3456 0
6 686 -1728 -1728 -1728 0
6 687 0 0 0 0
6 688 0 0 0 0
6 689 -1056 -2448 -2448 0
6 690 -672 -5088 -5088 0
6 691 -3264 -6400 -6400 0
6 692 -960 -3456 -3456 0
6 693 -1728 -1728 -1728 0
6 694 0 0 0 0
6 695 0 0 0 0
6 696 0 0 0 0
6 697 -1392 -3008 -3008 0
6 698 -1408 -3984 -3984 0
6 699 -768 -3456 -3456 0
6 700 0 -1728 -1728 0
6 701 0 0 0 0
6 702 0 0 0 0
6 703 0 0 0 0
6 704 0 0 0 0
6 705 0 0 0 0
6 706 0 0 0 0
6 707 0 0 0 0
6 708 0 0 0 0
6 709 0 0 0 0
6 710 0 0 0 0
6 711 0 0 0 0
6 712 0 0 0 0
6 713 0 0 0 0
6 714 0 496 496 0
6 715 0 229 229 0
6 716 0 5 5 0
6 717 0 448 448 0
6 718 0 -224 -224 0
6 719 0 0 0 0
6 720 0 0 0 0
6 721 0 496 496 0
6 722 0 384 384 0
6 723 496 -1232 -1232 0
6 724 672 -1088 -1088 0
6 725 -224 -800 -800 0
6 726 0 -80 -80 0
6 727 0 0 0 0
6 728 0 0 0 0
6 729 496 -288 -288 0
6 730 672 -928 -928 0
6 731 -1008 -1088 -1088 0
6 732 -896 -779 -779 0
6 733 816 -352 -352 0
6 734 -224 272 272 0
6 735 0 0 0 0
6 736 0 0 0 0
6 737 -784 -208 -208 0
6 738 -1392 -1163 -1163 0
6 739 1216 1552 613 1
6 740 -16 -704 -704 0
6 741 -1264 -1024 -1024 0
6 742 144 496 496 0
6 743 0 0 0 0
6 744 0 0 0 0
6 745 576 1072 133 1
6 746 96 480 480 0
6 747 -432 -800 -800 0
6 748 -816 -800 -800 0
6 749 240 592 592 0
6 750 352 352 352 0
6 751 0 0 0 0
6 752 0 0 0 0
6 753 496 -288 -288 0
6 754 672 -928 -928 0
6 755 352 -800 -800 0
6 756 96 592 592 0
6 757 352 352 352 0
6 758 0 0 0 0
6 759 0 0 0 0
6 760 0 0 0 0
6 761 -784 -208 -208 0
6 762 -1392 -720 -720 0
6 763 144 592 592 0
6 764 0 352 352 0
6 765 0 0 0 0
6 766 0 0 0 0
6 767 0 0 0 0
6 768 0 0 0 0
6 769 0 0 0 0
6 770 0 0 0 0
6 771 0 0 0 0
6 772 0 0 0 0
6 773 0 0 0 0
6 774 0 0 0 0
6 775 0 0 0 0
6 776 0 0 0 0
6 777 0 0 0 0
6 778 0 -64 -64 0
6 779 0 416 416 0
6 780 0 48 48 0
6 781 0 112 112 0
6 782 0 -368 -368 0
6 783 0 0 0 0
6 784 0 0 0 0
6 785 0 -64 -64 0
6 786 0 -320 -320 0
6 787 -64 -272 -272 0
6 788 480 208 208 0
6 789 -368 69 69 0
6 790 0 112 112 0
6 791 0 0 0 0
6 792 0 0 0 0
6 793 -64 -800 -800 0
6 794 480 -256 -256 0
6 795 -1104 -795 -795 0
6 796 352 624 624 0
6 797 960 1472 533 1
6 798 -368 -256 -256 0
6 799 0 0 0 0
6 800 0 0 0 0
6 801 -736 -1152 -1152 0
6 802 416 768 768 0
6 803 0 208 208 0
6 804 576 -160 -160 0
6 805 -320 53 53 0
6 806 480 112 112 0
6 807 0 0 0 0
6 808 0 0 0 0
6 809 -416 -480 -480 0
6 810 832 512 512 0
6 811 -1104 -992 -992 0
6 812 0 5 5 0
6 813 1312 944 5 1
6 814 -368 -368 -368 0
6 815 0 0 0 0
6 816 0 0 0 0
6 817 -64 -800 -800 0
6 818 480 -256 -256 0
6 819 -784 5 5 0
6 820 832 944 5 1
6 821 -368 -368 -368 0
6 822 0 0 0 0
6 823 0 0 0 0
6 824 0 0 0 0
6 825 -736 -1152 -1152 0
6 826 416 832 832 0
6 827 480 944 5 1
6 828 0 -368 -368 0
6 829 0 0 0 0
6 830 0 0 0 0
6 831 0 0 0 0
6 832 0 0 0 0
6 833 0 0 0 0
6 834 0 0 0 0
6 835 0 0 0 0
6 836 0 0 0 0
6 837 0 0 0 0
6 838 0 0 0 0
6 839 0 0 0 0
6 840 0 0 0 0
6 841 0 0 0 0
6 842 0 480 480 0
6 843 0 261 261 0
6 844 0 197 197 0
6 845 0 656 656 0
6 846 0 -64 -64 0
6 847 0 0 0 0
6 848 0 0 0 0
6 849 0 480 480 0
6 850 0 5 5 0
6 851 480 1024 85 1
6 852 720 725 725 0
6 853 -64 501 501 0
6 854 0 576 576 0
6 855 0 0 0 0
6 856 0 0 0 0
6 857 480 224 224 0
6 858 720 416 416 0
6 859 -320 224 224 0
6 860 624 720 720 0
6 861 1360 624 624 0
6 862 -64 288 288 0
6 863 0 0 0 0
6 864 0 0 0 0
6 865 -256 -448 -448 0
6 866 144 -96 -96 0
6 867 928 576 576 0
6 868 -64 -464 -464 0
6 869 -208 -96 -96 0
6 870 640 352 352 0
6 871 0 0 0 0
6 872 0 0 0 0
6 873 -192 288 288 0
6 874 -528 -523 -523 0
6 875 -544 64 64 0
6 876 -48 0 0 0
6 877 112 -176 -176 0
6 878 -288 -288 -288 0
6 879 0 0 0 0
6 880 0 0 0 0
6 881 480 224 224 0
6 882 720 416 416 0
6 883 -256 0 0 0
6 884 -528 -176 -176 0
6 885 -288 -288 -288 0
6 886 0 0 0 0
6 887 0 0 0 0
6 888 0 0 0 0
6 889 -256 -448 -448 0
6 890 144 -576 -576 0
6 891 640 -176 -176 0
6 892 0 -288 -288 0
6 893 0 0 0 0
6 894 0 0 0 0
6 895 0 0 0 0
6 896 0 0 0 0
6 897 0 0 0 0
6 898 0 0 0 0
6 899 0 0 0 0
6 900 0 0 0 0
6 901 0 0 0 0
6 902 0 0 0 0
6 903 0 0 0 0
6 904 0 0 0 0
6 905 0 0 0 0
6 906 0 160 160 0
6 907 0 336 336 0
6 908 0 96 96 0
6 909 0 -64 -64 0
6 910 0 -240 -240 0
6 911 0 0 0 0
6 912 0 0 0 0
6 913 0 160 160 0
6 914 0 224 224 0
6 915 160 -720 -720 0
6 916 176 -192 -192 0
6 917 -240 -240 -240 0
6 918 0 288 288 0
6 919 0 0 0 0
6 920 0 0 0 0
6 921 160 48 48 0
6 922 176 -400 -400 0
6 923 -352 528 528 0
6 924 -544 -475 -475 0
6 925 704 -64 -64 0
6 926 -240 -192 -192 0
6 927 0 0 0 0
6 928 0 0 0 0
6 929 -112 128 128 0
6 930 -704 -587 -587 0
6 931 928 1168 229 1
6 932 720 -464 -464 0
6 933 -1424 -1179 -1179 0
6 934 528 48 48 0
6 935 0 0 0 0
6 936 0 0 0 0
6 937 240 400 400 0
6 938 656 880 880 0
6 939 -592 -1120 -1120 0
6 940 -464 -459 -459 0
6 941 1184 704 704 0
6 942 -480 -480 -480 0
6 943 0 0 0 0
6 944 0 0 0 0
6 945 160 48 48 0
6 946 176 -400 -400 0
6 947 0 480 480 0
6 948 656 704 704 0
6 949 -480 -480 -480 0
6 950 0 0 0 0
6 951 0 0 0 0
6 952 0 0 0 0
6 953 -112 128 128 0
6 954 -704 192 192 0
6 955 528 704 704 0
6 956 0 -480 -480 0
6 957 0 0 0 0
6 958 0 0 0 0
6 959 0 0 0 0
6 960 0 0 0 0
6 961 0 0 0 0
6 962 0 0 0 0
6 963 0 0 0 0
6 964 0 0 0 0
6 965 0 0 0 0
6 966 0 0 0 0
6 967 0 0 0 0
6 968 0 0 0 0
6 969 0 0 0 0
6 970 0 -1040 -1040 0
6 971 0 -2560 -2560 0
6 972 0 -4320 -4320 0
6 973 0 -3280 -3280 0
6 974 0 -1760 -1760 0
6 975 0 0 0 0
6 976 0 0 0 0
6 977 0 -1040 -1040 0
6 978 0 -3728 -3728 0
6 979 -1040 -7024 -7024 0
6 980 -1520 -7968 -7968 0
6 981 -1760 -5760 -5760 0
6 982 0 -2704 -2704 0
6 983 0 0 0 0
6 984 0 0 0 0
6 985 -1040 -2208 -2208 0
6 986 -1520 -5232 -5232 0
6 987 -2928 -8480 -8480 0
6 988 -2576 -9840 -9840 0
6 989 -2464 -8384 -8384 0
6 990 -1760 -4304 -4304 0
6 991 0 0 0 0
6 992 0 0 0 0
6 993 -1168 -2176 -2176 0
6 994 -1536 -4608 -4608 0
6 995 -2992 -8304 -8304 0
6 996 -3712 -9616 -9616 0
6 997 -4896 -6864 -6864 0
6 998 -944 -2544 -2544 0
6 999 0 0 0 0
6 1000 0 0 0 0
6 1001 -1008 -2048 -2048 0
6 1002 -1024 -4752 -4752 0
6 1003 -2768 -8592 -8592 0
6 1004 -2544 -6272 -6272 0
6 1005 -1968 -3568 -3568 0
6 1006 -1600 -1600 -1600 0
6 1007 0 0 0 0
6 1008 0 0 0 0
6 1009 -1040 -2208 -2208 0
6 1010 -1520 -5232 -5232 0
6 1011 -2768 -6272 -6272 0
6 1012 -1024 -3568 -3568 0
6 1013 -1600 -1600 -1600 0
6 1014 0 0 0 0
6 1015 0 0 0 0
6 1016 0 0 0 0
6 1017 -1168 -2176 -2176 0
6 1018 -1536 -3568 -3568 0
6 1019 -944 -3568 -3568 0
6 1020 0 -1600 -1600 0
6 1021 0 0 0 0
6 1022 0 0 0 0
6 1023 0 0 0 0
7 0 0 0 0 0
7 1 0 0 0 0
7 2 0 0 0 0
7 3 0 0 0 0
7 4 0 0 0 0
7 5 0 0 0 0
7 6 0 0 0 0
7 7 0 0 0 0
7 8 0 0 0 0
7 9 0 0 0 0
7 10 0 -1824 -1824 0
7 11 0 -3104 -3104 0
7 12 0 -3760 -3760 0
7 13 -1824 -3760 -3760 0
7 14 -1280 -1936 -1936 0
7 15 -656 -656 -656 0
7 16 0 0 0 0
7 17 0 -1824 -1824 0
7 18 0 -3712 -3712 0
7 19 0 -5216 -5216 0
7 20 0 -6752 -6752 0
7 21 -608 -4928 -4928 0
7 22 -848 -3040 -3040 0
7 23 -1536 -1536 -1536 0
7 24 0 0 0 0
7 25 0 -2432 -2432 0
7 26 0 -4000 -4000 0
7 27 0 -7504 -7504 0
7 28 0 -9024 -9024 0
7 29 -1264 -7248 -7248 0
7 30 -768 -3856 -3856 0
7 31 -896 -896 -896 0
7 32 0 0 0 0
7 33 0 -1872 -1872 0
7 34 0 -4704 -4704 0
7 35 0 -8176 -8176 0
7 36 0 -6320 -6320 0
7 37 0 -4704 -4704 0
7 38 0 -2432 -2432 0
7 39 0 0 0 0
7 40 0 0 0 0
7 41 0 -3088 -3088 0
7 42 0 -4480 -4480 0
7 43 0 -5552 -5552 0
7 44 0 -5072 -5072 0
7 45 0 -3200 -3200 0
7 46 0 -896 -896 0
7 47 0 0 0 0
7 48 0 0 0 0
7 49 0 -2432 -2432 0
7 50 0 -4000 -4000 0
7 51 0 -5072 -5072 0
7 52 0 -3200 -3200 0
7 53 0 -896 -896 0
7 54 0 0 0 0
7 55 0 0 0 0
7 56 0 0 0 0
7 57 0 -1872 -1872 0
7 58 0 -2880 -2880 0
7 59 0 -3200 -3200 0
7 60 0 -896 -896 0
7 61 0 0 0 0
7 62 0 0 0 0
7 63 0 0 0 0
7 64 0 0 0 0
7 65 0 0 0 0
7 66 0 0 0 0
7 67 0 0 0 0
7 68 0 0 0 0
7 69 0 0 0 0
7 70 0 0 0 0
7 71 0 0 0 0
7 72 0 0 0 0
7 73 0 0 0 0
7 74 0 -1456 -1456 0
7 75 0 -2256 -2256 0
7 76 0 -3472 -3472 0
7 77 -1456 -3472 -3472 0
7 78 -800 -2016 -2016 0
7 79 -1216 -1216 -1216 0
7 80 0 0 0 0
7 81 0 -1456 -1456 0
7 82 0 -1696 -1696 0
7 83 0 -2656 -2656 0
7 84 0 -2112 -2112 0
7 85 560 -656 -656 0
7 86 256 -416 -416 0
7 87 544 544 544 0
7 88 0 0 0 0
7 89 0 -896 -896 0
7 90 0 -667 -667 0
7 91 0 -928 -928 0
7 92 0 -944 -944 0
7 93 256 -1264 -1264 0
7 94 128 -976 -976 0
7 95 -432 -432 -432 0
7 96 0 0 0 0
7 97 0 816 816 0
7 98 0 -816 -816 0
7 99 0 -1200 -1200 0
7 100 0 -1248 -1248 0
7 101 0 -720 -720 0
7 102 0 112 112 0
7 103 0 0 0 0
7 104 0 0 0 0
7 105 0 -1200 -1200 0
7 106 0 -1568 -1568 0
7 107 0 -1376 -1376 0
7 108 0 -32 -32 0
7 109 0 240 240 0
7 110 0 -432 -432 0
7 111 0 0 0 0
7 112 0 0 0 0
7 113 0 -896 -896 0
7 114 0 -667 -667 0
7 115 0 -32 -32 0
7 116 0 240 240 0
7 117 0 -432 -432 0
7 118 0 0 0 0
7 119 0 0 0 0
7 120 0 0 0 0
7 121 0 816 816 0
7 122 0 640 640 0
7 123 0 240 240 0
7 124 0 -432 -432 0
7 125 0 0 0 0
7 126 0 0 0 0
7 127 0 0 0 0
7 128 0 0 0 0
7 129 0 0 0 0
7 130 0 0 0 0
7 131 0 0 0 0
7 132 0 0 0 0
7 133 0 0 0 0
7 134 0 0 0 0
7 135 0 0 0 0
7 136 0 0 0 0
7 137 0 0 0 0
7 138 0 -1056 -1056 0
7 139 0 -672 -672 0
7 140 0 -608 -608 0
7 141 -1056 -608 -608 0
7 142 384 448 448 0
7 143 64 64 64 0
7 144 0 0 0 0
7 145 0 -1056 -1056 0
7 146 0 -736 -736 0
7 147 0 -128 -128 0
7 148 0 -1392 -1392 0
7 149 -64 -336 -336 0
7 150 544 -656 -656 0
7 151 -1264 -1264 -1264 0
7 152 0 0 0 0
7 153 0 -1120 -1120 0
7 154 0 -480 -480 0
7 155 0 -2736 -2736 0
7 156 0 -2352 -2352 0
7 157 -1344 -2107 -2107 0
7 158 384 -752 -752 0
7 159 64 64 64 0
7 160 0 0 0 0
7 161 0 -1408 -1408 0
7 162 0 -1472 -1472 0
7 163 0 -2896 -2896 0
7 164 0 32 32 0
7 165 0 -208 -208 0
7 166 0 -1200 -1200 0
7 167 0 0 0 0
7 168 0 0 0 0
7 169 0 -2400 -2400 0
7 170 0 -352 -352 0
7 171 0 -352 -352 0
7 172 0 -1616 -1616 0
7 173 0 -816 -816 0
7 174 0 64 64 0
7 175 0 0 0 0
7 176 0 0 0 0
7 177 0 -1120 -1120 0
7 178 0 -480 -480 0
7 179 0 -1616 -1616 0
7 180 0 -816 -816 0
7 181 0 64 64 0
7 182 0 0 0 0
7 183 0 0 0 0
7 184 0 0 0 0
7 185 0 -1408 -1408 0
7 186 0 -416 -416 0
7 187 0 -816 -816 0
7 188 0 64 64 0
7 189 0 0 0 0
7 190 0 0 0 0
7 191 0 0 0 0
7 192 0 0 0 0
7 193 0 0 0 0
7 194 0 0 0 0
7 195 0 0 0 0
7 196 0 0 0 0
7 197 0 0 0 0
7 198 0 0 0 0
7 199 0 0 0 0
7 200 0 0 0 0
7 201 0 0 0 0
7 202 0 144 144 0
7 203 0 -608 -608 0
7 204 0 -432 -432 0
7 205 144 -432 -432 0
7 206 -752 -576 -576 0
7 207 176 176 176 0
7 208 0 0 0 0
7 209 0 144 144 0
7 210 0 -112 -112 0
7 211 0 -96 -96 0
7 212 0 64 64 0
7 213 496 -80 -80 0
7 214 -160 176 176 0
7 215 160 160 160 0
7 216 0 0 0 0
7 217 0 640 640 0
7 218 0 -192 -192 0
7 219 0 453 453 0
7 220 0 496 496 0
7 221 224 32 32 0
7 222 352 720 720 0
7 223 32 32 32 0
7 224 0 0 0 0
7 225 0 720 720 0
7 226 0 560 560 0
7 227 0 656 656 0
7 228 0 368 368 0
7 229 0 560 560 0
7 230 0 192 192 0
7 231 0 0 0 0
7 232 0 0 0 0
7 233 0 368 368 0
7 234 0 240 240 0
7 235 0 16 16 0
7 236 0 752 752 0
7 237 0 544 544 0
7 238 0 32 32 0
7 239 0 0 0 0
7 240 0 0 0 0
7 241 0 640 640 0
7 242 0 -192 -192 0
7 243 0 752 752 0
7 244 0 544 544 0
7 245 0 32 32 0
7 246 0 0 0 0
7 247 0 0 0 0
7 248 0 0 0 0
7 249 0 720 720 0
7 250 0 416 416 0
7 251 0 544 544 0
7 252 0 32 32 0
7 253 0 0 0 0
7 254 0 0 0 0
7 255 0 0 0 0
7 256 0 0 0 0
7 257 0 0 0 0
7 258 0 0 0 0
7 259 0 0 0 0
7 260 0 0 0 0
7 261 0 0 0 0
7 262 0 0 0 0
7 263 0 0 0 0
7 264 0 0 0 0
7 265 0 0 0 0
7 266 0 -1216 -1216 0
7 267 0 -2880 -2880 0
7 268 0 -4624 -4624 0
7 269 -1216 -4624 -4624 0
7 270 -1664 -3408 -3408 0
7 271 -1744 -1744 -1744 0
7 272 0 0 0 0
7 273 0 -1216 -1216 0
7 274 0 -4048 -4048 0
7 275 0 -7568 -7568 0
7 276 0 -9488 -9488 0
7 277 -1168 -8272 -8272 0
7 278 -1776 -5440 -5440 0
7 279 -1920 -1920 -1920 0
7 280 0 0 0 0
7 281 0 -2384 -2384 0
7 282 0 -6640 -6640 0
7 283 0 -11680 -11680 0
7 284 0 -13520 -13520 0
7 285 -2032 -12880 -12880 0
7 286 -1824 -7408 -7408 0
7 287 -1920 -1920 -1920 0
7 288 0 0 0 0
7 289 0 -3200 -3200 0
7 290 0 -6848 -6848 0
7 291 0 -11744 -11744 0
7 292 0 -12128 -12128 0
7 293 0 -9184 -9184 0
7 294 0 -3840 -3840 0
7 295 0 0 0 0
7 296 0 0 0 0
7 297 0 -3248 -3248 0
7 298 0 -5872 -5872 0
7 299 0 -10304 -10304 0
7 300 0 -9296 -9296 0
7 301 0 -5664 -5664 0
7 302 0 -1920 -1920 0
7 303 0 0 0 0
7 304 0 0 0 0
7 305 0 -2384 -2384 0
7 306 0 -6640 -6640 0
7 307 0 -9296 -9296 0
7 308 0 -5664 -5664 0
7 309 0 -1920 -1920 0
7 310 0 0 0 0
7 311 0 0 0 0
7 312 0 0 0 0
7 313 0 -3200 -3200 0
7 314 0 -5632 -5632 0
7 315 0 -5664 -5664 0
7 316 0 -1920 -1920 0
7 317 0 0 0 0
7 318 0 0 0 0
7 319 0 0 0 0
7 320 0 0 0 0
7 321 0 0 0 0
7 322 0 0 0 0
7 323 0 0 0 0
7 324 0 0 0 0
7 325 0 0 0 0
7 326 0 0 0 0
7 327 0 0 0 0
7 328 0 0 0 0
7 329 0 0 0 0
7 330 0 -128 -128 0
7 331 0 -944 -944 0
7 332 0 -1184 -1184 0
7 333 -128 -1184 -1184 0
7 334 -816 -1056 -1056 0
7 335 -240 -240 -240 0
7 336 0 0 0 0
7 337 0 -128 -128 0
7 338 0 -336 -336 0
7 339 0 144 144 0
7 340 0 5 5 0
7 341 608 133 133 0
7 342 720 1280 341 1
7 343 800 800 800 0
7 344 0 0 0 0
7 345 0 480 480 0
7 346 0 -619 -619 0
7 347 0 912 912 0
7 348 0 608 608 0
7 349 -192 -112 -112 0
7 350 -656 -763 -763 0
7 351 272 272 272 0
7 352 0 0 0 0
7 353 0 416 416 0
7 354 0 -256 -256 0
7 355 0 -112 -112 0
7 356 0 -304 -304 0
7 357 0 896 896 0
7 358 0 133 133 0
7 359 0 0 0 0
7 360 0 0 0 0
7 361 0 -320 -320 0
7 362 0 -992 -992 0
7 363 0 352 352 0
7 364 0 432 432 0
7 365 0 416 416 0
7 366 0 272 272 0
7 367 0 0 0 0
7 368 0 0 0 0
7 369 0 480 480 0
7 370 0 -619 -619 0
7 371 0 432 432 0
7 372 0 -523 -523 0
7 373 0 272 272 0
7 374 0 0 0 0
7 375 0 0 0 0
7 376 0 0 0 0
7 377 0 416 416 0
7 378 0 -128 -128 0
7 379 0 416 416 0
7 380 0 272 272 0
7 381 0 0 0 0
7 382 0 0 0 0
7 383 0 0 0 0
7 384 0 0 0 0
7 385 0 0 0 0
7 386 0 0 0 0
7 387 0 0 0 0
7 388 0 0 0 0
7 389 0 0 0 0
7 390 0 0 0 0
7 391 0 0 0 0
7 392 0 0 0 0
7 393 0 0 0 0
7 394 0 224 224 0
7 395 0 64 64 0
7 396 0 -1280 -1280 0
7 397 224 -1280 -1280 0
7 398 -160 -1504 -1504 0
7 399 -1344 -1344 -1344 0
7 400 0 0 0 0
7 401 0 224 224 0
7 402 0 -80 -80 0
7 403 0 -640 -640 0
7 404 0 -880 -880 0
7 405 -144 -1104 -1104 0
7 406 784 -800 -800 0
7 407 -240 -240 -240 0
7 408 0 0 0 0
7 409 0 80 80 0
7 410 0 208 208 0
7 411 0 -1355 -1355 0
7 412 0 256 256 0
7 413 -272 -1168 -1168 0
7 414 576 -1520 -1520 0
7 415 -512 -512 -512 0
7 416 0 0 0 0
7 417 0 -416 -416 0
7 418 0 373 373 0
7 419 0 -528 -528 0
7 420 0 -1072 -1072 0
7 421 0 -736 -736 0
7 422 0 -752 -752 0
7 423 0 0 0 0
7 424 0 0 0 0
7 425 0 -48 -48 0
7 426 0 496 496 0
7 427 0 -1648 -1648 0
7 428 0 -496 -496 0
7 429 0 -176 -176 0
7 430 0 -512 -512 0
7 431 0 0 0 0
7 432 0 0 0 0
7 433 0 80 80 0
7 434 0 208 208 0
7 435 0 -1435 -1435 0
7 436 0 -176 -176 0
7 437 0 -512 -512 0
7 438 0 0 0 0
7 439 0 0 0 0
7 440 0 0 0 0
7 441 0 -416 -416 0
7 442 0 149 149 0
7 443 0 -176 -176 0
7 444 0 -512 -512 0
7 445 0 0 0 0
7 446 0 0 0 0
7 447 0 0 0 0
7 448 0 0 0 0
7 449 0 0 0 0
7 450 0 0 0 0
7 451 0 0 0 0
7 452 0 0 0 0
7 453 0 0 0 0
7 454 0 0 0 0
7 455 0 0 0 0
7 456 0 0 0 0
7 457 0 0 0 0
7 458 0 -304 -304 0
7 459 0 496 496 0
7 460 0 496 496 0
7 461 -304 496 496 0
7 462 800 800 800 0
7 463 0 0 0 0
7 464 0 0 0 0
7 465 0 -304 -304 0
7 466 0 928 928 0
7 467 0 352 352 0
7 468 0 -1040 -1040 0
7 469 432 -736 -736 0
7 470 -576 -1968 -1968 0
7 471 -1392 -1392 -1392 0
7 472 0 0 0 0
7 473 0 128 128 0
7 474 0 928 928 0
7 475 0 -1744 -1744 0
7 476 0 -1056 -1056 0
7 477 272 -1184 -1184 0
7 478 -176 -1680 -1680 0
7 479 -112 -112 -112 0
7 480 0 0 0 0
7 481 0 704 704 0
7 482 0 -784 -784 0
7 483 0 -1419 -1419 0
7 484 0 640 640 0
7 485 0 -2256 -2256 0
7 486 0 -1504 -1504 0
7 487 0 0 0 0
7 488 0 0 0 0
7 489 0 -32 -32 0
7 490 0 752 752 0
7 491 0 816 816 0
7 492 0 -1872 -1872 0
7 493 0 -1680 -1680 0
7 494 0 -112 -112 0
7 495 0 0 0 0
7 496 0 0 0 0
7 497 0 128 128 0
7 498 0 928 928 0
7 499 0 -1872 -1872 0
7 500 0 -1680 -1680 0
7 501 0 -112 -112 0
7 502 0 0 0 0
7 503 0 0 0 0
7 504 0 0 0 0
7 505 0 704 704 0
7 506 0 -480 -480 0
7 507 0 -1680 -1680 0
7 508 0 -112 -112 0
7 509 0 0 0 0
7 510 0 0 0 0
7 511 0 0 0 0
7 512 0 0 0 0
7 513 0 0 0 0
7 514 0 0 0 0
7 515 0 0 0 0
7 516 0 0 0 0
7 517 0 0 0 0
7 518 0 0 0 0
7 519 0 0 0 0
7 520 0 0 0 0
7 521 0 0 0 0
7 522 0 -432 -432 0
7 523 0 -304 -304 0
7 524 0 144 144 0
7 525 -432 144 144 0
7 526 128 576 576 0
7 527 448 448 448 0
7 528 0 0 0 0
7 529 0 -432 -432 0
7 530 0 144 144 0
7 531 0 496 496 0
7 532 0 608 608 0
7 533 448 1040 101 1
7 534 -96 464 464 0
7 535 112 112 112 0
7 536 0 0 0 0
7 537 0 16 16 0
7 538 0 -96 -96 0
7 539 0 0 0 0
7 540 0 64 64 0
7 541 -576 -443 -443 0
7 542 96 101 101 0
7 543 384 384 384 0
7 544 0 0 0 0
7 545 0 -128 -128 0
7 546 0 -1008 -1008 0
7 547 0 -779 -779 0
7 548 0 832 832 0
7 549 0 5 5 0
7 550 0 496 496 0
7 551 0 0 0 0
7 552 0 0 0 0
7 553 0 -1008 -1008 0
7 554 0 240 240 0
7 555 0 736 736 0
7 556 0 -16 -16 0
7 557 0 592 592 0
7 558 0 384 384 0
7 559 0 0 0 0
7 560 0 0 0 0
7 561 0 16 16 0
7 562 0 -96 -96 0
7 563 0 -16 -16 0
7 564 0 592 592 0
7 565 0 384 384 0
7 566 0 0 0 0
7 567 0 0 0 0
7 568 0 0 0 0
7 569 0 -128 -128 0
7 570 0 -576 -576 0
7 571 0 592 592 0
7 572 0 384 384 0
7 573 0 0 0 0
7 574 0 0 0 0
7 575 0 0 0 0
7 576 0 0 0 0
7 577 0 0 0 0
7 578 0 0 0 0
7 579 0 0 0 0
7 580 0 0 0 0
7 581 0 0 0 0
7 582 0 0 0 0
7 583 0 0 0 0
7 584 0 0 0 0
7 585 0 0 0 0
7 586 0 480 480 0
7 587 0 -336 -336 0
7 588 0 -1488 -1488 0
7 589 480 -1488 -1488 0
7 590 -816 -1968 -1968 0
7 591 -1152 -1152 -1152 0
7 592 0 0 0 0
7 593 0 480 480 0
7 594 0 -144 -144 0
7 595 0 -1008 -1008 0
7 596 0 -560 -560 0
7 597 192 -1040 -1040 0
7 598 288 -416 -416 0
7 599 448 448 448 0
7 600 0 0 0 0
7 601 0 672 672 0
7 602 0 -512 -512 0
7 603 0 -699 -699 0
7 604 0 928 928 0
7 605 -176 -896 -896 0
7 606 160 -192 -192 0
7 607 352 352 352 0
7 608 0 0 0 0
7 609 0 16 16 0
7 610 0 752 752 0
7 611 0 640 640 0
7 612 0 -1152 -1152 0
7 613 0 96 96 0
7 614 0 800 800 0
7 615 0 0 0 0
7 616 0 0 0 0
7 617 0 304 304 0
7 618 0 16 16 0
7 619 0 -1312 -1312 0
7 620 0 -432 -432 0
7 621 0 21 21 0
7 622 0 352 352 0
7 623 0 0 0 0
7 624 0 0 0 0
7 625 0 672 672 0
7 626 0 -512 -512 0
7 627 0 -432 -432 0
7 628 0 21 21 0
7 629 0 352 352 0
7 630 0 0 0 0
7 631 0 0 0 0
7 632 0 0 0 0
7 633 0 16 16 0
7 634 0 272 272 0
7 635 0 21 21 0
7 636 0 352 352 0
7 637 0 0 0 0
7 638 0 0 0 0
7 639 0 0 0 0
7 640 0 0 0 0
7 641 0 0 0 0
7 642 0 0 0 0
7 643 0 0 0 0
7 644 0 0 0 0
7 645 0 0 0 0
7 646 0 0 0 0
7 647 0 0 0 0
7 648 0 0 0 0
7 649 0 0 0 0
7 650 0 -1056 -1056 0
7 651 0 -1728 -1728 0
7 652 0 -3376 -3376 0
7 653 -1056 -3376 -3376 0
7 654 -672 -2320 -2320 0
7 655 -1648 -1648 -1648 0
7 656 0 0 0 0
7 657 0 -1056 -1056 0
7 658 0 -3120 -3120 0
7 659 0 -6176 -6176 0
7 660 0 -6944 -6944 0
7 661 -1392 -5888 -5888 0
7 662 -1408 -3824 -3824 0
7 663 -768 -768 -768 0
7 664 0 0 0 0
7 665 0 -2448 -2448 0
7 666 0 -5088 -5088 0
7 667 0 -8848 -8848 0
7 668 0 -9600 -9600 0
7 669 -1616 -8800 -8800 0
7 670 -960 -5104 -5104 0
7 671 -1728 -1728 -1728 0
7 672 0 0 0 0
7 673 0 -3008 -3008 0
7 674 0 -5040 -5040 0
7 675 0 -8192 -8192 0
7 676 0 -9424 -9424 0
7 677 0 -6512 -6512 0
7 678 0 -2496 -2496 0
7 679 0 0 0 0
7 680 0 0 0 0
7 681 0 -2672 -2672 0
7 682 0 -4080 -4080 0
7 683 0 -8464 -8464 0
7 684 0 -6400 -6400 0
7 685 0 -3456 -3456 0
7 686 0 -1728 -1728 0
7 687 0 0 0 0
7 688 0 0 0 0
7 689 0 -2448 -2448 0
7 690 0 -5088 -5088 0
7 691 0 -6400 -6400 0
7 692 0 -3456 -3456 0
7 693 0 -1728 -1728 0
7 694 0 0 0 0
7 695 0 0 0 0
7 696 0 0 0 0
7 697 0 -3008 -3008 0
7 698 0 -3984 -3984 0
7 699 0 -3456 -3456 0
7 700 0 -1728 -1728 0
7 701 0 0 0 0
7 702 0 0 0 0
7 703 0 0 0 0
7 704 0 0 0 0
7 705 0 0 0 0
7 706 0 0 0 0
7 707 0 0 0 0
7 708 0 0 0 0
7 709 0 0 0 0
7 710 0 0 0 0
7 711 0 0 0 0
7 712 0 0 0 0
7 713 0 0 0 0
7 714 0 496 496 0
7 715 0 229 229 0
7 716 0 5 5 0
7 717 496 944 5 1
7 718 672 448 448 0
7 719 -224 -224 -224 0
7 720 0 0 0 0
7 721 0 496 496 0
7 722 0 384 384 0
7 723 0 -1232 -1232 0
7 724 0 -1088 -1088 0
7 725 -784 -1584 -1584 0
7 726 -1392 -1472 -1472 0
7 727 144 144 144 0
7 728 0 0 0 0
7 729 0 -288 -288 0
7 730 0 -928 -928 0
7 731 0 -1088 -1088 0
7 732 0 -779 -779 0
7 733 576 224 224 0
7 734 96 368 368 0
7 735 352 352 352 0
7 736 0 0 0 0
7 737 0 -208 -208 0
7 738 0 -1163 -1163 0
7 739 0 613 613 0
7 740 0 -704 -704 0
7 741 0 -1024 -1024 0
7 742 0 496 496 0
7 743 0 0 0 0
7 744 0 0 0 0
7 745 0 133 133 0
7 746 0 480 480 0
7 747 0 -800 -800 0
7 748 0 -800 -800 0
7 749 0 592 592 0
7 750 0 352 352 0
7 751 0 0 0 0
7 752 0 0 0 0
7 753 0 -288 -288 0
7 754 0 -928 -928 0
7 755 0 -800 -800 0
7 756 0 592 592 0
7 757 0 352 352 0
7 758 0 0 0 0
7 759 0 0 0 0
7 760 0 0 0 0
7 761 0 -208 -208 0
7 762 0 -720 -720 0
7 763 0 592 592 0
7 764 0 352 352 0
7 765 0 0 0 0
7 766 0 0 0 0
7 767 0 0 0 0
7 768 0 0 0 0
7 769 0 0 0 0
7 770 0 0 0 0
7 771 0 0 0 0
7 772 0 0 0 0
7 773 0 0 0 0
7 774 0 0 0 0
7 775 0 0 0 0
7 776 0 0 0 0
7 777 0 0 0 0
7 778 0 -64 -64 0
7 779 0 416 416 0
7 780 0 48 48 0
7 781 -64 48 48 0
7 782 480 112 112 0
7 783 -368 -368 -368 0
7 784 0 0 0 0
7 785 0 -64 -64 0
7 786 0 -320 -320 0
7 787 0 -272 -272 0
7 788 0 208 208 0
7 789 -736 -667 -667 0
7 790 416 528 528 0
7 791 480 480 480 0
7 792 0 0 0 0
7 793 0 -800 -800 0
7 794 0 -256 -256 0
7 795 0 -795 -795 0
7 796 0 624 624 0
7 797 -416 117 117 0
7 798 832 576 576 0
7 799 -368 -368 -368 0
7 800 0 0 0 0
7 801 0 -1152 -1152 0
7 802 0 768 768 0
7 803 0 208 208 0
7 804 0 -160 -160 0
7 805 0 53 53 0
7 806 0 112 112 0
7 807 0 0 0 0
7 808 0 0 0 0
7 809 0 -480 -480 0
7 810 0 512 512 0
7 811 0 -992 -992 0
7 812 0 5 5 0
7 813 0 5 5 0
7 814 0 -368 -368 0
7 815 0 0 0 0
7 816 0 0 0 0
7 817 0 -800 -800 0
7 818 0 -256 -256 0
7 819 0 5 5 0
7 820 0 5 5 0
7 821 0 -368 -368 0
7 822 0 0 0 0
7 823 0 0 0 0
7 824 0 0 0 0
7 825 0 -1152 -1152 0
7 826 0 832 832 0
7 827 0 5 5 0
7 828 0 -368 -368 0
7 829 0 0 0 0
7 830 0 0 0 0
7 831 0 0 0 0
7 832 0 0 0 0
7 833 0 0 0 0
7 834 0 0 0 0
7 835 0 0 0 0
7 836 0 0 0 0
7 837 0 0 0 0
7 838 0 0 0 0
7 839 0 0 0 0
7 840 0 0 0 0
7 841 0 0 0 0
7 842 0 480 480 0
7 843 0 261 261 0
7 844 0 197 197 0
7 845 480 1136 197 1
7 846 720 656 656 0
7 847 -64 -64 -64 0
7 848 0 0 0 0
7 849 0 480 480 0
7 850 0 5 5 0
7 851 0 85 85 0
7 852 0 725 725 0
7 853 -256 245 245 0
7 854 144 720 720 0
7 855 640 640 640 0
7 856 0 0 0 0
7 857 0 224 224 0
7 858 0 416 416 0
7 859 0 224 224 0
7 860 0 720 720 0
7 861 -192 432 432 0
7 862 -528 -240 -240 0
7 863 -288 -288 -288 0
7 864 0 0 0 0
7 865 0 -448 -448 0
7 866 0 -96 -96 0
7 867 0 576 576 0
7 868 0 -464 -464 0
7 869 0 -96 -96 0
7 870 0 352 352 0
7 871 0 0 0 0
7 872 0 0 0 0
7 873 0 288 288 0
7 874 0 -523 -523 0
7 875 0 64 64 0
7 876 0 0 0 0
7 877 0 -176 -176 0
7 878 0 -288 -288 0
7 879 0 0 0 0
7 880 0 0 0 0
7 881 0 224 224 0
7 882 0 416 416 0
7 883 0 0 0 0
7 884 0 -176 -176 0
7 885 0 -288 -288 0
7 886 0 0 0 0
7 887 0 0 0 0
7 888 0 0 0 0
7 889 0 -448 -448 0
7 890 0 -576 -576 0
7 891 0 -176 -176 0
7 892 0 -288 -288 0
7 893 0 0 0 0
7 894 0 0 0 0
7 895 0 0 0 0
7 896 0 0 0 0
7 897 0 0 0 0
7 898 0 0 0 0
7 899 0 0 0 0
7 900 0 0 0 0
7 901 0 0 0 0
7 902 0 0 0 0
7 903 0 0 0 0
7 904 0 0 0 0
7 905 0 0 0 0
7 906 0 160 160 0
7 907 0 336 336 0
7 908 0 96 96 0
7 909 160 96 96 0
7 910 176 -64 -64 0
7 911 -240 -240 -240 0
7 912 0 0 0 0
7 913 0 160 160 0
7 914 0 224 224 0
7 915 0 -720 -720 0
7 916 0 -192 -192 0
7 917 -112 -352 -352 0
7 918 -704 -416 -416 0
7 919 528 528 528 0
7 920 0 0 0 0
7 921 0 48 48 0
7 922 0 -400 -400 0
7 923 0 528 528 0
7 924 0 -475 -475 0
7 925 240 176 176 0
7 926 656 464 464 0
7 927 -480 -480 -480 0
7 928 0 0 0 0
7 929 0 128 128 0
7 930 0 -587 -587 0
7 931 0 229 229 0
7 932 0 -464 -464 0
7 933 0 -1179 -1179 0
7 934 0 48 48 0
7 935 0 0 0 0
7 936 0 0 0 0
7 937 0 400 400 0
7 938 0 880 880 0
7 939 0 -1120 -1120 0
7 940 0 -459 -459 0
7 941 0 704 704 0
7 942 0 -480 -480 0
7 943 0 0 0 0
7 944 0 0 0 0
7 945 0 48 48 0
7 946 0 -400 -400 0
7 947 0 480 480 0
7 948 0 704 704 0
7 949 0 -480 -480 0
7 950 0 0 0 0
7 951 0 0 0 0
7 952 0 0 0 0
7 953 0 128 128 0
7 954 0 192 192 0
7 955 0 704 704 0
7 956 0 -480 -480 0
7 957 0 0 0 0
7 958 0 0 0 0
7 959 0 0 0 0
7 960 0 0 0 0
7 961 0 0 0 0
7 962 0 0 0 0
7 963 0 0 0 0
7 964 0 0 0 0
7 965 0 0 0 0
7 966 0 0 0 0
7 967 0 0 0 0
7 968 0 0 0 0
7 969 0 0 0 0
7 970 0 -1040 -1040 0
7 971 0 -2560 -2560 0
7 972 0 -4320 -4320 0
7 973 -1040 -4320 -4320 0
7 974 -1520 -3280 -3280 0
7 975 -1760 -1760 -1760 0
7 976 0 0 0 0
7 977 0 -1040 -1040 0
7 978 0 -3728 -3728 0
7 979 0 -7024 -7024 0
7 980 0 -7968 -7968 0
7 981 -1168 -6928 -6928 0
7 982 -1536 -4240 -4240 0
7 983 -944 -944 -944 0
7 984 0 0 0 0
7 985 0 -2208 -2208 0
7 986 0 -5232 -5232 0
7 987 0 -8480 -8480 0
7 988 0 -9840 -9840 0
7 989 -1008 -9392 -9392 0
7 990 -1024 -5328 -5328 0
7 991 -1600 -1600 -1600 0
7 992 0 0 0 0
7 993 0 -2176 -2176 0
7 994 0 -4608 -4608 0
7 995 0 -8304 -8304 0
7 996 0 -9616 -9616 0
7 997 0 -6864 -6864 0
7 998 0 -2544 -2544 0
7 999 0 0 0 0
7 1000 0 0 0 0
7 1001 0 -2048 -2048 0
7 1002 0 -4752 -4752 0
7 1003 0 -8592 -8592 0
7 1004 0 -6272 -6272 0
7 1005 0 -3568 -3568 0
7 1006 0 -1600 -1600 0
7 1007 0 0 0 0
7 1008 0 0 0 0
7 1009 0 -2208 -2208 0
7 1010 0 -5232 -5232 0
7 1011 0 -6272 -6272 0
7 1012 0 -3568 -3568 0
7 1013 0 -1600 -1600 0
7 1014 0 0 0 0
7 1015 0 0 0 0
7 1016 0 0 0 0
7 1017 0 -2176 -2176 0
7 1018 0 -3568 -3568 0
7 1019 0 -3568 -3568 0
7 1020 0 -1600 -1600 0
7 1021 0 0 0 0
7 1022 0 0 0 0
7 1023 0 0 0 0
8 0 -608 -608 -608 0
8 1 -1456 -1456 -1456 0
8 2 -2384 -2384 -2384 0
8 3 -3360 -3360 -3360 0
8 4 -1280 -1280 -1280 0
8 5 -656 -656 -656 0
8 6 -608 -608 -608 0
8 7 -848 -848 -848 0
8 8 -3088 -3088 -3088 0
8 9 -5136 -5136 -5136 0
8 10 -3600 -3600 -3600 0
8 11 -2160 -2160 -2160 0
8 12 -848 -848 -848 0
8 13 -1536 -1536 -1536 0
8 14 -1264 -1264 -1264 0
8 15 -768 -768 -768 0
8 16 -608 -608 -608 0
8 17 -1456 -1456 -1456 0
8 18 -4208 -4208 -4208 0
8 19 -4080 -4080 -4080 0
8 20 -1424 -1424 -1424 0
8 21 -2720 -2720 -2720 0
8 22 -1280 -1280 -1280 0
8 23 -656 -656 -656 0
8 24 -1264 -1264 -1264 0
8 25 -2032 -2032 -2032 0
8 26 -2272 -2272 -2272 0
8 27 -3568 -3568 -3568 0
8 28 -2816 -2816 -2816 0
8 29 -1264 -1264 -1264 0
8 30 -848 -848 -848 0
8 31 -1536 -1536 -1536 0
8 32 0 0 0 0
8 33 0 0 0 0
8 34 -1264 -1264 -1264 0
8 35 -1376 -1376 -1376 0
8 36 -1744 -1744 -1744 0
8 37 -2800 -2800 -2800 0
8 38 -768 -768 -768 0
8 39 -896 -896 -896 0
8 40 0 0 0 0
8 41 -1824 -1824 -1824 0
8 42 -3104 -3104 -3104 0
8 43 -3200 -3200 -3200 0
8 44 -1424 -1424 -1424 0
8 45 -896 -896 -896 0
8 46 0 0 0 0
8 47 0 0 0 0
8 48 0 0 0 0
8 49 -608 -608 -608 0
8 50 -1456 -1456 -1456 0
8 51 -2384 -2384 -2384 0
8 52 -1536 -1536 -1536 0
8 53 0 0 0 0
8 54 0 0 0 0
8 55 0 0 0 0
8 56 0 0 0 0
8 57 -1264 -1264 -1264 0
8 58 -2032 -2032 -2032 0
8 59 -1664 -1664 -1664 0
8 60 -896 -896 -896 0
8 61 0 0 0 0
8 62 0 0 0 0
8 63 0 0 0 0
8 64 560 560 560 0
8 65 816 816 816 0
8 66 800 800 800 0
8 67 -912 -912 -912 0
8 68 -800 -800 -800 0
8 69 -1216 -1216 -1216 0
8 70 560 560 560 0
8 71 256 256 256 0
8 72 -1200 -1200 -1200 0
8 73 -1872 -1872 -1872 0
8 74 -2320 -2320 -2320 0
8 75 -1088 -1088 -1088 0
8 76 256 256 256 0
8 77 544 544 544 0
8 78 256 256 256 0
8 79 128 128 128 0
8 80 560 560 560 0
8 81 816 816 816 0
8 82 -656 -656 -656 0
8 83 0 0 0 0
8 84 -1088 -1088 -1088 0
8 85 -1888 -1888 -1888 0
8 86 -800 -800 -800 0
8 87 -1216 -1216 -1216 0
8 88 256 256 256 0
8 89 384 384 384 0
8 90 256 256 256 0
8 91 -1632 -1632 -1632 0
8 92 -256 -256 -256 0
8 93 -656 -656 -656 0
8 94 256 256 256 0
8 95 544 544 544 0
8 96 0 0 0 0
8 97 0 0 0 0
8 98 256 256 256 0
8 99 688 688 688 0
8 100 -176 -176 -176 0
8 101 800 800 800 0
8 102 128 128 128 0
8 103 -432 -432 -432 0
8 104 0 0 0 0
8 105 -1456 -1456 -1456 0
8 106 -2256 -2256 -2256 0
8 107 -1760 -1760 -1760 0
8 108 -1088 -1088 -1088 0
8 109 -432 -432 -432 0
8 110 0 0 0 0
8 111 0 0 0 0
8 112 0 0 0 0
8 113 560 560 560 0
8 114 816 816 816 0
8 115 800 800 800 0
8 116 544 544 544 0
8 117 0 0 0 0
8 118 0 0 0 0
8 119 0 0 0 0
8 120 0 0 0 0
8 121 256 256 256 0
8 122 384 384 384 0
8 123 -304 -304 -304 0
8 124 -432 -432 -432 0
8 125 0 0 0 0
8 126 0 0 0 0
8 127 0 0 0 0
8 128 -64 -64 -64 0
8 129 480 480 480 0
8 130 -720 -720 -720 0
8 131 -2320 -2320 -2320 0
8 132 384 384 384 0
8 133 64 64 64 0
8 134 -64 -64 -64 0
8 135 544 544 544 0
8 136 -2400 -2400 -2400 0
8 137 -1632 -1632 -1632 0
8 138 896 896 896 0
8 139 64 64 64 0
8 140 544 544 544 0
8 141 -1264 -1264 -1264 0
8 142 -1344 -1344 -1344 0
8 143 384 384 384 0
8 144 -64 -64 -64 0
8 145 480 480 480 0
8 146 -1776 -1776 -1776 0
8 147 -2224 -2224 -2224 0
8 148 448 448 448 0
8 149 -992 -992 -992 0
8 150 384 384 384 0
8 151 64 64 64 0
8 152 -1344 -1344 -1344 0
8 153 -960 -960 -960 0
8 154 384 384 384 0
8 155 -448 -448 -448 0
8 156 -880 -880 -880 0
8 157 0 0 0 0
8 158 544 544 544 0
8 159 -1264 -1264 -1264 0
8 160 0 0 0 0
8 161 0 0 0 0
8 162 -1344 -1344 -1344 0
8 163 320 320 320 0
8 164 608 608 608 0
8 165 -2608 -2608 -2608 0
8 166 384 384 384 0
8 167 64 64 64 0
8 168 0 0 0 0
8 169 -1056 -1056 -1056 0
8 170 -672 -672 -672 0
8 171 -896 -896 -896 0
8 172 448 448 448 0
8 173 64 64 64 0
8 174 0 0 0 0
8 175 0 0 0 0
8 176 0 0 0 0
8 177 -64 -64 -64 0
8 178 480 480 480 0
8 179 -720 -720 -720 0
8 180 -1264 -1264 -1264 0
8 181 0 0 0 0
8 182 0 0 0 0
8 183 0 0 0 0
8 184 0 0 0 0
8 185 -1344 -1344 -1344 0
8 186 -960 -960 -960 0
8 187 448 448 448 0
8 188 64 64 64 0
8 189 0 0 0 0
8 190 0 0 0 0
8 191 0 0 0 0
8 192 496 496 496 0
8 193 336 336 336 0
8 194 0 0 0 0
8 195 304 304 304 0
8 196 -752 -752 -752 0
8 197 176 176 176 0
8 198 496 496 496 0
8 199 -160 -160 -160 0
8 200 368 368 368 0
8 201 -32 -32 -32 0
8 202 -192 -192 -192 0
8 203 704 704 704 0
8 204 -160 -160 -160 0
8 205 160 160 160 0
8 206 224 224 224 0
8 207 352 352 352 0
8 208 496 496 496 0
8 209 336 336 336 0
8 210 144 144 144 0
8 211 -368 -368 -368 0
8 212 528 528 528 0
8 213 176 176 176 0
8 214 -752 -752 -752 0
8 215 176 176 176 0
8 216 224 224 224 0
8 217 576 576 576 0
8 218 880 880 880 0
8 219 16 16 16 0
8 220 -592 -592 -592 0
8 221 672 672 672 0
8 222 -160 -160 -160 0
8 223 160 160 160 0
8 224 0 0 0 0
8 225 0 0 0 0
8 226 224 224 224 0
8 227 848 848 848 0
8 228 -128 -128 -128 0
8 229 384 384 384 0
8 230 352 352 352 0
8 231 32 32 32 0
8 232 0 0 0 0
8 233 144 144 144 0
8 234 -608 -608 -608 0
8 235 -352 -352 -352 0
8 236 528 528 528 0
8 237 32 32 32 0
8 238 0 0 0 0
8 239 0 0 0 0
8 240 0 0 0 0
8 241 496 496 496 0
8 242 336 336 336 0
8 243 0 0 0 0
8 244 160 160 160 0
8 245 0 0 0 0
8 246 0 0 0 0
8 247 0 0 0 0
8 248 0 0 0 0
8 249 224 224 224 0
8 250 576 576 576 0
8 251 384 384 384 0
8 252 32 32 32 0
8 253 0 0 0 0
8 254 0 0 0 0
8 255 0 0 0 0
8 256 -1168 -1168 -1168 0
8 257 -2944 -2944 -2944 0
8 258 -3696 -3696 -3696 0
8 259 -3136 -3136 -3136 0
8 260 -1664 -1664 -1664 0
8 261 -1744 -1744 -1744 0
8 262 -1168 -1168 -1168 0
8 263 -1776 -1776 -1776 0
8 264 -3248 -3248 -3248 0
8 265 -6736 -6736 -6736 0
8 266 -7152 -7152 -7152 0
8 267 -4832 -4832 -4832 0
8 268 -1776 -1776 -1776 0
8 269 -1920 -1920 -1920 0
8 270 -2032 -2032 -2032 0
8 271 -1824 -1824 -1824 0
8 272 -1168 -1168 -1168 0
8 273 -2944 -2944 -2944 0
8 274 -4912 -4912 -4912 0
8 275 -5616 -5616 -5616 0
8 276 -3568 -3568 -3568 0
8 277 -3136 -3136 -3136 0
8 278 -1664 -1664 -1664 0
8 279 -1744 -1744 -1744 0
8 280 -2032 -2032 -2032 0
8 281 -3856 -3856 -3856 0
8 282 -4912 -4912 -4912 0
8 283 -4912 -4912 -4912 0
8 284 -3584 -3584 -3584 0
8 285 -2912 -2912 -2912 0
8 286 -1776 -1776 -1776 0
8 287 -1920 -1920 -1920 0
8 288 0 0 0 0
8 289 0 0 0 0
8 290 -2032 -2032 -2032 0
8 291 -2992 -2992 -2992 0
8 292 -3696 -3696 -3696 0
8 293 -3952 -3952 -3952 0
8 294 -1824 -1824 -1824 0
8 295 -1920 -1920 -1920 0
8 296 0 0 0 0
8 297 -1216 -1216 -1216 0
8 298 -2880 -2880 -2880 0
8 299 -5440 -5440 -5440 0
8 300 -3568 -3568 -3568 0
8 301 -1920 -1920 -1920 0
8 302 0 0 0 0
8 303 0 0 0 0
8 304 0 0 0 0
8 305 -1168 -1168 -1168 0
8 306 -2944 -2944 -2944 0
8 307 -3696 -3696 -3696 0
8 308 -1920 -1920 -1920 0
8 309 0 0 0 0
8 310 0 0 0 0
8 311 0 0 0 0
8 312 0 0 0 0
8 313 -2032 -2032 -2032 0
8 314 -3856 -3856 -3856 0
8 315 -3744 -3744 -3744 0
8 316 -1920 -1920 -1920 0
8 317 0 0 0 0
8 318 0 0 0 0
8 319 0 0 0 0
8 320 608 608 608 0
8 321 1328 1328 389 1
8 322 1520 1520 581 1
8 323 672 672 672 0
8 324 -816 -816 -816 0
8 325 -240 -240 -240 0
8 326 608 608 608 0
8 327 720 720 720 0
8 328 -320 -320 -320 0
8 329 -1792 -1792 -1792 0
8 330 -1440 -1440 -1440 0
8 331 640 640 640 0
8 332 720 720 720 0
8 333 800 800 800 0
8 334 -192 -192 -192 0
8 335 -656 -656 -656 0
8 336 608 608 608 0
8 337 1328 1328 389 1
8 338 1392 1392 453 1
8 339 -208 -208 -208 0
8 340 -896 -896 -896 0
8 341 144 144 144 0
8 342 -816 -816 -816 0
8 343 -240 -240 -240 0
8 344 -192 -192 -192 0
8 345 -848 -848 -848 0
8 346 224 224 224 0
8 347 864 864 864 0
8 348 -16 -16 -16 0
8 349 368 368 368 0
8 350 720 720 720 0
8 351 800 800 800 0
8 352 0 0 0 0
8 353 0 0 0 0
8 354 -192 -192 -192 0
8 355 -48 -48 -48 0
8 356 992 992 53 1
8 357 608 608 608 0
8 358 -656 -656 -656 0
8 359 272 272 272 0
8 360 0 0 0 0
8 361 -128 -128 -128 0
8 362 -944 -944 -944 0
8 363 -1248 -1248 -1248 0
8 364 -896 -896 -896 0
8 365 272 272 272 0
8 366 0 0 0 0
8 367 0 0 0 0
8 368 0 0 0 0
8 369 608 608 608 0
8 370 1328 1328 389 1
8 371 1520 1520 581 1
8 372 800 800 800 0
8 373 0 0 0 0
8 374 0 0 0 0
8 375 0 0 0 0
8 376 0 0 0 0
8 377 -192 -192 -192 0
8 378 -848 -848 -848 0
8 379 -384 -384 -384 0
8 380 272 272 272 0
8 381 0 0 0 0
8 382 0 0 0 0
8 383 0 0 0 0
8 384 -144 -144 -144 0
8 385 640 640 640 0
8 386 544 544 544 0
8 387 -16 -16 -16 0
8 388 -160 -160 -160 0
8 389 -1344 -1344 -1344 0
8 390 -144 -144 -144 0
8 391 784 784 784 0
8 392 -48 -48 -48 0
8 393 368 368 368 0
8 394 -1440 -1440 -1440 0
8 395 -2000 -2000 -2000 0
8 396 784 784 784 0
8 397 -240 -240 -240 0
8 398 -272 -272 -272 0
8 399 576 576 576 0
8 400 -144 -144 -144 0
8 401 640 640 640 0
8 402 768 768 768 0
8 403 -672 -672 -672 0
8 404 -768 -768 -768 0
8 405 -288 -288 -288 0
8 406 -160 -160 -160 0
8 407 -1344 -1344 -1344 0
8 408 -272 -272 -272 0
8 409 304 304 304 0
8 410 -80 -80 -80 0
8 411 496 496 496 0
8 412 -400 -400 -400 0
8 413 -1488 -1488 -1488 0
8 414 784 784 784 0
8 415 -240 -240 -240 0
8 416 0 0 0 0
8 417 0 0 0 0
8 418 -272 -272 -272 0
8 419 432 432 432 0
8 420 272 272 272 0
8 421 -512 -512 -512 0
8 422 576 576 576 0
8 423 -512 -512 -512 0
8 424 0 0 0 0
8 425 224 224 224 0
8 426 64 64 64 0
8 427 -1776 -1776 -1776 0
8 428 -768 -768 -768 0
8 429 -512 -512 -512 0
8 430 0 0 0 0
8 431 0 0 0 0
8 432 0 0 0 0
8 433 -144 -144 -144 0
8 434 640 640 640 0
8 435 544 544 544 0
8 436 -240 -240 -240 0
8 437 0 0 0 0
8 438 0 0 0 0
8 439 0 0 0 0
8 440 0 0 0 0
8 441 -272 -272 -272 0
8 442 304 304 304 0
8 443 64 64 64 0
8 444 -512 -512 -512 0
8 445 0 0 0 0
8 446 0 0 0 0
8 447 0 0 0 0
8 448 432 432 432 0
8 449 -144 -144 -144 0
8 450 -1968 -1968 -1968 0
8 451 -1696 -1696 -1696 0
8 452 800 800 800 0
8 453 0 0 0 0
8 454 432 432 432 0
8 455 -576 -576 -576 0
8 456 -32 -32 -32 0
8 457 592 592 592 0
8 458 512 512 512 0
8 459 320 320 320 0
8 460 -576 -576 -576 0
8 461 -1392 -1392 -1392 0
8 462 272 272 272 0
8 463 -176 -176 -176 0
8 464 432 432 432 0
8 465 -144 -144 -144 0
8 466 -2272 -2272 -2272 0
8 467 -320 -320 -320 0
8 468 -176 -176 -176 0
8 469 -416 -416 -416 0
8 470 800 800 800 0
8 471 0 0 0 0
8 472 272 272 272 0
8 473 96 96 96 0
8 474 144 144 144 0
8 475 -992 -992 -992 0
8 476 -592 -592 -592 0
8 477 432 432 432 0
8 478 -576 -576 -576 0
8 479 -1392 -1392 -1392 0
8 480 0 0 0 0
8 481 0 0 0 0
8 482 272 272 272 0
8 483 256 256 256 0
8 484 -688 -688 -688 0
8 485 -1120 -1120 -1120 0
8 486 -176 -176 -176 0
8 487 -112 -112 -112 0
8 488 0 0 0 0
8 489 -304 -304 -304 0
8 490 496 496 496 0
8 491 1072 1072 133 1
8 492 -176 -176 -176 0
8 493 -112 -112 -112 0
8 494 0 0 0 0
8 495 0 0 0 0
8 496 0 0 0 0
8 497 432 432 432 0
8 498 -144 -144 -144 0
8 499 -1968 -1968 -1968 0
8 500 -1392 -1392 -1392 0
8 501 0 0 0 0
8 502 0 0 0 0
8 503 0 0 0 0
8 504 0 0 0 0
8 505 272 272 272 0
8 506 96 96 96 0
8 507 -288 -288 -288 0
8 508 -112 -112 -112 0
8 509 0 0 0 0
8 510 0 0 0 0
8 511 0 0 0 0
8 512 448 448 448 0
8 513 352 352 352 0
8 514 16 16 16 0
8 515 -320 -320 -320 0
8 516 128 128 128 0
8 517 448 448 448 0
8 518 448 448 448 0
8 519 -96 -96 -96 0
8 520 -1008 -1008 -1008 0
8 521 -784 -784 -784 0
8 522 1056 1056 117 1
8 523 1280 1280 341 1
8 524 -96 -96 -96 0
8 525 112 112 112 0
8 526 -576 -576 -576 0
8 527 96 96 96 0
8 528 448 448 448 0
8 529 352 352 352 0
8 530 -416 -416 -416 0
8 531 -336 -336 -336 0
8 532 544 544 544 0
8 533 -48 -48 -48 0
8 534 128 128 128 0
8 535 448 448 448 0
8 536 -576 -576 -576 0
8 537 -480 -480 -480 0
8 538 928 928 928 0
8 539 -144 -144 -144 0
8 540 240 240 240 0
8 541 896 896 896 0
8 542 -96 -96 -96 0
8 543 112 112 112 0
8 544 0 0 0 0
8 545 0 0 0 0
8 546 -576 -576 -576 0
8 547 544 544 544 0
8 548 288 288 288 0
8 549 -464 -464 -464 0
8 550 96 96 96 0
8 551 384 384 384 0
8 552 0 0 0 0
8 553 -432 -432 -432 0
8 554 -304 -304 -304 0
8 555 0 0 0 0
8 556 544 544 544 0
8 557 384 384 384 0
8 558 0 0 0 0
8 559 0 0 0 0
8 560 0 0 0 0
8 561 448 448 448 0
8 562 352 352 352 0
8 563 16 16 16 0
8 564 112 112 112 0
8 565 0 0 0 0
8 566 0 0 0 0
8 567 0 0 0 0
8 568 0 0 0 0
8 569 -576 -576 -576 0
8 570 -480 -480 -480 0
8 571 480 480 480 0
8 572 384 384 384 0
8 573 0 0 0 0
8 574 0 0 0 0
8 575 0 0 0 0
8 576 192 192 192 0
8 577 480 480 480 0
8 578 736 736 736 0
8 579 928 928 928 0
8 580 -816 -816 -816 0
8 581 -1152 -1152 -1152 0
8 582 192 192 192 0
8 583 288 288 288 0
8 584 304 304 304 0
8 585 -352 -352 -352 0
8 586 -1456 -1456 -1456 0
8 587 -608 -608 -608 0
8 588 288 288 288 0
8 589 448 448 448 0
8 590 -176 -176 -176 0
8 591 160 160 160 0
8 592 192 192 192 0
8 593 480 480 480 0
8 594 1216 1216 277 1
8 595 -544 -544 -544 0
8 596 -992 -992 -992 0
8 597 832 832 832 0
8 598 -816 -816 -816 0
8 599 -1152 -1152 -1152 0
8 600 -176 -176 -176 0
8 601 -16 -16 -16 0
8 602 704 704 704 0
8 603 1120 1120 181 1
8 604 -368 -368 -368 0
8 605 -960 -960 -960 0
8 606 288 288 288 0
8 607 448 448 448 0
8 608 0 0 0 0
8 609 0 0 0 0
8 610 -176 -176 -176 0
8 611 352 352 352 0
8 612 640 640 640 0
8 613 272 272 272 0
8 614 160 160 160 0
8 615 352 352 352 0
8 616 0 0 0 0
8 617 480 480 480 0
8 618 -336 -336 -336 0
8 619 -2144 -2144 -2144 0
8 620 -992 -992 -992 0
8 621 352 352 352 0
8 622 0 0 0 0
8 623 0 0 0 0
8 624 0 0 0 0
8 625 192 192 192 0
8 626 480 480 480 0
8 627 736 736 736 0
8 628 448 448 448 0
8 629 0 0 0 0
8 630 0 0 0 0
8 631 0 0 0 0
8 632 0 0 0 0
8 633 -176 -176 -176 0
8 634 -16 -16 -16 0
8 635 512 512 512 0
8 636 352 352 352 0
8 637 0 0 0 0
8 638 0 0 0 0
8 639 0 0 0 0
8 640 -1392 -1392 -1392 0
8 641 -2800 -2800 -2800 0
8 642 -2176 -2176 -2176 0
8 643 -1824 -1824 -1824 0
8 644 -672 -672 -672 0
8 645 -1648 -1648 -1648 0
8 646 -1392 -1392 -1392 0
8 647 -1408 -1408 -1408 0
8 648 -2672 -2672 -2672 0
8 649 -4304 -4304 -4304 0
8 650 -5008 -5008 -5008 0
8 651 -4768 -4768 -4768 0
8 652 -1408 -1408 -1408 0
8 653 -768 -768 -768 0
8 654 -1616 -1616 -1616 0
8 655 -960 -960 -960 0
8 656 -1392 -1392 -1392 0
8 657 -2800 -2800 -2800 0
8 658 -3232 -3232 -3232 0
8 659 -3056 -3056 -3056 0
8 660 -2608 -2608 -2608 0
8 661 -2784 -2784 -2784 0
8 662 -672 -672 -672 0
8 663 -1648 -1648 -1648 0
8 664 -1616 -1616 -1616 0
8 665 -2576 -2576 -2576 0
8 666 -4080 -4080 -4080 0
8 667 -4192 -4192 -4192 0
8 668 -1440 -1440 -1440 0
8 669 -3040 -3040 -3040 0
8 670 -1408 -1408 -1408 0
8 671 -768 -768 -768 0
8 672 0 0 0 0
8 673 0 0 0 0
8 674 -1616 -1616 -1616 0
8 675 -2352 -2352 -2352 0
8 676 -3136 -3136 -3136 0
8 677 -2384 -2384 -2384 0
8 678 -960 -960 -960 0
8 679 -1728 -1728 -1728 0
8 680 0 0 0 0
8 681 -1056 -1056 -1056 0
8 682 -1728 -1728 -1728 0
8 683 -3936 -3936 -3936 0
8 684 -2608 -2608 -2608 0
8 685 -1728 -1728 -1728 0
8 686 0 0 0 0
8 687 0 0 0 0
8 688 0 0 0 0
8 689 -1392 -1392 -1392 0
8 690 -2800 -2800 -2800 0
8 691 -2176 -2176 -2176 0
8 692 -768 -768 -768 0
8 693 0 0 0 0
8 694 0 0 0 0
8 695 0 0 0 0
8 696 0 0 0 0
8 697 -1616 -1616 -1616 0
8 698 -2576 -2576 -2576 0
8 699 -2688 -2688 -2688 0
8 700 -1728 -1728 -1728 0
8 701 0 0 0 0
8 702 0 0 0 0
8 703 0 0 0 0
8 704 -784 -784 -784 0
8 705 -2176 -2176 -2176 0
8 706 -1248 -1248 -1248 0
8 707 640 640 640 0
8 708 672 672 672 0
8 709 -224 -224 -224 0
8 710 -784 -784 -784 0
8 711 -1392 -1392 -1392 0
8 712 1072 1072 133 1
8 713 1840 1840 901 1
8 714 896 896 896 0
8 715 -656 -656 -656 0
8 716 -1392 -1392 -1392 0
8 717 144 144 144 0
8 718 576 576 576 0
8 719 96 96 96 0
8 720 -784 -784 -784 0
8 721 -2176 -2176 -2176 0
8 722 -752 -752 -752 0
8 723 1392 1392 453 1
8 724 -128 -128 -128 0
8 725 848 848 848 0
8 726 672 672 672 0
8 727 -224 -224 -224 0
8 728 576 576 576 0
8 729 672 672 672 0
8 730 -336 -336 -336 0
8 731 -544 -544 -544 0
8 732 816 816 816 0
8 733 -1008 -1008 -1008 0
8 734 -1392 -1392 -1392 0
8 735 144 144 144 0
8 736 0 0 0 0
8 737 0 0 0 0
8 738 576 576 576 0
8 739 -688 -688 -688 0
8 740 -1040 -1040 -1040 0
8 741 720 720 720 0
8 742 96 96 96 0
8 743 352 352 352 0
8 744 0 0 0 0
8 745 496 496 496 0
8 746 1168 1168 229 1
8 747 1024 1024 85 1
8 748 -128 -128 -128 0
8 749 352 352 352 0
8 750 0 0 0 0
8 751 0 0 0 0
8 752 0 0 0 0
8 753 -784 -784 -784 0
8 754 -2176 -2176 -2176 0
8 755 -1248 -1248 -1248 0
8 756 144 144 144 0
8 757 0 0 0 0
8 758 0 0 0 0
8 759 0 0 0 0
8 760 0 0 0 0
8 761 576 576 576 0
8 762 672 672 672 0
8 763 448 448 448 0
8 764 352 352 352 0
8 765 0 0 0 0
8 766 0 0 0 0
8 767 0 0 0 0
8 768 -736 -736 -736 0
8 769 -320 -320 -320 0
8 770 896 896 896 0
8 771 416 416 416 0
8 772 480 480 480 0
8 773 -368 -368 -368 0
8 774 -736 -736 -736 0
8 775 416 416 416 0
8 776 -480 -480 -480 0
8 777 832 832 832 0
8 778 576 576 576 0
8 779 -1472 -1472 -1472 0
8 780 416 416 416 0
8 781 480 480 480 0
8 782 -416 -416 -416 0
8 783 832 832 832 0
8 784 -736 -736 -736 0
8 785 -320 -320 -320 0
8 786 832 832 832 0
8 787 544 544 544 0
8 788 464 464 464 0
8 789 -432 -432 -432 0
8 790 480 480 480 0
8 791 -368 -368 -368 0
8 792 -416 -416 -416 0
8 793 416 416 416 0
8 794 -272 -272 -272 0
8 795 -16 -16 -16 0
8 796 960 960 21 1
8 797 -1104 -1104 -1104 0
8 798 416 416 416 0
8 799 480 480 480 0
8 800 0 0 0 0
8 801 0 0 0 0
8 802 -416 -416 -416 0
8 803 96 96 96 0
8 804 48 48 48 0
8 805 64 64 64 0
8 806 832 832 832 0
8 807 -368 -368 -368 0
8 808 0 0 0 0
8 809 -64 -64 -64 0
8 810 416 416 416 0
8 811 -304 -304 -304 0
8 812 464 464 464 0
8 813 -368 -368 -368 0
8 814 0 0 0 0
8 815 0 0 0 0
8 816 0 0 0 0
8 817 -736 -736 -736 0
8 818 -320 -320 -320 0
8 819 896 896 896 0
8 820 480 480 480 0
8 821 0 0 0 0
8 822 0 0 0 0
8 823 0 0 0 0
8 824 0 0 0 0
8 825 -416 -416 -416 0
8 826 416 416 416 0
8 827 464 464 464 0
8 828 -368 -368 -368 0
8 829 0 0 0 0
8 830 0 0 0 0
8 831 0 0 0 0
8 832 -256 -256 -256 0
8 833 -112 -112 -112 0
8 834 784 784 784 0
8 835 1120 1120 181 1
8 836 720 720 720 0
8 837 -64 -64 -64 0
8 838 -256 -256 -256 0
8 839 144 144 144 0
8 840 288 288 288 0
8 841 480 480 480 0
8 842 -160 -160 -160 0
8 843 -608 -608 -608 0
8 844 144 144 144 0
8 845 640 640 640 0
8 846 -192 -192 -192 0
8 847 -528 -528 -528 0
8 848 -256 -256 -256 0
8 849 -112 -112 -112 0
8 850 1264 1264 325 1
8 851 1168 1168 229 1
8 852 -592 -592 -592 0
8 853 192 192 192 0
8 854 720 720 720 0
8 855 -64 -64 -64 0
8 856 -192 -192 -192 0
8 857 -720 -720 -720 0
8 858 -1072 -1072 -1072 0
8 859 336 336 336 0
8 860 1360 1360 421 1
8 861 -320 -320 -320 0
8 862 144 144 144 0
8 863 640 640 640 0
8 864 0 0 0 0
8 865 0 0 0 0
8 866 -192 -192 -192 0
8 867 -784 -784 -784 0
8 868 -144 -144 -144 0
8 869 448 448 448 0
8 870 -528 -528 -528 0
8 871 -288 -288 -288 0
8 872 0 0 0 0
8 873 480 480 480 0
8 874 1200 1200 261 1
8 875 464 464 464 0
8 876 -592 -592 -592 0
8 877 -288 -288 -288 0
8 878 0 0 0 0
8 879 0 0 0 0
8 880 0 0 0 0
8 881 -256 -256 -256 0
8 882 -112 -112 -112 0
8 883 784 784 784 0
8 884 640 640 640 0
8 885 0 0 0 0
8 886 0 0 0 0
8 887 0 0 0 0
8 888 0 0 0 0
8 889 -192 -192 -192 0
8 890 -720 -720 -720 0
8 891 -816 -816 -816 0
8 892 -288 -288 -288 0
8 893 0 0 0 0
8 894 0 0 0 0
8 895 0 0 0 0
8 896 -112 -112 -112 0
8 897 -816 -816 -816 0
8 898 -176 -176 -176 0
8 899 688 688 688 0
8 900 176 176 176 0
8 901 -240 -240 -240 0
8 902 -112 -112 -112 0
8 903 -704 -704 -704 0
8 904 400 400 400 0
8 905 1232 1232 293 1
8 906 112 112 112 0
8 907 -832 -832 -832 0
8 908 -704 -704 -704 0
8 909 528 528 528 0
8 910 240 240 240 0
8 911 656 656 656 0
8 912 -112 -112 -112 0
8 913 -816 -816 -816 0
8 914 -16 -16 -16 0
8 915 944 944 5 1
8 916 416 416 416 0
8 917 -320 -320 -320 0
8 918 176 176 176 0
8 919 -240 -240 -240 0
8 920 240 240 240 0
8 921 896 896 896 0
8 922 64 64 64 0
8 923 -1024 -1024 -1024 0
8 924 704 704 704 0
8 925 -352 -352 -352 0
8 926 -704 -704 -704 0
8 927 528 528 528 0
8 928 0 0 0 0
8 929 0 0 0 0
8 930 240 240 240 0
8 931 544 544 544 0
8 932 -1184 -1184 -1184 0
8 933 768 768 768 0
8 934 656 656 656 0
8 935 -480 -480 -480 0
8 936 0 0 0 0
8 937 160 160 160 0
8 938 336 336 336 0
8 939 176 176 176 0
8 940 416 416 416 0
8 941 -480 -480 -480 0
8 942 0 0 0 0
8 943 0 0 0 0
8 944 0 0 0 0
8 945 -112 -112 -112 0
8 946 -816 -816 -816 0
8 947 -176 -176 -176 0
8 948 528 528 528 0
8 949 0 0 0 0
8 950 0 0 0 0
8 951 0 0 0 0
8 952 0 0 0 0
8 953 240 240 240 0
8 954 896 896 896 0
8 955 176 176 176 0
8 956 -480 -480 -480 0
8 957 0 0 0 0
8 958 0 0 0 0
8 959 0 0 0 0
8 960 -1168 -1168 -1168 0
8 961 -2704 -2704 -2704 0
8 962 -2480 -2480 -2480 0
8 963 -1984 -1984 -1984 0
8 964 -1520 -1520 -1520 0
8 965 -1760 -1760 -1760 0
8 966 -1168 -1168 -1168 0
8 967 -1536 -1536 -1536 0
8 968 -2048 -2048 -2048 0
8 969 -4592 -4592 -4592 0
8 970 -5904 -5904 -5904 0
8 971 -4528 -4528 -4528 0
8 972 -1536 -1536 -1536 0
8 973 -944 -944 -944 0
8 974 -1008 -1008 -1008 0
8 975 -1024 -1024 -1024 0
8 976 -1168 -1168 -1168 0
8 977 -2704 -2704 -2704 0
8 978 -3520 -3520 -3520 0
8 979 -3472 -3472 -3472 0
8 980 -2784 -2784 -2784 0
8 981 -2640 -2640 -2640 0
8 982 -1520 -1520 -1520 0
8 983 -1760 -1760 -1760 0
8 984 -1008 -1008 -1008 0
8 985 -2032 -2032 -2032 0
8 986 -3792 -3792 -3792 0
8 987 -4176 -4176 -4176 0
8 988 -2464 -2464 -2464 0
8 989 -2928 -2928 -2928 0
8 990 -1536 -1536 -1536 0
8 991 -944 -944 -944 0
8 992 0 0 0 0
8 993 0 0 0 0
8 994 -1008 -1008 -1008 0
8 995 -2192 -2192 -2192 0
8 996 -3136 -3136 -3136 0
8 997 -1952 -1952 -1952 0
8 998 -1024 -1024 -1024 0
8 999 -1600 -1600 -1600 0
8 1000 0 0 0 0
8 1001 -1040 -1040 -1040 0
8 1002 -2560 -2560 -2560 0
8 1003 -4288 -4288 -4288 0
8 1004 -2784 -2784 -2784 0
8 1005 -1600 -1600 -1600 0
8 1006 0 0 0 0
8 1007 0 0 0 0
8 1008 0 0 0 0
8 1009 -1168 -1168 -1168 0
8 1010 -2704 -2704 -2704 0
8 1011 -2480 -2480 -2480 0
8 1012 -944 -944 -944 0
8 1013 0 0 0 0
8 1014 0 0 0 0
8 1015 0 0 0 0
8 1016 0 0 0 0
8 1017 -1008 -1008 -1008 0
8 1018 -2032 -2032 -2032 0
8 1019 -2624 -2624 -2624 0
8 1020 -1600 -1600 -1600 0
8 1021 0 0 0 0
8 1022 0 0 0 0
8 1023 0 0 0 0
9 0 -1280 -1888 -1888 0
9 1 -656 -2112 -2112 0
9 2 -608 -2992 -2992 0
9 3 -848 -4208 -4208 0
9 4 -1536 -2816 -2816 0
9 5 -1824 -2480 -2480 0
9 6 -3104 -3712 -3712 0
9 7 -1936 -2784 -2784 0
9 8 -848 -3936 -3936 0
9 9 -1536 -6672 -6672 0
9 10 -1264 -4864 -4864 0
9 11 -768 -2928 -2928 0
9 12 -896 -1744 -1744 0
9 13 -608 -2144 -2144 0
9 14 -1456 -2720 -2720 0
9 15 -2384 -3152 -3152 0
9 16 -768 -1376 -1376 0
9 17 -2720 -4176 -4176 0
9 18 -1280 -5488 -5488 0
9 19 -656 -4736 -4736 0
9 20 0 -1424 -1424 0
9 21 -1264 -3984 -3984 0
9 22 -3856 -5136 -5136 0
9 23 -2944 -3600 -3600 0
9 24 -1824 -3088 -3088 0
9 25 -1888 -3920 -3920 0
9 26 -3328 -5600 -5600 0
9 27 -2816 -6384 -6384 0
9 28 -656 -3472 -3472 0
9 29 0 -1264 -1264 0
9 30 -608 -1456 -1456 0
9 31 -848 -2384 -2384 0
9 32 -608 -608 -608 0
9 33 -2112 -2112 -2112 0
9 34 -2912 -4176 -4176 0
9 35 -1744 -3120 -3120 0
9 36 -1536 -3280 -3280 0
9 37 0 -2800 -2800 0
9 38 -3088 -3856 -3856 0
9 39 -2048 -2944 -2944 0
9 40 -1264 -1264 -1264 0
9 41 -768 -2592 -2592 0
9 42 -2160 -5264 -5264 0
9 43 -768 -3968 -3968 0
9 44 -896 -2320 -2320 0
9 45 -1824 -2720 -2720 0
9 46 -1888 -1888 -1888 0
9 47 -1504 -1504 -1504 0
9 48 0 0 0 0
9 49 0 -608 -608 0
9 50 0 -1456 -1456 0
9 51 -1824 -4208 -4208 0
9 52 -1280 -2816 -2816 0
9 53 -1264 -1264 -1264 0
9 54 -2112 -2112 -2112 0
9 55 -2304 -2304 -2304 0
9 56 0 0 0 0
9 57 0 -1264 -1264 0
9 58 0 -2032 -2032 0
9 59 -608 -2272 -2272 0
9 60 -848 -1744 -1744 0
9 61 -2800 -2800 -2800 0
9 62 -768 -768 -768 0
9 63 -896 -896 -896 0
9 64 -800 -240 -240 0
9 65 -1216 -400 -400 0
9 66 560 1360 421 1
9 67 256 -656 -656 0
9 68 544 -256 -256 0
9 69 -1456 -2672 -2672 0
9 70 -2256 -1696 -1696 0
9 71 -2016 -1760 -1760 0
9 72 256 -944 -944 0
9 73 544 -1328 -1328 0
9 74 256 -2064 -2064 0
9 75 128 -960 -960 0
9 76 -432 -176 -176 0
9 77 560 1104 165 1
9 78 816 1072 133 1
9 79 800 928 928 0
9 80 128 688 688 0
9 81 -1888 -1072 -1072 0
9 82 -800 -1456 -1456 0
9 83 -1216 -1216 -1216 0
9 84 0 -1088 -1088 0
9 85 256 -1632 -1632 0
9 86 -1072 -1872 -1872 0
9 87 -1104 -2320 -2320 0
9 88 -1456 -1200 -1200 0
9 89 -240 144 144 0
9 90 -2416 -2160 -2160 0
9 91 -256 -1888 -1888 0
9 92 -1216 -1472 -1472 0
9 93 0 -656 -656 0
9 94 560 816 816 0
9 95 256 800 800 0
9 96 560 560 560 0
9 97 512 512 512 0
9 98 1232 1488 549 1
9 99 -176 512 512 0
9 100 544 368 368 0
9 101 0 800 800 0
9 102 -1200 -1072 -1072 0
9 103 -672 -1104 -1104 0
9 104 256 256 256 0
9 105 128 -1328 -1328 0
9 106 -176 -2432 -2432 0
9 107 128 -1632 -1632 0
9 108 -432 -1520 -1520 0
9 109 -1456 -1888 -1888 0
9 110 -240 -240 -240 0
9 111 -960 -960 -960 0
9 112 0 0 0 0
9 113 0 560 560 0
9 114 0 816 816 0
9 115 -1456 -656 -656 0
9 116 -800 -256 -256 0
9 117 -656 -656 -656 0
9 118 512 512 512 0
9 119 672 672 672 0
9 120 0 0 0 0
9 121 0 256 256 0
9 122 0 384 384 0
9 123 560 256 256 0
9 124 256 -176 -176 0
9 125 800 800 800 0
9 126 128 128 128 0
9 127 -432 -432 -432 0
9 128 384 320 320 0
9 129 64 544 544 0
9 130 -64 -784 -784 0
9 131 544 -1776 -1776 0
9 132 -1264 -880 -880 0
9 133 -1056 -992 -992 0
9 134 -672 -736 -736 0
9 135 448 992 53 1
9 136 544 -1856 -1856 0
9 137 -1264 -2896 -2896 0
9 138 -1344 -448 -448 0
9 139 384 448 448 0
9 140 64 608 608 0
9 141 -64 -1328 -1328 0
9 142 480 -864 -864 0
9 143 -720 -336 -336 0
9 144 384 320 320 0
9 145 -992 -512 -512 0
9 146 384 -1392 -1392 0
9 147 64 -2160 -2160 0
9 148 0 448 448 0
9 149 -1344 -2336 -2336 0
9 150 -2016 -1632 -1632 0
9 151 832 896 896 0
9 152 -1056 -2400 -2400 0
9 153 320 -640 -640 0
9 154 -448 -64 -64 0
9 155 -880 -1328 -1328 0
9 156 64 -816 -816 0
9 157 0 0 0 0
9 158 -64 480 480 0
9 159 544 -720 -720 0
9 160 -64 -64 -64 0
9 161 -800 -800 -800 0
9 162 -944 -2288 -2288 0
9 163 608 928 928 0
9 164 -1264 -656 -656 0
9 165 0 -2608 -2608 0
9 166 -2400 -2016 -2016 0
9 167 768 832 832 0
9 168 -1344 -1344 -1344 0
9 169 384 -672 -672 0
9 170 -1280 -1952 -1952 0
9 171 384 -512 -512 0
9 172 64 512 512 0
9 173 -1056 -992 -992 0
9 174 320 320 320 0
9 175 608 608 608 0
9 176 0 0 0 0
9 177 0 -64 -64 0
9 178 0 480 480 0
9 179 -1056 -1776 -1776 0
9 180 384 -880 -880 0
9 181 0 0 0 0
9 182 -800 -800 -800 0
9 183 -880 -880 -880 0
9 184 0 0 0 0
9 185 0 -1344 -1344 0
9 186 0 -960 -960 0
9 187 -64 384 384 0
9 188 544 608 608 0
9 189 -2608 -2608 -2608 0
9 190 384 384 384 0
9 191 64 64 64 0
9 192 -752 -256 -256 0
9 193 176 512 512 0
9 194 496 496 496 0
9 195 -160 144 144 0
9 196 160 -592 -592 0
9 197 144 320 320 0
9 198 -608 -112 -112 0
9 199 -576 -736 -736 0
9 200 -160 208 208 0
9 201 160 128 128 0
9 202 224 32 32 0
9 203 352 1056 117 1
9 204 32 -128 -128 0
9 205 496 656 656 0
9 206 336 560 560 0
9 207 0 352 352 0
9 208 352 848 848 0
9 209 176 512 512 0
9 210 -752 -608 -608 0
9 211 176 -192 -192 0
9 212 0 528 528 0
9 213 224 400 400 0
9 214 720 -32 -32 0
9 215 -368 -192 -192 0
9 216 144 368 368 0
9 217 -256 320 320 0
9 218 160 1040 101 1
9 219 -592 -576 -576 0
9 220 176 -416 -416 0
9 221 0 672 672 0
9 222 496 336 336 0
9 223 -160 0 0 0
9 224 496 496 496 0
9 225 64 64 64 0
9 226 1008 1232 293 1
9 227 -128 720 720 0
9 228 160 32 32 0
9 229 0 384 384 0
9 230 368 720 720 0
9 231 -400 -368 -368 0
9 232 224 224 224 0
9 233 352 496 496 0
9 234 256 -352 -352 0
9 235 352 0 0 0
9 236 32 560 560 0
9 237 144 176 176 0
9 238 -256 -256 -256 0
9 239 16 16 16 0
9 240 0 0 0 0
9 241 0 496 496 0
9 242 0 336 336 0
9 243 144 144 144 0
9 244 -752 -592 -592 0
9 245 672 672 672 0
9 246 64 64 64 0
9 247 512 512 512 0
9 248 0 0 0 0
9 249 0 224 224 0
9 250 0 576 576 0
9 251 496 880 880 0
9 252 -160 -128 -128 0
9 253 384 384 384 0
9 254 352 352 352 0
9 255 32 32 32 0
9 256 -1664 -2832 -2832 0
9 257 -1744 -4688 -4688 0
9 258 -1168 -4864 -4864 0
9 259 -1776 -4912 -4912 0
9 260 -1920 -3584 -3584 0
9 261 -1216 -2960 -2960 0
9 262 -2880 -4048 -4048 0
9 263 -3408 -5184 -5184 0
9 264 -1776 -5024 -5024 0
9 265 -1920 -8656 -8656 0
9 266 -2032 -9184 -9184 0
9 267 -1824 -6656 -6656 0
9 268 -1920 -3696 -3696 0
9 269 -1168 -3088 -3088 0
9 270 -2944 -4976 -4976 0
9 271 -3696 -5520 -5520 0
9 272 -1824 -2992 -2992 0
9 273 -3136 -6080 -6080 0
9 274 -1664 -6576 -6576 0
9 275 -1744 -7360 -7360 0
9 276 0 -3568 -3568 0
9 277 -2032 -5168 -5168 0
9 278 -5072 -6736 -6736 0
9 279 -5408 -7152 -7152 0
9 280 -1216 -3248 -3248 0
9 281 -2832 -6688 -6688 0
9 282 -4736 -9648 -9648 0
9 283 -3584 -8496 -8496 0
9 284 -1744 -5328 -5328 0
9 285 0 -2912 -2912 0
9 286 -1168 -2944 -2944 0
9 287 -1776 -3696 -3696 0
9 288 -1168 -1168 -1168 0
9 289 -3808 -3808 -3808 0
9 290 -4912 -6944 -6944 0
9 291 -3696 -6688 -6688 0
9 292 -1920 -5616 -5616 0
9 293 0 -3952 -3952 0
9 294 -3248 -5072 -5072 0
9 295 -3488 -5408 -5408 0
9 296 -2032 -2032 -2032 0
9 297 -1824 -3040 -3040 0
9 298 -3952 -6832 -6832 0
9 299 -1824 -7264 -7264 0
9 300 -1920 -5488 -5488 0
9 301 -1216 -3136 -3136 0
9 302 -2832 -2832 -2832 0
9 303 -3520 -3520 -3520 0
9 304 0 0 0 0
9 305 0 -1168 -1168 0
9 306 0 -2944 -2944 0
9 307 -1216 -4912 -4912 0
9 308 -1664 -3584 -3584 0
9 309 -2912 -2912 -2912 0
9 310 -3808 -3808 -3808 0
9 311 -3744 -3744 -3744 0
9 312 0 0 0 0
9 313 0 -2032 -2032 0
9 314 0 -3856 -3856 0
9 315 -1168 -4912 -4912 0
9 316 -1776 -3696 -3696 0
9 317 -3952 -3952 -3952 0
9 318 -1824 -1824 -1824 0
9 319 -1920 -1920 -1920 0
9 320 -816 -208 -208 0
9 321 -240 149 149 0
9 322 608 1189 250 1
9 323 720 1392 453 1
9 324 800 -16 -16 0
9 325 -128 -368 -368 0
9 326 -944 -336 -336 0
9 327 -1056 -336 -336 0
9 328 720 400 400 0
9 329 800 -992 -992 0
9 330 -192 -1632 -1632 0
9 331 -656 -16 -16 0
9 332 272 992 53 1
9 333 608 1408 469 1
9 334 1328 1136 197 1
9 335 1520 864 864 0
9 336 -656 -48 -48 0
9 337 144 533 533 0
9 338 -816 -363 -363 0
9 339 -240 -448 -448 0
9 340 0 -896 -896 0
9 341 -192 -48 -48 0
9 342 -976 -1792 -1792 0
9 343 -1200 -1440 -1440 0
9 344 -128 -320 -320 0
9 345 -208 -1056 -1056 0
9 346 352 576 576 0
9 347 -16 848 848 0
9 348 -240 -256 -256 0
9 349 0 368 368 0
9 350 608 1328 389 1
9 351 720 1520 581 1
9 352 608 608 608 0
9 353 528 528 528 0
9 354 752 560 560 0
9 355 992 944 5 1
9 356 800 853 853 0
9 357 0 608 608 0
9 358 -320 -976 -976 0
9 359 -1472 -1200 -1200 0
9 360 -192 -192 -192 0
9 361 -656 -784 -784 0
9 362 80 -864 -864 0
9 363 -656 -1904 -1904 0
9 364 272 -624 -624 0
9 365 -128 144 144 0
9 366 -208 -208 -208 0
9 367 480 480 480 0
9 368 0 0 0 0
9 369 0 608 608 0
9 370 0 389 389 0
9 371 -128 453 453 0
9 372 -816 -16 -16 0
9 373 368 368 368 0
9 374 528 528 528 0
9 375 144 144 144 0
9 376 0 0 0 0
9 377 0 -192 -192 0
9 378 0 -848 -848 0
9 379 608 224 224 0
9 380 720 992 53 1
9 381 608 608 608 0
9 382 -656 -656 -656 0
9 383 272 272 272 0
9 384 -160 -304 -304 0
9 385 -1344 -704 -704 0
9 386 -144 400 400 0
9 387 784 768 768 0
9 388 -240 -400 -400 0
9 389 224 -1120 -1120 0
9 390 64 -80 -80 0
9 391 -1504 -720 -720 0
9 392 784 736 736 0
9 393 -240 128 128 0
9 394 -272 -1712 -1712 0
9 395 576 -1424 -1424 0
9 396 -512 272 272 0
9 397 -144 -384 -384 0
9 398 640 368 368 0
9 399 544 1120 181 1
9 400 576 432 432 0
9 401 -288 352 352 0
9 402 -160 608 608 0
9 403 -1344 -2016 -2016 0
9 404 0 -768 -768 0
9 405 -272 -560 -560 0
9 406 528 368 368 0
9 407 -96 -1440 -1440 0
9 408 224 -48 -48 0
9 409 -304 0 0 0
9 410 -336 -416 -416 0
9 411 -400 96 96 0
9 412 -1344 -1744 -1744 0
9 413 0 -1488 -1488 0
9 414 -144 640 640 0
9 415 784 544 544 0
9 416 -144 -144 -144 0
9 417 512 512 512 0
9 418 192 -80 -80 0
9 419 272 704 704 0
9 420 -240 32 32 0
9 421 0 -512 -512 0
9 422 -48 528 528 0
9 423 416 -96 -96 0
9 424 -272 -272 -272 0
9 425 576 800 800 0
9 426 -784 -720 -720 0
9 427 576 -1200 -1200 0
9 428 -512 -1280 -1280 0
9 429 224 -288 -288 0
9 430 -304 -304 -304 0
9 431 -560 -560 -560 0
9 432 0 0 0 0
9 433 0 -144 -144 0
9 434 0 640 640 0
9 435 224 768 768 0
9 436 -160 -400 -400 0
9 437 -1488 -1488 -1488 0
9 438 512 512 512 0
9 439 336 336 336 0
9 440 0 0 0 0
9 441 0 -272 -272 0
9 442 0 304 304 0
9 443 -144 -80 -80 0
9 444 784 272 272 0
9 445 -512 -512 -512 0
9 446 576 576 576 0
9 447 -512 -512 -512 0
9 448 800 1232 293 1
9 449 0 -144 -144 0
9 450 432 -1536 -1536 0
9 451 -576 -2272 -2272 0
9 452 -1392 -592 -592 0
9 453 -304 -304 -304 0
9 454 496 928 928 0
9 455 800 224 224 0
9 456 -576 -608 -608 0
9 457 -1392 -800 -800 0
9 458 272 784 784 0
9 459 -176 144 144 0
9 460 -112 -688 -688 0
9 461 432 -960 -960 0
9 462 -144 128 128 0
9 463 -1968 -2144 -2144 0
9 464 -176 256 256 0
9 465 -416 -560 -560 0
9 466 800 -1472 -1472 0
9 467 0 -320 -320 0
9 468 0 -176 -176 0
9 469 272 -144 -144 0
9 470 -208 592 592 0
9 471 512 512 512 0
9 472 -304 -32 -32 0
9 473 1232 1328 389 1
9 474 -880 -736 -736 0
9 475 -592 -1584 -1584 0
9 476 0 -592 -592 0
9 477 0 432 432 0
9 478 432 -144 -144 0
9 479 -576 -1968 -1968 0
9 480 432 432 432 0
9 481 -304 -304 -304 0
9 482 -1136 -864 -864 0
9 483 -688 -432 -432 0
9 484 -1392 -2080 -2080 0
9 485 0 -1120 -1120 0
9 486 -32 -208 -208 0
9 487 624 512 512 0
9 488 272 272 272 0
9 489 -176 -480 -480 0
9 490 160 656 656 0
9 491 -176 -43 -43 0
9 492 -112 -288 -288 0
9 493 -304 -416 -416 0
9 494 1232 1232 293 1
9 495 -576 -576 -576 0
9 496 0 0 0 0
9 497 0 432 432 0
9 498 0 -144 -144 0
9 499 -304 -2272 -2272 0
9 500 800 -592 -592 0
9 501 432 432 432 0
9 502 -304 -304 -304 0
9 503 -1568 -1568 -1568 0
9 504 0 0 0 0
9 505 0 272 272 0
9 506 0 96 96 0
9 507 432 144 144 0
9 508 -576 -688 -688 0
9 509 -1120 -1120 -1120 0
9 510 -176 -176 -176 0
9 511 -112 -112 -112 0
9 512 128 576 576 0
9 513 448 800 800 0
9 514 448 464 464 0
9 515 -96 -416 -416 0
9 516 112 240 240 0
9 517 -432 16 16 0
9 518 -304 144 144 0
9 519 576 480 480 0
9 520 -96 -1104 -1104 0
9 521 112 -672 -672 0
9 522 -576 -459 -459 0
9 523 96 437 437 0
9 524 384 288 288 0
9 525 448 560 560 0
9 526 352 -224 -224 0
9 527 16 112 112 0
9 528 96 544 544 0
9 529 -48 304 304 0
9 530 128 -288 -288 0
9 531 448 112 112 0
9 532 0 544 544 0
9 533 -576 -624 -624 0
9 534 -912 -784 -784 0
9 535 608 1056 117 1
9 536 -432 -1008 -1008 0
9 537 576 96 96 0
9 538 -80 848 848 0
9 539 240 96 96 0
9 540 448 688 688 0
9 541 0 896 896 0
9 542 448 352 352 0
9 543 -96 16 16 0
9 544 448 448 448 0
9 545 -672 -672 -672 0
9 546 656 80 80 0
9 547 288 832 832 0
9 548 112 400 400 0
9 549 0 -464 -464 0
9 550 -1008 -912 -912 0
9 551 224 608 608 0
9 552 -576 -576 -576 0
9 553 96 -336 -336 0
9 554 -192 -496 -496 0
9 555 96 96 96 0
9 556 384 928 928 0
9 557 -432 -48 -48 0
9 558 576 576 576 0
9 559 352 352 352 0
9 560 0 0 0 0
9 561 0 448 448 0
9 562 0 352 352 0
9 563 -432 -416 -416 0
9 564 128 240 240 0
9 565 896 896 896 0
9 566 -672 -672 -672 0
9 567 208 208 208 0
9 568 0 0 0 0
9 569 0 -576 -576 0
9 570 0 -480 -480 0
9 571 448 928 928 0
9 572 -96 288 288 0
9 573 -464 -464 -464 0
9 574 96 96 96 0
9 575 384 384 384 0
9 576 -816 -624 -624 0
9 577 -1152 -672 -672 0
9 578 192 928 928 0
9 579 288 1216 277 1
9 580 448 -368 -368 0
9 581 480 -672 -672 0
9 582 -336 -144 -144 0
9 583 -1968 -1680 -1680 0
9 584 288 592 592 0
9 585 448 96 96 0
9 586 -176 -1632 -1632 0
9 587 160 -448 -448 0
9 588 352 640 640 0
9 589 192 640 640 0
9 590 480 304 304 0
9 591 736 896 896 0
9 592 160 352 352 0
9 593 832 1312 373 1
9 594 -816 -539 -539 0
9 595 -1152 -1696 -1696 0
9 596 0 -992 -992 0
9 597 -176 656 656 0
9 598 464 -352 -352 0
9 599 -304 -1456 -1456 0
9 600 480 304 304 0
9 601 -624 -640 -640 0
9 602 -384 320 320 0
9 603 -368 -187 -187 0
9 604 -1152 -1520 -1520 0
9 605 0 -960 -960 0
9 606 192 480 480 0
9 607 288 736 736 0
9 608 192 192 192 0
9 609 112 112 112 0
9 610 800 624 624 0
9 611 640 992 53 1
9 612 448 1088 149 1
9 613 0 272 272 0
9 614 304 464 464 0
9 615 -656 -304 -304 0
9 616 -176 -176 -176 0
9 617 160 640 640 0
9 618 176 -160 -160 0
9 619 160 -1984 -1984 0
9 620 352 -640 -640 0
9 621 480 832 832 0
9 622 -624 -624 -624 0
9 623 -864 -864 -864 0
9 624 0 0 0 0
9 625 0 192 192 0
9 626 0 480 480 0
9 627 480 1216 277 1
9 628 -816 -368 -368 0
9 629 -960 -960 -960 0
9 630 112 112 112 0
9 631 608 608 608 0
9 632 0 0 0 0
9 633 0 -176 -176 0
9 634 0 -16 -16 0
9 635 192 704 704 0
9 636 288 640 640 0
9 637 272 272 272 0
9 638 160 160 160 0
9 639 352 352 352 0
9 640 -672 -2064 -2064 0
9 641 -1648 -4448 -4448 0
9 642 -1392 -3568 -3568 0
9 643 -1408 -3232 -3232 0
9 644 -768 -1440 -1440 0
9 645 -1056 -2704 -2704 0
9 646 -1728 -3120 -3120 0
9 647 -2320 -3728 -3728 0
9 648 -1408 -4080 -4080 0
9 649 -768 -5072 -5072 0
9 650 -1616 -6624 -6624 0
9 651 -960 -5728 -5728 0
9 652 -1728 -3136 -3136 0
9 653 -1392 -2160 -2160 0
9 654 -2800 -4416 -4416 0
9 655 -2176 -3136 -3136 0
9 656 -960 -2352 -2352 0
9 657 -2784 -5584 -5584 0
9 658 -672 -3904 -3904 0
9 659 -1648 -4704 -4704 0
9 660 0 -2608 -2608 0
9 661 -1616 -4400 -4400 0
9 662 -3632 -4304 -4304 0
9 663 -3360 -5008 -5008 0
9 664 -1056 -2672 -2672 0
9 665 -2064 -4640 -4640 0
9 666 -4112 -8192 -8192 0
9 667 -1440 -5632 -5632 0
9 668 -1648 -3088 -3088 0
9 669 0 -3040 -3040 0
9 670 -1392 -2800 -2800 0
9 671 -1408 -2176 -2176 0
9 672 -1392 -1392 -1392 0
9 673 -3024 -3024 -3024 0
9 674 -3120 -4736 -4736 0
9 675 -3136 -5488 -5488 0
9 676 -768 -3904 -3904 0
9 677 0 -2384 -2384 0
9 678 -2672 -3632 -3632 0
9 679 -1632 -3360 -3360 0
9 680 -1616 -1616 -1616 0
9 681 -960 -2016 -2016 0
9 682 -3344 -5072 -5072 0
9 683 -960 -4896 -4896 0
9 684 -1728 -4336 -4336 0
9 685 -1056 -2784 -2784 0
9 686 -2064 -2064 -2064 0
9 687 -3056 -3056 -3056 0
9 688 0 0 0 0
9 689 0 -1392 -1392 0
9 690 0 -2800 -2800 0
9 691 -1056 -3232 -3232 0
9 692 -672 -1440 -1440 0
9 693 -3040 -3040 -3040 0
9 694 -3024 -3024 -3024 0
9 695 -1728 -1728 -1728 0
9 696 0 0 0 0
9 697 0 -1616 -1616 0
9 698 0 -2576 -2576 0
9 699 -1392 -4080 -4080 0
9 700 -1408 -3136 -3136 0
9 701 -2384 -2384 -2384 0
9 702 -960 -960 -960 0
9 703 -1728 -1728 -1728 0
9 704 672 -112 -112 0
9 705 -224 -2400 -2400 0
9 706 -784 -2032 -2032 0
9 707 -1392 -752 -752 0
9 708 144 816 816 0
9 709 496 272 272 0
9 710 1168 384 384 0
9 711 448 -944 -944 0
9 712 -1392 -1259 -1259 0
9 713 144 1045 106 1
9 714 576 1472 533 1
9 715 96 -560 -560 0
9 716 352 -1040 -1040 0
9 717 -784 -640 -640 0
9 718 -2176 -1600 -1600 0
9 719 -1248 -1152 -1152 0
9 720 96 -688 -688 0
9 721 848 -1328 -1328 0
9 722 672 -80 -80 0
9 723 -224 229 229 0
9 724 0 -128 -128 0
9 725 576 1424 485 1
9 726 1168 1840 901 1
9 727 1120 896 896 0
9 728 496 1072 133 1
9 729 -112 560 560 0
9 730 -1120 -1456 -1456 0
9 731 816 272 272 0
9 732 -224 592 592 0
9 733 0 -1008 -1008 0
9 734 -784 -2176 -2176 0
9 735 -1392 -1248 -1248 0
9 736 -784 -784 -784 0
9 737 -816 -816 -816 0
9 738 -544 32 32 0
9 739 -1040 -1728 -1728 0
9 740 144 -896 -896 0
9 741 0 720 720 0
9 742 1072 1168 229 1
9 743 768 1120 181 1
9 744 576 576 576 0
9 745 96 592 592 0
9 746 928 1157 218 1
9 747 96 181 181 0
9 748 352 224 224 0
9 749 496 848 848 0
9 750 -112 -112 -112 0
9 751 -1616 -1616 -1616 0
9 752 0 0 0 0
9 753 0 -784 -784 0
9 754 0 -2176 -2176 0
9 755 496 -752 -752 0
9 756 672 816 816 0
9 757 -1008 -1008 -1008 0
9 758 -816 -816 -816 0
9 759 240 240 240 0
9 760 0 0 0 0
9 761 0 576 576 0
9 762 0 672 672 0
9 763 -784 -336 -336 0
9 764 -1392 -1040 -1040 0
9 765 720 720 720 0
9 766 96 96 96 0
9 767 352 352 352 0
9 768 480 -256 -256 0
9 769 -368 -688 -688 0
9 770 -736 160 160 0
9 771 416 832 832 0
9 772 480 960 21 1
9 773 -64 -432 -432 0
9 774 416 -320 -320 0
9 775 112 528 528 0
9 776 416 -64 -64 0
9 777 480 1312 373 1
9 778 -416 160 160 0
9 779 832 -640 -640 0
9 780 -368 48 48 0
9 781 -736 -256 -256 0
9 782 -320 -736 -736 0
9 783 896 1728 789 1
9 784 832 96 96 0
9 785 -432 -752 -752 0
9 786 480 1312 373 1
9 787 -368 176 176 0
9 788 0 464 464 0
9 789 -416 -848 -848 0
9 790 352 832 832 0
9 791 944 576 576 0
9 792 -64 -480 -480 0
9 793 -256 160 160 0
9 794 -16 -288 -288 0
9 795 960 944 5 1
9 796 -368 -347 -347 0
9 797 0 -1104 -1104 0
9 798 -736 -320 -320 0
9 799 416 896 896 0
9 800 -736 -736 -736 0
9 801 0 0 0 0
9 802 576 160 160 0
9 803 48 144 144 0
9 804 480 528 528 0
9 805 0 64 64 0
9 806 -480 352 352 0
9 807 1312 944 5 1
9 808 -416 -416 -416 0
9 809 832 768 768 0
9 810 -784 -368 -368 0
9 811 832 528 528 0
9 812 -368 96 96 0
9 813 -64 -432 -432 0
9 814 -256 -256 -256 0
9 815 48 48 48 0
9 816 0 0 0 0
9 817 0 -736 -736 0
9 818 0 -320 -320 0
9 819 -64 832 832 0
9 820 480 960 21 1
9 821 -1104 -1104 -1104 0
9 822 0 0 0 0
9 823 1312 1312 373 1
9 824 0 0 0 0
9 825 0 -416 -416 0
9 826 0 416 416 0
9 827 -736 -272 -272 0
9 828 416 48 48 0
9 829 64 64 64 0
9 830 832 832 832 0
9 831 -368 -368 -368 0
9 832 720 464 464 0
9 833 -64 -176 -176 0
9 834 -256 528 528 0
9 835 144 325 325 0
9 836 640 1360 421 1
9 837 480 416 416 0
9 838 1200 944 5 1
9 839 656 800 800 0
9 840 144 432 432 0
9 841 640 1120 181 1
9 842 -192 -352 -352 0
9 843 -528 -1136 -1136 0
9 844 -288 -144 -144 0
9 845 -256 384 384 0
9 846 -112 -304 -304 0
9 847 784 256 256 0
9 848 -528 -784 -784 0
9 849 192 80 80 0
9 850 720 1045 106 1
9 851 -64 165 165 0
9 852 0 -592 -592 0
9 853 -192 0 0 0
9 854 -240 480 480 0
9 855 -96 -160 -160 0
9 856 480 288 288 0
9 857 464 -256 -256 0
9 858 560 -512 -512 0
9 859 1360 1696 757 1
9 860 -64 357 357 0
9 861 0 -320 -320 0
9 862 -256 -112 -112 0
9 863 144 784 784 0
9 864 -256 -256 -256 0
9 865 -48 -48 -48 0
9 866 -144 -336 -336 0
9 867 -144 -928 -928 0
9 868 640 496 496 0
9 869 0 448 448 0
9 870 288 -240 -240 0
9 871 192 -96 -96 0
9 872 -192 -192 -192 0
9 873 -528 -48 -48 0
9 874 -480 -219 -219 0
9 875 -528 -64 -64 0
9 876 -288 -880 -880 0
9 877 480 192 192 0
9 878 464 464 464 0
9 879 80 80 80 0
9 880 0 0 0 0
9 881 0 -256 -256 0
9 882 0 -112 -112 0
9 883 480 1264 325 1
9 884 720 1360 421 1
9 885 -320 -320 -320 0
9 886 -48 -48 -48 0
9 887 112 112 112 0
9 888 0 0 0 0
9 889 0 -192 -192 0
9 890 0 -720 -720 0
9 891 -256 -1072 -1072 0
9 892 144 -144 -144 0
9 893 448 448 448 0
9 894 -528 -528 -528 0
9 895 -288 -288 -288 0
9 896 176 64 64 0
9 897 -240 -1056 -1056 0
9 898 -112 -288 -288 0
9 899 -704 -16 -16 0
9 900 528 704 704 0
9 901 160 -80 -80 0
9 902 336 224 224 0
9 903 -64 -768 -768 0
9 904 -704 -304 -304 0
9 905 528 821 821 0
9 906 240 352 352 0
9 907 656 -176 -176 0
9 908 -480 -1184 -1184 0
9 909 -112 416 416 0
9 910 -816 -576 -576 0
9 911 -176 480 480 0
9 912 656 544 544 0
9 913 -320 -1136 -1136 0
9 914 176 160 160 0
9 915 -240 -235 -235 0
9 916 0 416 416 0
9 917 240 -80 -80 0
9 918 1056 1232 293 1
9 919 352 112 112 0
9 920 160 400 400 0
9 921 64 960 21 1
9 922 -784 -720 -720 0
9 923 704 -320 -320 0
9 924 -240 464 464 0
9 925 0 -352 -352 0
9 926 -112 -816 -816 0
9 927 -704 -176 -176 0
9 928 -112 -112 -112 0
9 929 -464 -464 -464 0
9 930 1072 1312 373 1
9 931 -1184 -640 -640 0
9 932 528 -656 -656 0
9 933 0 768 768 0
9 934 400 1056 117 1
9 935 832 352 352 0
9 936 240 240 240 0
9 937 656 816 816 0
9 938 -240 96 96 0
9 939 656 832 832 0
9 940 -480 -64 -64 0
9 941 160 -320 -320 0
9 942 64 64 64 0
9 943 -944 -944 -944 0
9 944 0 0 0 0
9 945 0 -112 -112 0
9 946 0 -816 -816 0
9 947 160 -16 -16 0
9 948 176 704 704 0
9 949 -352 -352 -352 0
9 950 -464 -464 -464 0
9 951 1184 1184 245 1
9 952 0 0 0 0
9 953 0 240 240 0
9 954 0 896 896 0
9 955 -112 64 64 0
9 956 -704 -1184 -1184 0
9 957 768 768 768 0
9 958 656 656 656 0
9 959 -480 -480 -480 0
9 960 -1520 -2688 -2688 0
9 961 -1760 -4464 -4464 0
9 962 -1168 -3648 -3648 0
9 963 -1536 -3520 -3520 0
9 964 -944 -2464 -2464 0
9 965 -1040 -2800 -2800 0
9 966 -2560 -3728 -3728 0
9 967 -3280 -4816 -4816 0
9 968 -1536 -3584 -3584 0
9 969 -944 -5536 -5536 0
9 970 -1008 -6912 -6912 0
9 971 -1024 -5552 -5552 0
9 972 -1600 -3136 -3136 0
9 973 -1168 -2112 -2112 0
9 974 -2704 -3712 -3712 0
9 975 -2480 -3504 -3504 0
9 976 -1024 -2192 -2192 0
9 977 -2640 -5344 -5344 0
9 978 -1520 -5040 -5040 0
9 979 -1760 -5232 -5232 0
9 980 0 -2784 -2784 0
9 981 -1008 -3648 -3648 0
9 982 -3072 -4592 -4592 0
9 983 -4144 -5904 -5904 0
9 984 -1040 -2048 -2048 0
9 985 -2688 -4720 -4720 0
9 986 -4336 -8128 -8128 0
9 987 -2464 -6640 -6640 0
9 988 -1760 -4224 -4224 0
9 989 0 -2928 -2928 0
9 990 -1168 -2704 -2704 0
9 991 -1536 -2480 -2480 0
9 992 -1168 -1168 -1168 0
9 993 -2544 -2544 -2544 0
9 994 -3136 -4144 -4144 0
9 995 -3136 -5328 -5328 0
9 996 -944 -4080 -4080 0
9 997 0 -1952 -1952 0
9 998 -2048 -3072 -3072 0
9 999 -2544 -4144 -4144 0
9 1000 -1008 -1008 -1008 0
9 1001 -1024 -2064 -2064 0
9 1002 -2608 -5168 -5168 0
9 1003 -1024 -5312 -5312 0
9 1004 -1600 -4384 -4384 0
9 1005 -1040 -2640 -2640 0
9 1006 -2688 -2688 -2688 0
9 1007 -3296 -3296 -3296 0
9 1008 0 0 0 0
9 1009 0 -1168 -1168 0
9 1010 0 -2704 -2704 0
9 1011 -1040 -3520 -3520 0
9 1012 -1520 -2464 -2464 0
9 1013 -2928 -2928 -2928 0
9 1014 -2544 -2544 -2544 0
9 1015 -1968 -1968 -1968 0
9 1016 0 0 0 0
9 1017 0 -1008 -1008 0
9 1018 0 -2032 -2032 0
9 1019 -1168 -3792 -3792 0
9 1020 -1536 -3136 -3136 0
9 1021 -1952 -1952 -1952 0
9 1022 -1024 -1024 -1024 0
9 1023 -1600 -1600 -1600 0
10 0 -1824 -3712 -3712 0
10 1 -1280 -3392 -3392 0
10 2 -656 -3648 -3648 0
10 3 -608 -4816 -4816 0
10 4 -1456 -4272 -4272 0
10 5 -2384 -4864 -4864 0
10 6 -1536 -5248 -5248 0
10 7 0 -2784 -2784 0
10 8 -608 -4544 -4544 0
10 9 -848 -7520 -7520 0
10 10 -1536 -6400 -6400 0
10 11 -3088 -6016 -6016 0
10 12 -3312 -5056 -5056 0
10 13 -2320 -4464 -4464 0
10 14 -896 -3616 -3616 0
10 15 0 -3152 -3152 0
10 16 -2544 -3920 -3920 0
10 17 -1424 -5600 -5600 0
10 18 -896 -6384 -6384 0
10 19 -608 -5344 -5344 0
10 20 -2672 -4096 -4096 0
10 21 -2816 -6800 -6800 0
10 22 -656 -5792 -5792 0
10 23 0 -3600 -3600 0
10 24 -2128 -5216 -5216 0
10 25 -4016 -7936 -7936 0
10 26 -1280 -6880 -6880 0
10 27 -1920 -8304 -8304 0
10 28 -1376 -4848 -4848 0
10 29 -3568 -4832 -4832 0
10 30 -2816 -4272 -4272 0
10 31 -656 -3040 -3040 0
10 32 -1616 -2224 -2224 0
10 33 -3040 -5152 -5152 0
10 34 -2672 -6848 -6848 0
10 35 -2816 -5936 -5936 0
10 36 -3744 -7024 -7024 0
10 37 -2656 -5456 -5456 0
10 38 -2400 -6256 -6256 0
10 39 -1536 -4480 -4480 0
10 40 -2048 -3312 -3312 0
10 41 -2816 -5408 -5408 0
10 42 -1376 -6640 -6640 0
10 43 -1744 -5712 -5712 0
10 44 -3968 -6288 -6288 0
10 45 -3392 -6112 -6112 0
10 46 -2960 -4848 -4848 0
10 47 -896 -2400 -2400 0
10 48 -2672 -2672 -2672 0
10 49 -4640 -5248 -5248 0
10 50 -5024 -6480 -6480 0
10 51 -2704 -6912 -6912 0
10 52 -3424 -6240 -6240 0
10 53 -1616 -2880 -2880 0
10 54 -2432 -4544 -4544 0
10 55 0 -2304 -2304 0
10 56 -1376 -1376 -1376 0
10 57 -2352 -3616 -3616 0
10 58 -2992 -5024 -5024 0
10 59 -2384 -4656 -4656 0
10 60 -2800 -4544 -4544 0
10 61 -768 -3568 -3568 0
10 62 -896 -1664 -1664 0
10 63 0 -896 -896 0
10 64 -1456 -1696 -1696 0
10 65 -800 -1200 -1200 0
10 66 -1216 -795 -795 0
10 67 560 -96 -96 0
10 68 816 560 560 0
10 69 800 -1872 -1872 0
10 70 544 -1152 -1152 0
10 71 0 -1760 -1760 0
10 72 560 -384 -384 0
10 73 256 -1072 -1072 0
10 74 544 -1520 -1520 0
10 75 -1200 -2160 -2160 0
10 76 -416 -592 -592 0
10 77 -1520 -1355 -1355 0
10 78 -432 -299 -299 0
10 79 0 928 928 0
10 80 -544 144 144 0
10 81 -1088 -2160 -2160 0
10 82 -432 -1888 -1888 0
10 83 560 -656 -656 0
10 84 -1200 -2288 -2288 0
10 85 -256 -1888 -1888 0
10 86 -1216 -3088 -3088 0
10 87 0 -2320 -2320 0
10 88 -544 -1744 -1744 0
10 89 -2128 -1984 -1984 0
10 90 -800 -2960 -2960 0
10 91 -960 -2848 -2848 0
10 92 688 -784 -784 0
10 93 -1632 -2288 -2288 0
10 94 -256 560 560 0
10 95 -1216 -416 -416 0
10 96 384 944 5 1
10 97 672 1184 245 1
10 98 -1200 -651 -651 0
10 99 -256 256 256 0
10 100 -2416 -2048 -2048 0
10 101 -112 688 688 0
10 102 -1392 -2464 -2464 0
10 103 544 -560 -560 0
10 104 -672 -416 -416 0
10 105 -1392 -2720 -2720 0
10 106 688 -1744 -1744 0
10 107 -176 -1808 -1808 0
10 108 -352 -1872 -1872 0
10 109 -288 -2176 -2176 0
10 110 -544 -784 -784 0
10 111 -432 -1392 -1392 0
10 112 -1200 -1200 -1200 0
10 113 -1712 -1152 -1152 0
10 114 -3216 -2400 -2400 0
10 115 -1888 -2544 -2544 0
10 116 -832 -1088 -1088 0
10 117 384 -272 -272 0
10 118 112 624 624 0
10 119 0 672 672 0
10 120 688 688 688 0
10 121 384 640 640 0
10 122 1360 1744 805 1
10 123 800 1056 117 1
10 124 800 624 624 0
10 125 128 928 928 0
10 126 -432 -304 -304 0
10 127 0 -432 -432 0
10 128 -1056 -736 -736 0
10 129 384 928 928 0
10 130 64 -720 -720 0
10 131 -64 -1840 -1840 0
10 132 480 -400 -400 0
10 133 -720 -1712 -1712 0
10 134 -1264 -2000 -2000 0
10 135 0 53 53 0
10 136 -64 -1920 -1920 0
10 137 544 -2352 -2352 0
10 138 -1264 -1712 -1712 0
10 139 -2400 -1952 -1952 0
10 140 -576 32 32 0
10 141 512 -816 -816 0
10 142 64 -800 -800 0
10 143 0 -336 -336 0
10 144 -960 -640 -640 0
10 145 448 -64 -64 0
10 146 64 -1328 -1328 0
10 147 -64 -2224 -2224 0
10 148 -512 -64 -64 0
10 149 -880 -3216 -3216 0
10 150 64 -1568 -1568 0
10 151 0 896 896 0
10 152 928 -1472 -1472 0
10 153 -2256 -2896 -2896 0
10 154 384 320 320 0
10 155 -1280 -2608 -2608 0
10 156 320 -496 -496 0
10 157 -448 -448 -448 0
10 158 -880 -400 -400 0
10 159 64 -656 -656 0
10 160 928 864 864 0
10 161 -1264 -2064 -2064 0
10 162 -512 -2800 -2800 0
10 163 -880 48 48 0
10 164 -2336 -2992 -2992 0
10 165 704 -1904 -1904 0
10 166 672 -1344 -1344 0
10 167 -1264 -432 -432 0
10 168 768 -576 -576 0
10 169 -1216 -1888 -1888 0
10 170 320 -1632 -1632 0
10 171 608 96 96 0
10 172 -2384 -1872 -1872 0
10 173 -416 -1408 -1408 0
10 174 -816 -496 -496 0
10 175 64 672 672 0
10 176 -512 -512 -512 0
10 177 -1936 -2000 -2000 0
10 178 -1952 -1472 -1472 0
10 179 832 -944 -944 0
10 180 -1280 -2160 -2160 0
10 181 928 928 928 0
10 182 -1200 -2000 -2000 0
10 183 0 -880 -880 0
10 184 320 320 320 0
10 185 544 -800 -800 0
10 186 -784 -1744 -1744 0
10 187 -720 -336 -336 0
10 188 -2608 -2000 -2000 0
10 189 384 -2224 -2224 0
10 190 64 448 448 0
10 191 0 64 64 0
10 192 144 -112 -112 0
10 193 -752 -240 -240 0
10 194 176 672 672 0
10 195 496 640 640 0
10 196 336 -256 -256 0
10 197 0 320 320 0
10 198 160 48 48 0
10 199 0 -736 -736 0
10 200 496 704 704 0
10 201 -160 -32 -32 0
10 202 160 192 192 0
10 203 368 485 485 0
10 204 -176 -304 -304 0
10 205 560 1216 277 1
10 206 32 592 592 0
10 207 0 352 352 0
10 208 -528 320 320 0
10 209 528 1040 101 1
10 210 32 -576 -576 0
10 211 496 304 304 0
10 212 -16 512 512 0
10 213 -592 -192 -192 0
10 214 176 144 144 0
10 215 0 -192 -192 0
10 216 -912 -544 -544 0
10 217 480 800 800 0
10 218 -752 -651 -651 0
10 219 400 -176 -176 0
10 220 848 432 432 0
10 221 16 688 688 0
10 222 -592 -256 -256 0
10 223 176 176 176 0
10 224 192 688 688 0
10 225 688 752 752 0
10 226 -16 277 277 0
10 227 -592 128 128 0
10 228 544 576 576 0
10 229 96 480 480 0
10 230 48 768 768 0
10 231 160 -208 -208 0
10 232 -400 -176 -176 0
10 233 432 928 928 0
10 234 848 496 496 0
10 235 -128 -128 -128 0
10 236 800 1360 421 1
10 237 -688 -512 -512 0
10 238 688 432 432 0
10 239 32 48 48 0
10 240 -16 -16 -16 0
10 241 -448 48 48 0
10 242 -208 128 128 0
10 243 -224 -80 -80 0
10 244 928 336 336 0
10 245 192 864 864 0
10 246 192 256 256 0
10 247 0 512 512 0
10 248 848 848 848 0
10 249 368 592 592 0
10 250 496 1072 133 1
10 251 0 880 880 0
10 252 384 256 256 0
10 253 352 736 736 0
10 254 32 384 384 0
10 255 0 32 32 0
10 256 -1216 -4048 -4048 0
10 257 -1664 -6352 -6352 0
10 258 -1744 -6608 -6608 0
10 259 -1168 -6080 -6080 0
10 260 -2944 -6528 -6528 0
10 261 -3696 -6656 -6656 0
10 262 -1920 -5968 -5968 0
10 263 0 -5184 -5184 0
10 264 -1168 -6192 -6192 0
10 265 -1776 -10432 -10432 0
10 266 -1920 -11104 -11104 0
10 267 -3248 -9904 -9904 0
10 268 -5520 -9216 -9216 0
10 269 -5488 -8576 -8576 0
10 270 -1920 -6896 -6896 0
10 271 0 -5520 -5520 0
10 272 -3696 -6688 -6688 0
10 273 -3568 -9648 -9648 0
10 274 -1920 -8496 -8496 0
10 275 -1168 -8528 -8528 0
10 276 -2992 -6560 -6560 0
10 277 -3584 -8752 -8752 0
10 278 -1744 -8480 -8480 0
10 279 0 -7152 -7152 0
10 280 -3440 -6688 -6688 0
10 281 -4880 -11568 -11568 0
10 282 -1664 -11312 -11312 0
10 283 -3776 -12272 -12272 0
10 284 -2992 -8320 -8320 0
10 285 -4912 -7824 -7824 0
10 286 -3584 -6528 -6528 0
10 287 -1744 -5440 -5440 0
10 288 -3600 -4768 -4768 0
10 289 -5008 -8816 -8816 0
10 290 -2992 -9936 -9936 0
10 291 -3584 -10272 -10272 0
10 292 -4992 -10608 -10608 0
10 293 -4656 -8608 -8608 0
10 294 -5440 -10512 -10512 0
10 295 -1920 -7328 -7328 0
10 296 -3488 -5520 -5520 0
10 297 -5696 -8736 -8736 0
10 298 -2992 -9824 -9824 0
10 299 -3696 -10960 -10960 0
10 300 -4304 -9792 -9792 0
10 301 -5472 -8608 -8608 0
10 302 -5488 -8320 -8320 0
10 303 -1920 -5440 -5440 0
10 304 -2992 -2992 -2992 0
10 305 -4800 -5968 -5968 0
10 306 -6656 -9600 -9600 0
10 307 -5232 -10144 -10144 0
10 308 -6864 -10448 -10448 0
10 309 -3600 -6512 -6512 0
10 310 -3840 -7648 -7648 0
10 311 0 -3744 -3744 0
10 312 -2992 -2992 -2992 0
10 313 -4864 -6896 -6896 0
10 314 -4864 -8720 -8720 0
10 315 -3696 -8608 -8608 0
10 316 -3952 -7648 -7648 0
10 317 -1824 -5776 -5776 0
10 318 -1920 -3744 -3744 0
10 319 0 -1920 -1920 0
10 320 -128 -336 -336 0
10 321 -816 -667 -667 0
10 322 -240 10 10 0
10 323 608 1061 122 1
10 324 1328 1312 373 1
10 325 1520 1152 213 1
10 326 800 464 464 0
10 327 0 -336 -336 0
10 328 608 1008 69 1
10 329 720 -272 -272 0
10 330 800 -832 -832 0
10 331 -320 -336 -336 0
10 332 -1664 -1611 -1611 0
10 333 -624 -155 -155 0
10 334 272 469 469 0
10 335 0 864 864 0
10 336 -1008 -1056 -1056 0
10 337 -896 -363 -363 0
10 338 272 -91 -91 0
10 339 608 160 160 0
10 340 592 -304 -304 0
10 341 -16 -64 -64 0
10 342 -240 -2032 -2032 0
10 343 0 -1440 -1440 0
10 344 -96 -416 -416 0
10 345 432 -624 -624 0
10 346 -816 -240 -240 0
10 347 -432 416 416 0
10 348 -48 -304 -304 0
10 349 864 1232 293 1
10 350 -16 373 373 0
10 351 -240 341 341 0
10 352 64 672 672 0
10 353 1680 2208 1269 1
10 354 592 1152 213 1
10 355 -16 -11 -11 0
10 356 -560 293 293 0
10 357 -864 -256 -256 0
10 358 752 -224 -224 0
10 359 800 -400 -400 0
10 360 -1472 -1664 -1664 0
10 361 -160 -944 -944 0
10 362 -48 -912 -912 0
10 363 992 -912 -912 0
10 364 1280 656 656 0
10 365 -288 -144 -144 0
10 366 -96 -304 -304 0
10 367 272 752 752 0
10 368 592 592 592 0
10 369 -144 464 464 0
10 370 -1376 -987 -987 0
10 371 -1712 -1259 -1259 0
10 372 448 432 432 0
10 373 64 432 432 0
10 374 1072 1600 661 1
10 375 0 144 144 0
10 376 -48 -48 -48 0
10 377 1600 1408 469 1
10 378 2128 1280 341 1
10 379 1520 1744 805 1
10 380 608 661 661 0
10 381 -656 -48 -48 0
10 382 272 -384 -384 0
10 383 0 272 272 0
10 384 224 -80 -80 0
10 385 -160 -864 -864 0
10 386 -1344 -944 -944 0
10 387 -144 624 624 0
10 388 640 240 240 0
10 389 544 -576 -576 0
10 390 -240 -320 -320 0
10 391 0 -720 -720 0
10 392 -144 592 592 0
10 393 784 912 912 0
10 394 -240 -1952 -1952 0
10 395 -48 -1472 -1472 0
10 396 144 416 416 0
10 397 -1280 -1664 -1664 0
10 398 -512 -144 -144 0
10 399 0 181 181 0
10 400 -432 0 0 0
10 401 -768 -416 -416 0
10 402 -512 96 96 0
10 403 -144 -2160 -2160 0
10 404 1008 240 240 0
10 405 -400 -960 -960 0
10 406 -1344 -976 -976 0
10 407 0 -1440 -1440 0
10 408 624 576 576 0
10 409 -1360 -1360 -1360 0
10 410 -160 -576 -576 0
10 411 -1616 -1520 -1520 0
10 412 432 -1312 -1312 0
10 413 496 -992 -992 0
10 414 -400 240 240 0
10 415 -1344 -800 -800 0
10 416 1360 1216 277 1
10 417 -896 -384 -384 0
10 418 1008 928 928 0
10 419 -400 304 304 0
10 420 -1392 -1360 -1360 0
10 421 272 -240 -240 0
10 422 -1072 -544 -544 0
10 423 -240 -336 -336 0
10 424 416 144 144 0
10 425 -2128 -1328 -1328 0
10 426 432 -288 -288 0
10 427 272 -928 -928 0
10 428 -160 -1440 -1440 0
10 429 352 64 64 0
10 430 -1008 -1312 -1312 0
10 431 -512 -1072 -1072 0
10 432 1008 1008 69 1
10 433 -176 -320 -320 0
10 434 -1552 -912 -912 0
10 435 -928 -160 -160 0
10 436 -2272 -2672 -2672 0
10 437 1360 -128 -128 0
10 438 -752 -240 -240 0
10 439 0 336 336 0
10 440 432 432 432 0
10 441 128 -144 -144 0
10 442 400 704 704 0
10 443 544 464 464 0
10 444 -512 -240 -240 0
10 445 576 64 64 0
10 446 -512 64 64 0
10 447 0 -512 -512 0
10 448 -304 -11 -11 0
10 449 800 656 656 0
10 450 0 -1536 -1536 0
10 451 432 -1840 -1840 0
10 452 -144 -736 -736 0
10 453 -1968 -2272 -2272 0
10 454 -1392 -464 -464 0
10 455 0 224 224 0
10 456 432 -176 -176 0
10 457 -576 -1376 -1376 0
10 458 -1392 -608 -608 0
10 459 -32 112 112 0
10 460 896 208 208 0
10 461 -288 -1248 -1248 0
10 462 -112 16 16 0
10 463 0 -2144 -2144 0
10 464 1072 1328 389 1
10 465 -176 -736 -736 0
10 466 -112 -1584 -1584 0
10 467 432 112 112 0
10 468 -880 -1056 -1056 0
10 469 -592 -736 -736 0
10 470 0 592 592 0
10 471 0 512 512 0
10 472 224 192 192 0
10 473 -1696 -1307 -1307 0
10 474 800 64 64 0
10 475 272 -1312 -1312 0
10 476 256 -336 -336 0
10 477 -992 -560 -560 0
10 478 -592 -736 -736 0
10 479 0 -1968 -1968 0
10 480 -752 -320 -320 0
10 481 -1072 -1376 -1376 0
10 482 -880 -1744 -1744 0
10 483 -592 -1024 -1024 0
10 484 -32 -2112 -2112 0
10 485 1056 -64 -64 0
10 486 -688 -896 -896 0
10 487 -1392 -880 -880 0
10 488 624 896 896 0
10 489 160 -320 -320 0
10 490 256 912 912 0
10 491 -688 -731 -731 0
10 492 -1264 -1552 -1552 0
10 493 496 80 80 0
10 494 -1568 -1275 -1275 0
10 495 -112 -688 -688 0
10 496 -880 -880 -880 0
10 497 -896 -464 -464 0
10 498 768 624 624 0
10 499 624 -1648 -1648 0
10 500 592 0 0 0
10 501 -752 -320 -320 0
10 502 -1504 -1808 -1808 0
10 503 0 -1568 -1568 0
10 504 256 256 256 0
10 505 -256 16 16 0
10 506 -1536 -1440 -1440 0
10 507 -1968 -1824 -1824 0
10 508 -1120 -1808 -1808 0
10 509 -176 -1296 -1296 0
10 510 -112 -288 -288 0
10 511 0 -112 -112 0
10 512 -432 144 144 0
10 513 128 928 928 0
10 514 448 912 912 0
10 515 448 32 32 0
10 516 352 592 592 0
10 517 16 32 32 0
10 518 112 256 256 0
10 519 0 480 480 0
10 520 448 -656 -656 0
10 521 -96 -768 -768 0
10 522 112 -347 -347 0
10 523 -1008 -571 -571 0
10 524 -352 -64 -64 0
10 525 928 1488 549 1
10 526 384 160 160 0
10 527 0 112 112 0
10 528 -448 96 96 0
10 529 544 848 848 0
10 530 384 96 96 0
10 531 448 560 560 0
10 532 -528 16 16 0
10 533 240 -384 -384 0
10 534 448 -336 -336 0
10 535 0 117 117 0
10 536 32 -976 -976 0
10 537 128 224 224 0
10 538 128 976 37 1
10 539 -128 -32 -32 0
10 540 544 1232 293 1
10 541 -144 752 752 0
10 542 240 592 592 0
10 543 448 464 464 0
10 544 0 448 448 0
10 545 944 272 272 0
10 546 -528 -448 -448 0
10 547 240 1072 133 1
10 548 -560 -160 -160 0
10 549 672 208 208 0
10 550 736 -176 -176 0
10 551 112 720 720 0
10 552 224 -352 -352 0
10 553 256 -80 -80 0
10 554 544 48 48 0
10 555 288 384 384 0
10 556 128 1056 117 1
10 557 -544 -592 -592 0
10 558 656 1232 293 1
10 559 384 736 736 0
10 560 -528 -528 -528 0
10 561 -192 256 256 0
10 562 -432 -80 -80 0
10 563 672 256 256 0
10 564 704 944 5 1
10 565 0 896 896 0
10 566 496 -176 -176 0
10 567 0 208 208 0
10 568 544 544 544 0
10 569 736 160 160 0
10 570 464 -16 -16 0
10 571 16 944 5 1
10 572 -464 -176 -176 0
10 573 96 -368 -368 0
10 574 384 480 480 0
10 575 0 384 384 0
10 576 480 -144 -144 0
10 577 -816 -1488 -1488 0
10 578 -1152 -224 -224 0
10 579 192 469 469 0
10 580 480 112 112 0
10 581 736 64 64 0
10 582 448 304 304 0
10 583 0 -1680 -1680 0
10 584 192 784 784 0
10 585 288 384 384 0
10 586 448 -1184 -1184 0
10 587 304 -144 -144 0
10 588 -832 -192 -192 0
10 589 -640 0 0 0
10 590 352 656 656 0
10 591 0 896 896 0
10 592 -992 -640 -640 0
10 593 -992 -619 -619 0
10 594 352 -187 -187 0
10 595 192 -1504 -1504 0
10 596 768 -224 -224 0
10 597 -368 288 288 0
10 598 -1152 -1504 -1504 0
10 599 0 -1456 -1456 0
10 600 -528 -224 -224 0
10 601 -224 -864 -864 0
10 602 -816 -496 -496 0
10 603 -1328 -1515 -1515 0
10 604 352 -1168 -1168 0
10 605 1120 160 160 0
10 606 -368 112 112 0
10 607 -1152 -416 -416 0
10 608 448 640 640 0
10 609 992 1104 165 1
10 610 768 1392 453 1
10 611 -368 -315 -315 0
10 612 -848 -699 -699 0
10 613 -464 -192 -192 0
10 614 -512 -48 -48 0
10 615 448 144 144 0
10 616 -656 -832 -832 0
10 617 -976 -336 -336 0
10 618 352 192 192 0
10 619 640 -1344 -1344 0
10 620 1120 480 480 0
10 621 -704 128 128 0
10 622 -544 -1168 -1168 0
10 623 352 -512 -512 0
10 624 768 768 768 0
10 625 112 304 304 0
10 626 -1664 -1184 -1184 0
10 627 -1808 -1531 -1531 0
10 628 -784 -1152 -1152 0
10 629 448 -512 -512 0
10 630 800 912 912 0
10 631 0 608 608 0
10 632 352 352 352 0
10 633 832 656 656 0
10 634 928 912 912 0
10 635 736 1440 501 1
10 636 272 912 912 0
10 637 160 432 432 0
10 638 352 512 512 0
10 639 0 352 352 0
10 640 -1056 -3120 -3120 0
10 641 -672 -5120 -5120 0
10 642 -1648 -5216 -5216 0
10 643 -1392 -4624 -4624 0
10 644 -2800 -4240 -4240 0
10 645 -2176 -4880 -4880 0
10 646 -768 -3888 -3888 0
10 647 0 -3728 -3728 0
10 648 -1392 -5472 -5472 0
10 649 -1408 -6480 -6480 0
10 650 -768 -7392 -7392 0
10 651 -2672 -8400 -8400 0
10 652 -3248 -6384 -6384 0
10 653 -4336 -6496 -6496 0
10 654 -1728 -6144 -6144 0
10 655 0 -3136 -3136 0
10 656 -2288 -4640 -4640 0
10 657 -2608 -8192 -8192 0
10 658 -1728 -5632 -5632 0
10 659 -1392 -6096 -6096 0
10 660 -2464 -5072 -5072 0
10 661 -1440 -5840 -5840 0
10 662 -1648 -5952 -5952 0
10 663 0 -5008 -5008 0
10 664 -2080 -4752 -4752 0
10 665 -3472 -8112 -8112 0
10 666 -672 -8864 -8864 0
10 667 -3264 -8896 -8896 0
10 668 -2352 -5440 -5440 0
10 669 -4192 -7232 -7232 0
10 670 -1440 -4240 -4240 0
10 671 -1648 -3824 -3824 0
10 672 -2368 -3760 -3760 0
10 673 -3888 -6912 -6912 0
10 674 -2464 -7200 -7200 0
10 675 -1440 -6928 -6928 0
10 676 -4320 -8224 -8224 0
10 677 -3024 -5408 -5408 0
10 678 -4784 -8416 -8416 0
10 679 -768 -4128 -4128 0
10 680 -1632 -3248 -3248 0
10 681 -4992 -7008 -7008 0
10 682 -2352 -7424 -7424 0
10 683 -3136 -8032 -8032 0
10 684 -3216 -7552 -7552 0
10 685 -3696 -6480 -6480 0
10 686 -3376 -5440 -5440 0
10 687 -1728 -4784 -4784 0
10 688 -2464 -2464 -2464 0
10 689 -2496 -3888 -3888 0
10 690 -4992 -7792 -7792 0
10 691 -3280 -6512 -6512 0
10 692 -6384 -7824 -7824 0
10 693 -2368 -5408 -5408 0
10 694 -2496 -5520 -5520 0
10 695 0 -1728 -1728 0
10 696 -2352 -2352 -2352 0
10 697 -4528 -6144 -6144 0
10 698 -3568 -6144 -6144 0
10 699 -2176 -6256 -6256 0
10 700 -2384 -5520 -5520 0
10 701 -960 -3344 -3344 0
10 702 -1728 -2688 -2688 0
10 703 0 -1728 -1728 0
10 704 496 384 384 0
10 705 672 -1728 -1728 0
10 706 -224 -2256 -2256 0
10 707 -784 -1536 -1536 0
10 708 -2176 -1360 -1360 0
10 709 -1248 -976 -976 0
10 710 144 528 528 0
10 711 0 -944 -944 0
10 712 -784 -2043 -2043 0
10 713 -1392 -1286 -1286 0
10 714 144 677 677 0
10 715 1072 512 512 0
10 716 1344 304 304 0
10 717 224 -416 -416 0
10 718 352 -1248 -1248 0
10 719 0 -1152 -1152 0
10 720 1248 560 560 0
10 721 -128 -1456 -1456 0
10 722 352 272 272 0
10 723 -784 -555 -555 0
10 724 -896 -1024 -1024 0
10 725 816 1301 362 1
10 726 -224 677 677 0
10 727 0 896 896 0
10 728 -720 -587 -587 0
10 729 416 976 37 1
10 730 672 -784 -784 0
10 731 352 624 624 0
10 732 -688 -96 -96 0
10 733 -544 -1552 -1552 0
10 734 816 -1360 -1360 0
10 735 -224 -1472 -1472 0
10 736 -1296 -2080 -2080 0
10 737 -288 -1104 -1104 0
10 738 -896 -864 -864 0
10 739 816 -912 -912 0
10 740 848 -48 -48 0
10 741 -16 704 704 0
10 742 -1264 -1035 -1035 0
10 743 144 325 325 0
10 744 768 1344 405 1
10 745 704 1296 357 1
10 746 -688 -470 -470 0
10 747 -1040 -859 -859 0
10 748 -144 80 80 0
10 749 -144 704 704 0
10 750 16 -96 -96 0
10 751 352 -1264 -1264 0
10 752 -896 -896 -896 0
10 753 1312 528 528 0
10 754 1520 -656 -656 0
10 755 544 -208 -208 0
10 756 -80 736 736 0
10 757 -1296 -2304 -2304 0
10 758 496 -320 -320 0
10 759 0 240 240 0
10 760 -688 -688 -688 0
10 761 -1824 -1248 -1248 0
10 762 -2032 -1360 -1360 0
10 763 -1248 -1584 -1584 0
10 764 720 -320 -320 0
10 765 96 816 816 0
10 766 352 448 448 0
10 767 0 352 352 0
10 768 -64 -320 -320 0
10 769 480 -208 -208 0
10 770 -368 -208 -208 0
10 771 -736 96 96 0
10 772 -320 -299 -299 0
10 773 896 464 464 0
10 774 480 160 160 0
10 775 0 528 528 0
10 776 -736 -800 -800 0
10 777 416 789 789 0
10 778 480 640 640 0
10 779 -480 -1120 -1120 0
10 780 896 944 5 1
10 781 96 -160 -160 0
10 782 -368 -1104 -1104 0
10 783 0 789 789 0
10 784 64 160 160 0
10 785 464 -288 -288 0
10 786 -368 5 5 0
10 787 -736 -560 -560 0
10 788 352 816 816 0
10 789 960 112 112 0
10 790 -368 464 464 0
10 791 0 576 576 0
10 792 896 416 416 0
10 793 48 208 208 0
10 794 480 192 192 0
10 795 -784 -779 -779 0
10 796 96 -251 -251 0
10 797 -16 -1120 -1120 0
10 798 960 640 640 0
10 799 -368 528 528 0
10 800 1248 512 512 0
10 801 -624 -624 -624 0
10 802 352 512 512 0
10 803 960 1104 165 1
10 804 -848 -320 -320 0
10 805 576 640 640 0
10 806 -320 32 32 0
10 807 480 485 485 0
10 808 1312 896 896 0
10 809 -1152 -384 -384 0
10 810 96 -272 -272 0
10 811 48 576 576 0
10 812 -320 -224 -224 0
10 813 480 48 48 0
10 814 944 688 688 0
10 815 -368 -320 -320 0
10 816 352 352 352 0
10 817 896 160 160 0
10 818 -368 -688 -688 0
10 819 944 1776 837 1
10 820 -1888 -1867 -1867 0
10 821 1248 144 144 0
10 822 112 112 112 0
10 823 0 373 373 0
10 824 96 96 96 0
10 825 -688 -1104 -1104 0
10 826 160 576 576 0
10 827 896 624 624 0
10 828 64 112 112 0
10 829 832 896 896 0
10 830 -368 464 464 0
10 831 0 -368 -368 0
10 832 480 944 5 1
10 833 720 544 544 0
10 834 -64 464 464 0
10 835 -256 69 69 0
10 836 -112 309 309 0
10 837 784 1200 261 1
10 838 640 645 645 0
10 839 0 800 800 0
10 840 -256 176 176 0
10 841 144 325 325 0
10 842 640 288 288 0
10 843 288 -848 -848 0
10 844 0 -144 -144 0
10 845 -880 -496 -496 0
10 846 -288 -592 -592 0
10 847 0 256 256 0
10 848 528 -256 -256 0
10 849 -592 -512 -512 0
10 850 -288 -182 -182 0
10 851 -256 -91 -91 0
10 852 624 32 32 0
10 853 1360 1360 421 1
10 854 -64 416 416 0
10 855 0 -160 -160 0
10 856 864 1152 213 1
10 857 1056 800 800 0
10 858 720 208 208 0
10 859 -256 501 501 0
10 860 -784 -427 -427 0
10 861 336 16 16 0
10 862 1360 1248 309 1
10 863 -64 720 720 0
10 864 -384 -640 -640 0
10 865 96 48 48 0
10 866 624 288 288 0
10 867 1360 432 432 0
10 868 224 720 720 0
10 869 -64 384 384 0
10 870 -208 -448 -448 0
10 871 640 544 544 0
10 872 192 0 0 0
10 873 -544 -592 -592 0
10 874 -784 -1003 -1003 0
10 875 -144 -208 -208 0
10 876 864 -16 -16 0
10 877 672 864 864 0
10 878 48 512 512 0
10 879 -288 -208 -208 0
10 880 624 624 624 0
10 881 1840 1584 645 1
10 882 944 832 832 0
10 883 128 453 453 0
10 884 -800 -379 -379 0
10 885 -384 -704 -704 0
10 886 352 304 304 0
10 887 0 112 112 0
10 888 -784 -784 -784 0
10 889 -400 -592 -592 0
10 890 528 -192 -192 0
10 891 784 -288 -288 0
10 892 448 304 304 0
10 893 -528 -80 -80 0
10 894 -288 -816 -816 0
10 895 0 -288 -288 0
10 896 160 224 224 0
10 897 176 -880 -880 0
10 898 -240 -528 -528 0
10 899 -112 -128 -128 0
10 900 -816 -112 -112 0
10 901 -176 -256 -256 0
10 902 528 752 752 0
10 903 0 -768 -768 0
10 904 -112 -416 -416 0
10 905 -704 117 117 0
10 906 528 880 880 0
10 907 400 224 224 0
10 908 1072 -112 -112 0
10 909 -64 352 352 0
10 910 -480 -1056 -1056 0
10 911 0 480 480 0
10 912 416 960 21 1
10 913 416 -720 -720 0
10 914 -480 -320 -320 0
10 915 -112 -347 -347 0
10 916 -544 -128 -128 0
10 917 704 624 624 0
10 918 -240 53 53 0
10 919 0 112 112 0
10 920 -528 -128 -128 0
10 921 448 469 469 0
10 922 176 -544 -544 0
10 923 0 -320 -320 0
10 924 544 1008 69 1
10 925 -1024 -1376 -1376 0
10 926 704 -112 -112 0
10 927 -240 -416 -416 0
10 928 -48 -160 -160 0
10 929 -64 -528 -528 0
10 930 -544 -171 -171 0
10 931 704 64 64 0
10 932 160 -496 -496 0
10 933 720 1488 549 1
10 934 -1424 -1307 -1307 0
10 935 528 880 880 0
10 936 832 1072 133 1
10 937 -480 336 336 0
10 938 544 640 640 0
10 939 -1184 -352 -352 0
10 940 576 512 512 0
10 941 -288 -608 -608 0
10 942 944 1008 69 1
10 943 -480 -1424 -1424 0
10 944 -544 -544 -544 0
10 945 864 752 752 0
10 946 336 -480 -480 0
10 947 592 576 576 0
10 948 -592 112 112 0
10 949 -48 -400 -400 0
10 950 48 -416 -416 0
10 951 0 245 245 0
10 952 544 544 544 0
10 953 -1296 -1056 -1056 0
10 954 -288 608 608 0
10 955 -176 -112 -112 0
10 956 768 -416 -416 0
10 957 656 1424 485 1
10 958 -480 176 176 0
10 959 0 -480 -480 0
10 960 -1040 -3728 -3728 0
10 961 -1520 -5984 -5984 0
10 962 -1760 -5408 -5408 0
10 963 -1168 -4688 -4688 0
10 964 -2704 -5168 -5168 0
10 965 -2480 -5280 -5280 0
10 966 -944 -4672 -4672 0
10 967 0 -4816 -4816 0
10 968 -1168 -4752 -4752 0
10 969 -1536 -7072 -7072 0
10 970 -944 -7856 -7856 0
10 971 -2048 -7600 -7600 0
10 972 -3552 -6688 -6688 0
10 973 -4384 -6496 -6496 0
10 974 -1600 -5312 -5312 0
10 975 0 -3504 -3504 0
10 976 -2528 -4720 -4720 0
10 977 -2784 -8128 -8128 0
10 978 -1600 -6640 -6640 0
10 979 -1168 -6400 -6400 0
10 980 -2576 -5360 -5360 0
10 981 -2464 -6112 -6112 0
10 982 -1760 -6352 -6352 0
10 983 0 -5904 -5904 0
10 984 -3056 -5104 -5104 0
10 985 -3744 -8464 -8464 0
10 986 -1520 -9648 -9648 0
10 987 -2768 -9408 -9408 0
10 988 -2192 -6416 -6416 0
10 989 -4176 -7104 -7104 0
10 990 -2464 -5168 -5168 0
10 991 -1760 -4240 -4240 0
10 992 -2560 -3728 -3728 0
10 993 -3712 -6256 -6256 0
10 994 -2576 -6720 -6720 0
10 995 -2464 -7792 -7792 0
10 996 -3808 -7888 -7888 0
10 997 -3712 -5664 -5664 0
10 998 -4896 -7968 -7968 0
10 999 -944 -5088 -5088 0
10 1000 -2544 -3552 -3552 0
10 1001 -4368 -6432 -6432 0
10 1002 -2192 -7360 -7360 0
10 1003 -3136 -8448 -8448 0
10 1004 -3152 -7536 -7536 0
10 1005 -4064 -6704 -6704 0
10 1006 -3728 -6416 -6416 0
10 1007 -1600 -4896 -4896 0
10 1008 -2576 -2576 -2576 0
10 1009 -3504 -4672 -4672 0
10 1010 -5328 -8032 -8032 0
10 1011 -4304 -7824 -7824 0
10 1012 -5536 -8000 -8000 0
10 1013 -2560 -5488 -5488 0
10 1014 -2544 -5088 -5088 0
10 1015 0 -1968 -1968 0
10 1016 -2192 -2192 -2192 0
10 1017 -4304 -5312 -5312 0
10 1018 -3648 -5680 -5680 0
10 1019 -2480 -6272 -6272 0
10 1020 -1952 -5088 -5088 0
10 1021 -1024 -2976 -2976 0
10 1022 -1600 -2624 -2624 0
10 1023 0 -1600 -1600 0
11 0 0 -3712 -3712 0
11 1 -1824 -5216 -5216 0
11 2 -3104 -6752 -6752 0
11 3 -1936 -6752 -6752 0
11 4 -2480 -6752 -6752 0
11 5 -1888 -6752 -6752 0
11 6 -1504 -6752 -6752 0
11 7 -1536 -4320 -4320 0
11 8 -1280 -5824 -5824 0
11 9 -1264 -8784 -8784 0
11 10 -3280 -9680 -9680 0
11 11 -3664 -9680 -9680 0
11 12 -2800 -7856 -7856 0
11 13 -3936 -8400 -8400 0
11 14 -3584 -7200 -7200 0
11 15 -1552 -4704 -4704 0
11 16 -2672 -6592 -6592 0
11 17 -4080 -9680 -9680 0
11 18 -3296 -9680 -9680 0
11 19 -4336 -9680 -9680 0
11 20 -4976 -9072 -9072 0
11 21 -2032 -8832 -8832 0
11 22 -1744 -7536 -7536 0
11 23 -1536 -5136 -5136 0
11 24 -1376 -6592 -6592 0
11 25 -1744 -9680 -9680 0
11 26 -2800 -9680 -9680 0
11 27 -1376 -9680 -9680 0
11 28 -3568 -8416 -8416 0
11 29 -4080 -8912 -8912 0
11 30 -3248 -7520 -7520 0
11 31 -2176 -5216 -5216 0
11 32 -3088 -5312 -5312 0
11 33 -3872 -9024 -9024 0
11 34 -2832 -9680 -9680 0
11 35 -1920 -7856 -7856 0
11 36 -1376 -8400 -8400 0
11 37 -3568 -9024 -9024 0
11 38 -3424 -9680 -9680 0
11 39 -1504 -5984 -5984 0
11 40 -2432 -5744 -5744 0
11 41 -2736 -8144 -8144 0
11 42 -3040 -9680 -9680 0
11 43 -3360 -9072 -9072 0
11 44 -2544 -8832 -8832 0
11 45 -2032 -8144 -8144 0
11 46 -4832 -9680 -9680 0
11 47 -3584 -5984 -5984 0
11 48 -3152 -5824 -5824 0
11 49 -3536 -8784 -8784 0
11 50 -3200 -9680 -9680 0
11 51 -1504 -8416 -8416 0
11 52 -848 -7088 -7088 0
11 53 -4624 -7504 -7504 0
11 54 -2656 -7200 -7200 0
11 55 -2400 -4704 -4704 0
11 56 -2112 -3488 -3488 0
11 57 -2304 -5920 -5920 0
11 58 -896 -5920 -5920 0
11 59 -1264 -5920 -5920 0
11 60 -768 -5312 -5312 0
11 61 -1504 -5072 -5072 0
11 62 -2112 -3776 -3776 0
11 63 -2304 -3200 -3200 0
11 64 0 -1696 -1696 0
11 65 -1456 -2656 -2656 0
11 66 -2256 -3051 -3051 0
11 67 -2016 -2112 -2112 0
11 68 -2672 -2112 -2112 0
11 69 -240 -2112 -2112 0
11 70 -960 -2112 -2112 0
11 71 544 -1216 -1216 0
11 72 -800 -1184 -1184 0
11 73 -656 -1728 -1728 0
11 74 -640 -2160 -2160 0
11 75 0 -2160 -2160 0
11 76 -112 -704 -704 0
11 77 -944 -2299 -2299 0
11 78 -128 -427 -427 0
11 79 -1648 -720 -720 0
11 80 -1200 -1056 -1056 0
11 81 0 -2160 -2160 0
11 82 -272 -2160 -2160 0
11 83 -1504 -2160 -2160 0
11 84 -432 -2720 -2720 0
11 85 -528 -2416 -2416 0
11 86 -176 -3264 -3264 0
11 87 544 -1776 -1776 0
11 88 688 -1056 -1056 0
11 89 -176 -2160 -2160 0
11 90 800 -2160 -2160 0
11 91 688 -2160 -2160 0
11 92 -1632 -2416 -2416 0
11 93 0 -2288 -2288 0
11 94 -2544 -1984 -1984 0
11 95 -1232 -1648 -1648 0
11 96 -1200 -1195 -1195 0
11 97 -2128 -1883 -1883 0
11 98 -2448 -3099 -3099 0
11 99 -960 -704 -704 0
11 100 688 -1360 -1360 0
11 101 -1632 -944 -944 0
11 102 304 -2160 -2160 0
11 103 -960 -1520 -1520 0
11 104 -896 -1312 -1312 0
11 105 16 -2704 -2704 0
11 106 -416 -2160 -2160 0
11 107 -912 -2720 -2720 0
11 108 -544 -2416 -2416 0
11 109 -528 -2704 -2704 0
11 110 -1376 -2160 -2160 0
11 111 -128 -1520 -1520 0
11 112 16 -1184 -1184 0
11 113 -576 -1728 -1728 0
11 114 240 -2160 -2160 0
11 115 128 -2416 -2416 0
11 116 256 -832 -832 0
11 117 -656 -928 -928 0
11 118 -112 512 512 0
11 119 -1392 -720 -720 0
11 120 512 1200 261 1
11 121 672 1312 373 1
11 122 -432 373 373 0
11 123 256 373 373 0
11 124 128 752 752 0
11 125 128 1056 117 1
11 126 512 208 208 0
11 127 672 240 240 0
11 128 0 -736 -736 0
11 129 -1056 -128 -128 0
11 130 -672 -1392 -1392 0
11 131 448 -1392 -1392 0
11 132 -992 -1392 -1392 0
11 133 320 -1392 -1392 0
11 134 608 -1392 -1392 0
11 135 -1264 -1211 -1211 0
11 136 384 -1536 -1536 0
11 137 0 -2352 -2352 0
11 138 -576 -2288 -2288 0
11 139 -336 -2288 -2288 0
11 140 -1264 -1232 -1232 0
11 141 -1856 -2672 -2672 0
11 142 -496 -1296 -1296 0
11 143 128 -208 -208 0
11 144 -512 -1152 -1152 0
11 145 -2224 -2288 -2288 0
11 146 -960 -2288 -2288 0
11 147 -64 -2288 -2288 0
11 148 -2160 -2224 -2224 0
11 149 384 -2832 -2832 0
11 150 608 -960 -960 0
11 151 -1264 -368 -368 0
11 152 320 -1152 -1152 0
11 153 608 -2288 -2288 0
11 154 -2608 -2288 -2288 0
11 155 320 -2288 -2288 0
11 156 -448 -944 -944 0
11 157 -2224 -2672 -2672 0
11 158 -608 -1008 -1008 0
11 159 448 -208 -208 0
11 160 -2400 -1536 -1536 0
11 161 -288 -2352 -2352 0
11 162 512 -2288 -2288 0
11 163 -1280 -1232 -1232 0
11 164 320 -2672 -2672 0
11 165 -448 -2352 -2352 0
11 166 -944 -2288 -2288 0
11 167 608 176 176 0
11 168 -1120 -1696 -1696 0
11 169 864 -1024 -1024 0
11 170 -656 -2288 -2288 0
11 171 -2320 -2224 -2224 0
11 172 -960 -2832 -2832 0
11 173 384 -1024 -1024 0
11 174 -1792 -2288 -2288 0
11 175 -496 176 176 0
11 176 -1024 -1536 -1536 0
11 177 -352 -2352 -2352 0
11 178 -816 -2288 -2288 0
11 179 0 -944 -944 0
11 180 544 -1616 -1616 0
11 181 -3664 -2736 -2736 0
11 182 704 -1296 -1296 0
11 183 672 -208 -208 0
11 184 -800 -480 -480 0
11 185 -880 -1680 -1680 0
11 186 64 -1680 -1680 0
11 187 -1344 -1680 -1680 0
11 188 384 -1616 -1616 0
11 189 0 -2224 -2224 0
11 190 -800 -352 -352 0
11 191 -880 -816 -816 0
11 192 0 -112 -112 0
11 193 144 -96 -96 0
11 194 -608 64 64 0
11 195 -576 64 64 0
11 196 320 64 64 0
11 197 -256 64 64 0
11 198 16 64 64 0
11 199 160 -576 -576 0
11 200 -752 -48 -48 0
11 201 672 640 640 0
11 202 480 672 672 0
11 203 -752 -267 -267 0
11 204 832 528 528 0
11 205 208 485 485 0
11 206 -240 352 352 0
11 207 208 560 560 0
11 208 -16 304 304 0
11 209 -368 -267 -267 0
11 210 1248 672 672 0
11 211 368 672 672 0
11 212 -336 176 176 0
11 213 1024 832 832 0
11 214 -128 16 16 0
11 215 160 -32 -32 0
11 216 848 304 304 0
11 217 -128 672 672 0
11 218 384 -267 -267 0
11 219 848 672 672 0
11 220 16 448 448 0
11 221 -368 320 320 0
11 222 672 416 416 0
11 223 -720 -544 -544 0
11 224 368 1056 117 1
11 225 -256 496 496 0
11 226 -544 -267 -267 0
11 227 400 528 528 0
11 228 848 1424 485 1
11 229 16 496 496 0
11 230 -96 672 672 0
11 231 16 -192 -192 0
11 232 640 464 464 0
11 233 -416 512 512 0
11 234 176 672 672 0
11 235 304 176 176 0
11 236 -528 -107 -107 0
11 237 1024 512 512 0
11 238 240 672 672 0
11 239 -240 -192 -192 0
11 240 -32 -48 -48 0
11 241 592 640 640 0
11 242 544 672 672 0
11 243 528 448 448 0
11 244 -160 176 176 0
11 245 528 1392 453 1
11 246 96 352 352 0
11 247 48 560 560 0
11 248 64 912 912 0
11 249 512 1104 165 1
11 250 32 165 165 0
11 251 224 1104 165 1
11 252 352 608 608 0
11 253 528 1264 325 1
11 254 64 448 448 0
11 255 512 544 544 0
11 256 0 -4048 -4048 0
11 257 -1216 -7568 -7568 0
11 258 -2880 -9488 -9488 0
11 259 -3408 -9488 -9488 0
11 260 -2960 -9488 -9488 0
11 261 -2832 -9488 -9488 0
11 262 -3520 -9488 -9488 0
11 263 -1920 -7104 -7104 0
11 264 -1664 -7856 -7856 0
11 265 -2912 -13344 -13344 0
11 266 -4160 -15264 -15264 0
11 267 -5360 -15264 -15264 0
11 268 -4832 -14048 -14048 0
11 269 -5024 -13600 -13600 0
11 270 -5408 -12304 -12304 0
11 271 -3664 -9184 -9184 0
11 272 -2992 -9680 -9680 0
11 273 -5616 -15264 -15264 0
11 274 -6768 -15264 -15264 0
11 275 -6736 -15264 -15264 0
11 276 -7536 -14096 -14096 0
11 277 -4736 -13488 -13488 0
11 278 -3696 -12176 -12176 0
11 279 -1920 -9072 -9072 0
11 280 -2992 -9680 -9680 0
11 281 -3696 -15264 -15264 0
11 282 -3952 -15264 -15264 0
11 283 -2992 -15264 -15264 0
11 284 -4912 -13232 -13232 0
11 285 -5616 -13440 -13440 0
11 286 -4784 -11312 -11312 0
11 287 -3584 -9024 -9024 0
11 288 -3248 -8016 -8016 0
11 289 -4704 -13520 -13520 0
11 290 -5328 -15264 -15264 0
11 291 -3776 -14048 -14048 0
11 292 -2992 -13600 -13600 0
11 293 -4912 -13520 -13520 0
11 294 -4752 -15264 -15264 0
11 295 -3520 -10848 -10848 0
11 296 -2384 -7904 -7904 0
11 297 -4608 -13344 -13344 0
11 298 -5440 -15264 -15264 0
11 299 -3136 -14096 -14096 0
11 300 -3696 -13488 -13488 0
11 301 -4736 -13344 -13344 0
11 302 -6944 -15264 -15264 0
11 303 -5408 -10848 -10848 0
11 304 -4864 -7856 -7856 0
11 305 -7376 -13344 -13344 0
11 306 -5664 -15264 -15264 0
11 307 -3088 -13232 -13232 0
11 308 -1776 -12224 -12224 0
11 309 -5168 -11680 -11680 0
11 310 -4656 -12304 -12304 0
11 311 -5440 -9184 -9184 0
11 312 -3808 -6800 -6800 0
11 313 -3744 -10640 -10640 0
11 314 -1920 -10640 -10640 0
11 315 -2032 -10640 -10640 0
11 316 -1824 -9472 -9472 0
11 317 -3088 -8864 -8864 0
11 318 -3808 -7552 -7552 0
11 319 -3744 -5664 -5664 0
11 320 0 -336 -336 0
11 321 -128 -795 -795 0
11 322 -944 -934 -934 0
11 323 -1056 -934 -934 0
11 324 -368 5 5 0
11 325 -208 5 5 0
11 326 480 944 5 1
11 327 800 464 464 0
11 328 -816 -747 -747 0
11 329 368 96 96 0
11 330 1200 368 368 0
11 331 704 368 368 0
11 332 1168 -443 -443 0
11 333 400 245 245 0
11 334 -672 -203 -203 0
11 335 32 896 896 0
11 336 592 -464 -464 0
11 337 -208 -571 -571 0
11 338 -480 -571 -571 0
11 339 208 368 368 0
11 340 64 -240 -240 0
11 341 -288 -352 -352 0
11 342 992 -1040 -1040 0
11 343 800 -640 -640 0
11 344 -48 -464 -464 0
11 345 992 368 368 0
11 346 608 368 368 0
11 347 -48 368 368 0
11 348 864 560 560 0
11 349 -208 85 85 0
11 350 -1024 -651 -651 0
11 351 -544 -203 -203 0
11 352 -320 352 352 0
11 353 -1600 -331 -331 0
11 354 -784 -571 -571 0
11 355 -432 -443 -443 0
11 356 -48 245 245 0
11 357 864 608 608 0
11 358 592 368 368 0
11 359 480 80 80 0
11 360 480 -1184 -1184 0
11 361 512 -432 -432 0
11 362 1280 368 368 0
11 363 672 -240 -240 0
11 364 -1008 -352 -352 0
11 365 -288 -432 -432 0
11 366 672 368 368 0
11 367 -672 80 80 0
11 368 -400 192 192 0
11 369 -368 96 96 0
11 370 416 -571 -571 0
11 371 880 -379 -379 0
11 372 720 1152 213 1
11 373 480 912 912 0
11 374 -864 -203 -203 0
11 375 752 896 896 0
11 376 528 480 480 0
11 377 144 613 613 0
11 378 272 613 613 0
11 379 -192 613 613 0
11 380 -656 5 5 0
11 381 880 832 832 0
11 382 528 144 144 0
11 383 144 416 416 0
11 384 0 -80 -80 0
11 385 224 -640 -640 0
11 386 64 -880 -880 0
11 387 -1504 -880 -880 0
11 388 -1120 -880 -880 0
11 389 -304 -880 -880 0
11 390 -560 -880 -880 0
11 391 -240 -960 -960 0
11 392 -160 432 432 0
11 393 -1488 -576 -576 0
11 394 864 -1088 -1088 0
11 395 384 -1088 -1088 0
11 396 -1728 -1312 -1312 0
11 397 736 -928 -928 0
11 398 176 32 32 0
11 399 -1856 -1675 -1675 0
11 400 1008 1008 69 1
11 401 -672 -1088 -1088 0
11 402 -1184 -1088 -1088 0
11 403 1072 -1088 -1088 0
11 404 -1184 -944 -944 0
11 405 -912 -1872 -1872 0
11 406 272 -704 -704 0
11 407 -240 -1680 -1680 0
11 408 432 1008 69 1
11 409 272 -1088 -1088 0
11 410 -512 -1088 -1088 0
11 411 432 -1088 -1088 0
11 412 496 -816 -816 0
11 413 -672 -1664 -1664 0
11 414 -544 -304 -304 0
11 415 -672 -1472 -1472 0
11 416 -48 229 229 0
11 417 640 256 256 0
11 418 -2016 -1088 -1088 0
11 419 -1616 -1312 -1312 0
11 420 432 -928 -928 0
11 421 496 256 256 0
11 422 -544 -1088 -1088 0
11 423 -560 -896 -896 0
11 424 80 224 224 0
11 425 480 -848 -848 0
11 426 -800 -1088 -1088 0
11 427 -16 -944 -944 0
11 428 -432 -1872 -1872 0
11 429 -912 -848 -848 0
11 430 224 -1088 -1088 0
11 431 176 -896 -896 0
11 432 -576 -507 -507 0
11 433 -256 -576 -576 0
11 434 -176 -1088 -1088 0
11 435 -656 -816 -816 0
11 436 784 -1888 -1888 0
11 437 -288 -416 -416 0
11 438 272 32 32 0
11 439 -1072 -736 -736 0
11 440 512 944 5 1
11 441 336 192 192 0
11 442 -512 192 192 0
11 443 -272 192 192 0
11 444 576 336 336 0
11 445 -656 -592 -592 0
11 446 512 576 576 0
11 447 336 -176 -176 0
11 448 0 -11 -11 0
11 449 -304 352 352 0
11 450 496 -1040 -1040 0
11 451 800 -1040 -1040 0
11 452 -304 -1040 -1040 0
11 453 1232 -1040 -1040 0
11 454 -576 -1040 -1040 0
11 455 -1392 -1168 -1168 0
11 456 800 624 624 0
11 457 432 -944 -944 0
11 458 -448 -1056 -1056 0
11 459 -1168 -1056 -1056 0
11 460 -960 -752 -752 0
11 461 -608 -1856 -1856 0
11 462 -768 -752 -752 0
11 463 -112 -2256 -2256 0
11 464 -880 -491 -491 0
11 465 -320 -1056 -1056 0
11 466 528 -1056 -1056 0
11 467 -1168 -1056 -1056 0
11 468 -432 -1488 -1488 0
11 469 256 -480 -480 0
11 470 -688 -96 -96 0
11 471 -1392 -880 -880 0
11 472 256 448 448 0
11 473 -688 -1995 -1995 0
11 474 -1120 -1056 -1056 0
11 475 256 -1056 -1056 0
11 476 -992 -1328 -1328 0
11 477 -320 -880 -880 0
11 478 -480 -1216 -1216 0
11 479 688 -1280 -1280 0
11 480 -32 -352 -352 0
11 481 320 -1056 -1056 0
11 482 688 -1056 -1056 0
11 483 272 -752 -752 0
11 484 256 -1856 -1856 0
11 485 -992 -1056 -1056 0
11 486 -160 -1056 -1056 0
11 487 -576 -1456 -1456 0
11 488 128 1024 85 1
11 489 656 336 336 0
11 490 -1968 -1056 -1056 0
11 491 -1696 -2427 -2427 0
11 492 1072 -480 -480 0
11 493 256 336 336 0
11 494 -720 -1995 -1995 0
11 495 -768 -1456 -1456 0
11 496 1504 624 624 0
11 497 -480 -944 -944 0
11 498 -1680 -1056 -1056 0
11 499 320 -1328 -1328 0
11 500 -576 -576 -576 0
11 501 -1424 -1744 -1744 0
11 502 1056 -752 -752 0
11 503 -688 -2256 -2256 0
11 504 -304 -48 -48 0
11 505 -1568 -1552 -1552 0
11 506 -112 -1552 -1552 0
11 507 272 -1552 -1552 0
11 508 -176 -1984 -1984 0
11 509 320 -976 -976 0
11 510 -304 -592 -592 0
11 511 -1568 -1680 -1680 0
11 512 0 144 144 0
11 513 -432 496 496 0
11 514 -304 608 608 0
11 515 576 608 608 0
11 516 16 608 608 0
11 517 576 608 608 0
11 518 352 608 608 0
11 519 112 592 592 0
11 520 128 -528 -528 0
11 521 896 128 128 0
11 522 -80 -427 -427 0
11 523 144 -427 -427 0
11 524 1008 944 5 1
11 525 -1104 -555 -555 0
11 526 336 496 496 0
11 527 832 944 5 1
11 528 -528 -432 -432 0
11 529 -336 512 512 0
11 530 416 512 512 0
11 531 -48 512 512 0
11 532 48 64 64 0
11 533 992 608 608 0
11 534 288 -48 -48 0
11 535 112 229 229 0
11 536 544 -432 -432 0
11 537 288 512 512 0
11 538 -464 -427 -427 0
11 539 544 512 512 0
11 540 -144 149 149 0
11 541 -336 416 416 0
11 542 112 704 704 0
11 543 512 976 37 1
11 544 -1008 -560 -560 0
11 545 -208 64 64 0
11 546 960 512 512 0
11 547 -128 5 5 0
11 548 544 384 384 0
11 549 -144 64 64 0
11 550 688 512 512 0
11 551 352 1072 133 1
11 552 16 -336 -336 0
11 553 480 400 400 0
11 554 464 512 512 0
11 555 -320 64 64 0
11 556 -448 -331 -331 0
11 557 992 400 400 0
11 558 -720 -427 -427 0
11 559 336 1072 133 1
11 560 0 -528 -528 0
11 561 -128 128 128 0
11 562 592 512 512 0
11 563 832 1088 149 1
11 564 -96 -91 -91 0
11 565 -896 0 0 0
11 566 672 496 496 0
11 567 736 944 5 1
11 568 -672 -128 -128 0
11 569 208 368 368 0
11 570 384 368 368 0
11 571 -576 -571 -571 0
11 572 96 -80 -80 0
11 573 832 464 464 0
11 574 -672 -192 -192 0
11 575 208 592 592 0
11 576 0 -144 -144 0
11 577 480 -1008 -1008 0
11 578 -336 -560 -560 0
11 579 -1968 -1499 -1499 0
11 580 -672 -560 -560 0
11 581 -624 -560 -560 0
11 582 -864 -560 -560 0
11 583 448 -1232 -1232 0
11 584 -816 -32 -32 0
11 585 -960 -576 -576 0
11 586 960 -224 -224 0
11 587 -80 -224 -224 0
11 588 -512 -704 -704 0
11 589 592 592 592 0
11 590 -208 448 448 0
11 591 -800 96 96 0
11 592 768 128 128 0
11 593 -544 -1163 -1163 0
11 594 -976 -1163 -1163 0
11 595 1280 -224 -224 0
11 596 -192 -416 -416 0
11 597 -800 -512 -512 0
11 598 640 -864 -864 0
11 599 448 -1008 -1008 0
11 600 352 128 128 0
11 601 640 -224 -224 0
11 602 272 -224 -224 0
11 603 352 -1163 -1163 0
11 604 1120 -48 -48 0
11 605 -544 -384 -384 0
11 606 -512 -400 -400 0
11 607 -464 -880 -880 0
11 608 304 944 5 1
11 609 -176 -11 -11 0
11 610 -1616 -1163 -1163 0
11 611 -1328 -1643 -1643 0
11 612 352 -347 -347 0
11 613 1120 928 928 0
11 614 -176 -224 -224 0
11 615 -864 -720 -720 0
11 616 672 -160 -160 0
11 617 -336 -672 -672 0
11 618 -416 -224 -224 0
11 619 928 -416 -416 0
11 620 -992 -512 -512 0
11 621 -800 -672 -672 0
11 622 944 -224 -224 0
11 623 -208 -720 -720 0
11 624 -800 -32 -32 0
11 625 -880 -576 -576 0
11 626 960 -224 -224 0
11 627 544 -987 -987 0
11 628 288 -864 -864 0
11 629 752 240 240 0
11 630 -464 448 448 0
11 631 -512 96 96 0
11 632 112 464 464 0
11 633 608 1264 325 1
11 634 352 1264 325 1
11 635 -176 325 325 0
11 636 160 1072 133 1
11 637 544 976 37 1
11 638 112 624 624 0
11 639 608 960 21 1
11 640 0 -3120 -3120 0
11 641 -1056 -6176 -6176 0
11 642 -1728 -6944 -6944 0
11 643 -2320 -6944 -6944 0
11 644 -2704 -6944 -6944 0
11 645 -2064 -6944 -6944 0
11 646 -3056 -6944 -6944 0
11 647 -768 -4496 -4496 0
11 648 -672 -6144 -6144 0
11 649 -3040 -9520 -9520 0
11 650 -3856 -11248 -11248 0
11 651 -2848 -11248 -11248 0
11 652 -3808 -10192 -10192 0
11 653 -4080 -10576 -10576 0
11 654 -2400 -8544 -8544 0
11 655 -3376 -6512 -6512 0
11 656 -2464 -7104 -7104 0
11 657 -3056 -11248 -11248 0
11 658 -5616 -11248 -11248 0
11 659 -5152 -11248 -11248 0
11 660 -4784 -9856 -9856 0
11 661 -4000 -9840 -9840 0
11 662 -3136 -9088 -9088 0
11 663 -768 -5776 -5776 0
11 664 -2352 -7104 -7104 0
11 665 -3136 -11248 -11248 0
11 666 -2384 -11248 -11248 0
11 667 -2352 -11248 -11248 0
11 668 -4192 -9632 -9632 0
11 669 -3056 -10288 -10288 0
11 670 -3664 -7904 -7904 0
11 671 -2400 -6224 -6224 0
11 672 -2672 -6432 -6432 0
11 673 -2688 -9600 -9600 0
11 674 -4048 -11248 -11248 0
11 675 -3264 -10192 -10192 0
11 676 -2352 -10576 -10576 0
11 677 -4192 -9600 -9600 0
11 678 -2832 -11248 -11248 0
11 679 -3056 -7184 -7184 0
11 680 -2448 -5696 -5696 0
11 681 -3472 -10480 -10480 0
11 682 -3824 -11248 -11248 0
11 683 -1824 -9856 -9856 0
11 684 -2288 -9840 -9840 0
11 685 -4000 -10480 -10480 0
11 686 -5808 -11248 -11248 0
11 687 -2400 -7184 -7184 0
11 688 -3680 -6144 -6144 0
11 689 -5632 -9520 -9520 0
11 690 -3456 -11248 -11248 0
11 691 -3120 -9632 -9632 0
11 692 -1408 -9232 -9232 0
11 693 -3440 -8848 -8848 0
11 694 -3024 -8544 -8544 0
11 695 -4784 -6512 -6512 0
11 696 -3024 -5376 -5376 0
11 697 -1728 -7872 -7872 0
11 698 -1728 -7872 -7872 0
11 699 -1616 -7872 -7872 0
11 700 -960 -6480 -6480 0
11 701 -3120 -6464 -6464 0
11 702 -3024 -5712 -5712 0
11 703 -1728 -3456 -3456 0
11 704 0 384 384 0
11 705 496 -1232 -1232 0
11 706 1168 -1088 -1088 0
11 707 448 -1088 -1088 0
11 708 272 -1088 -1088 0
11 709 -112 -1088 -1088 0
11 710 -1616 -1088 -1088 0
11 711 144 -800 -800 0
11 712 672 -1371 -1371 0
11 713 -1008 -2294 -2294 0
11 714 -1680 -1003 -1003 0
11 715 -576 -64 -64 0
11 716 -864 -560 -560 0
11 717 -320 -736 -736 0
11 718 912 -336 -336 0
11 719 128 -1024 -1024 0
11 720 -896 -336 -336 0
11 721 1392 -64 -64 0
11 722 -336 -64 -64 0
11 723 -448 -1003 -1003 0
11 724 1744 720 720 0
11 725 -912 -550 -550 0
11 726 -1040 -363 -363 0
11 727 144 1040 101 1
11 728 -688 -1275 -1275 0
11 729 -1040 -1003 -1003 0
11 730 720 -64 -64 0
11 731 -688 -64 -64 0
11 732 -544 -640 -640 0
11 733 1392 -160 -160 0
11 734 368 -992 -992 0
11 735 1024 -448 -448 0
11 736 1072 -1008 -1008 0
11 737 1264 160 160 0
11 738 800 -64 -64 0
11 739 352 -560 -560 0
11 740 -688 -736 -736 0
11 741 -544 160 160 0
11 742 32 -1003 -1003 0
11 743 -1616 -1291 -1291 0
11 744 -288 117 117 0
11 745 -1504 -1147 -1147 0
11 746 -1472 -1942 -1942 0
11 747 640 -219 -219 0
11 748 1248 1328 389 1
11 749 -912 -208 -208 0
11 750 32 -64 -64 0
11 751 912 -352 -352 0
11 752 464 -432 -432 0
11 753 -944 -416 -416 0
11 754 592 -64 -64 0
11 755 -432 -640 -640 0
11 756 -1392 -656 -656 0
11 757 1216 -1088 -1088 0
11 758 -16 -336 -336 0
11 759 -1264 -1024 -1024 0
11 760 -816 -1504 -1504 0
11 761 240 -1008 -1008 0
11 762 352 -1008 -1008 0
11 763 576 -1008 -1008 0
11 764 96 -224 -224 0
11 765 -432 384 384 0
11 766 -816 -368 -368 0
11 767 240 592 592 0
11 768 0 -320 -320 0
11 769 -64 -272 -272 0
11 770 416 208 208 0
11 771 112 208 208 0
11 772 -432 -731 -731 0
11 773 -256 208 208 0
11 774 48 208 208 0
11 775 480 1008 69 1
11 776 480 -320 -320 0
11 777 -1104 -315 -315 0
11 778 -384 256 256 0
11 779 1376 256 256 0
11 780 -624 -619 -619 0
11 781 -64 -224 -224 0
11 782 1792 688 688 0
11 783 -736 53 53 0
11 784 352 512 512 0
11 785 544 256 256 0
11 786 -688 -683 -683 0
11 787 816 256 256 0
11 788 176 992 53 1
11 789 -272 -160 -160 0
11 790 48 512 512 0
11 791 480 1056 117 1
11 792 96 512 512 0
11 793 48 256 256 0
11 794 64 256 256 0
11 795 96 -683 -683 0
11 796 -16 -267 -267 0
11 797 544 -576 -576 0
11 798 400 1040 101 1
11 799 112 640 640 0
11 800 -480 32 32 0
11 801 1248 624 624 0
11 802 -256 256 256 0
11 803 -784 -619 -619 0
11 804 96 -224 -224 0
11 805 -16 624 624 0
11 806 224 256 256 0
11 807 48 533 533 0
11 808 -800 96 96 0
11 809 160 -224 -224 0
11 810 528 256 256 0
11 811 416 992 53 1
11 812 64 -160 -160 0
11 813 -272 -224 -224 0
11 814 -432 256 256 0
11 815 1792 1472 533 1
11 816 -672 -320 -320 0
11 817 464 624 624 0
11 818 944 256 256 0
11 819 -1104 -267 -267 0
11 820 416 -1451 -1451 0
11 821 0 144 144 0
11 822 576 688 688 0
11 823 -320 53 53 0
11 824 0 96 96 0
11 825 1312 208 208 0
11 826 -368 208 208 0
11 827 -416 208 208 0
11 828 832 944 5 1
11 829 -1104 -208 -208 0
11 830 0 464 464 0
11 831 1312 944 5 1
11 832 0 5 5 0
11 833 480 1024 85 1
11 834 1200 1664 725 1
11 835 656 725 725 0
11 836 416 725 725 0
11 837 464 725 725 0
11 838 80 725 725 0
11 839 640 1440 501 1
11 840 720 896 896 0
11 841 -320 5 5 0
11 842 368 656 656 0
11 843 1504 656 656 0
11 844 320 176 176 0
11 845 432 -64 -64 0
11 846 832 240 240 0
11 847 -352 -96 -96 0
11 848 624 368 368 0
11 849 1168 656 656 0
11 850 -1040 -1222 -1222 0
11 851 -192 -283 -283 0
11 852 880 912 912 0
11 853 -848 -427 -427 0
11 854 -144 272 272 0
11 855 640 480 480 0
11 856 -784 -571 -571 0
11 857 -144 656 656 0
11 858 448 656 656 0
11 859 -784 -283 -283 0
11 860 336 -91 -91 0
11 861 1168 1184 245 1
11 862 -112 197 197 0
11 863 432 1152 213 1
11 864 288 -352 -352 0
11 865 672 720 720 0
11 866 368 656 656 0
11 867 -256 176 176 0
11 868 -784 -64 -64 0
11 869 336 720 720 0
11 870 1104 656 656 0
11 871 80 624 624 0
11 872 224 224 224 0
11 873 608 16 16 0
11 874 720 -283 -283 0
11 875 1120 912 912 0
11 876 528 512 512 0
11 877 -848 16 16 0
11 878 144 656 656 0
11 879 832 624 624 0
11 880 272 896 896 0
11 881 -640 5 5 0
11 882 -176 656 656 0
11 883 -544 -91 -91 0
11 884 144 -235 -235 0
11 885 928 224 224 0
11 886 -64 240 240 0
11 887 -208 -96 -96 0
11 888 -48 -832 -832 0
11 889 112 -480 -480 0
11 890 -288 -480 -480 0
11 891 -192 -480 -480 0
11 892 -528 -224 -224 0
11 893 -544 -624 -624 0
11 894 -48 -864 -864 0
11 895 112 -176 -176 0
11 896 0 224 224 0
11 897 160 -720 -720 0
11 898 336 -192 -192 0
11 899 -64 -192 -192 0
11 900 -80 -192 -192 0
11 901 64 -192 -192 0
11 902 -944 -192 -192 0
11 903 528 -240 -240 0
11 904 176 -240 -240 0
11 905 -352 -235 -235 0
11 906 -656 224 224 0
11 907 0 224 224 0
11 908 176 64 64 0
11 909 -304 48 48 0
11 910 1360 304 304 0
11 911 -720 -240 -240 0
11 912 -544 -523 -523 0
11 913 944 224 224 0
11 914 544 224 224 0
11 915 -368 -715 -715 0
11 916 464 336 336 0
11 917 304 928 928 0
11 918 -1184 -1131 -1131 0
11 919 528 640 640 0
11 920 544 416 416 0
11 921 -1184 -715 -715 0
11 922 768 224 224 0
11 923 544 224 224 0
11 924 -1024 -955 -955 0
11 925 944 -432 -432 0
11 926 576 464 464 0
11 927 -304 -720 -720 0
11 928 400 240 240 0
11 929 992 464 464 0
11 930 -544 -715 -715 0
11 931 0 64 64 0
11 932 544 48 48 0
11 933 -1024 -475 -475 0
11 934 592 -715 -715 0
11 935 -944 -64 -64 0
11 936 48 181 181 0
11 937 -640 -304 -304 0
11 938 -416 224 224 0
11 939 688 336 336 0
11 940 416 928 928 0
11 941 304 -304 -304 0
11 942 -784 -715 -715 0
11 943 1360 -64 -64 0
11 944 304 -240 -240 0
11 945 -48 704 704 0
11 946 704 224 224 0
11 947 -592 -16 -16 0
11 948 -704 -592 -592 0
11 949 928 528 528 0
11 950 720 304 304 0
11 951 -1424 -1179 -1179 0
11 952 -464 80 80 0
11 953 1184 128 128 0
11 954 -480 128 128 0
11 955 240 128 128 0
11 956 656 240 240 0
11 957 -592 -107 -107 0
11 958 -464 -288 -288 0
11 959 1184 704 704 0
11 960 0 -3728 -3728 0
11 961 -1040 -7024 -7024 0
11 962 -2560 -7968 -7968 0
11 963 -3280 -7968 -7968 0
11 964 -2800 -7968 -7968 0
11 965 -2688 -7968 -7968 0
11 966 -3296 -7968 -7968 0
11 967 -944 -5760 -5760 0
11 968 -1520 -6272 -6272 0
11 969 -2928 -10000 -10000 0
11 970 -3744 -11600 -11600 0
11 971 -4000 -11600 -11600 0
11 972 -3872 -10560 -10560 0
11 973 -3584 -10080 -10080 0
11 974 -3488 -8800 -8800 0
11 975 -3360 -6864 -6864 0
11 976 -2576 -7296 -7296 0
11 977 -3472 -11600 -11600 0
11 978 -4960 -11600 -11600 0
11 979 -5200 -11600 -11600 0
11 980 -5072 -10432 -10432 0
11 981 -3952 -10064 -10064 0
11 982 -3136 -9488 -9488 0
11 983 -944 -6848 -6848 0
11 984 -2192 -7296 -7296 0
11 985 -3136 -11600 -11600 0
11 986 -1952 -11600 -11600 0
11 987 -2192 -11600 -11600 0
11 988 -4176 -10592 -10592 0
11 989 -3472 -10576 -10576 0
11 990 -3824 -8992 -8992 0
11 991 -3120 -7360 -7360 0
11 992 -2048 -5776 -5776 0
11 993 -3584 -9840 -9840 0
11 994 -4880 -11600 -11600 0
11 995 -2768 -10560 -10560 0
11 996 -2192 -10080 -10080 0
11 997 -4176 -9840 -9840 0
11 998 -3632 -11600 -11600 0
11 999 -3296 -8384 -8384 0
11 1000 -2208 -5760 -5760 0
11 1001 -4224 -10656 -10656 0
11 1002 -4240 -11600 -11600 0
11 1003 -1984 -10432 -10432 0
11 1004 -2528 -10064 -10064 0
11 1005 -3952 -10656 -10656 0
11 1006 -5184 -11600 -11600 0
11 1007 -3488 -8384 -8384 0
11 1008 -3696 -6272 -6272 0
11 1009 -5328 -10000 -10000 0
11 1010 -3568 -11600 -11600 0
11 1011 -2768 -10592 -10592 0
11 1012 -1536 -9536 -9536 0
11 1013 -2992 -8480 -8480 0
11 1014 -3712 -8800 -8800 0
11 1015 -4896 -6864 -6864 0
11 1016 -2544 -4736 -4736 0
11 1017 -1968 -7280 -7280 0
11 1018 -1600 -7280 -7280 0
11 1019 -1008 -7280 -7280 0
11 1020 -1024 -6112 -6112 0
11 1021 -2768 -5744 -5744 0
11 1022 -2544 -5168 -5168 0
11 1023 -1968 -3568 -3568 0
12 0 0 0 0 0
12 1 0 0 0 0
12 2 -2432 -2432 -2432 0
12 3 -2128 -2128 -2128 0
12 4 -2192 -2192 -2192 0
12 5 0 0 0 0
12 6 0 0 0 0
12 7 0 0 0 0
12 8 0 0 0 0
12 9 0 0 0 0
12 10 -1872 -1872 -1872 0
12 11 -1616 -1616 -1616 0
12 12 -2432 -2432 -2432 0
12 13 0 0 0 0
12 14 -1824 -1824 -1824 0
12 15 -1280 -1280 -1280 0
12 16 0 0 0 0
12 17 -1824 -1824 -1824 0
12 18 -2544 -2544 -2544 0
12 19 -3248 -3248 -3248 0
12 20 -4000 -4000 -4000 0
12 21 -1936 -1936 -1936 0
12 22 -3088 -3088 -3088 0
12 23 -2128 -2128 -2128 0
12 24 0 0 0 0
12 25 -608 -608 -608 0
12 26 -848 -848 -848 0
12 27 -2144 -2144 -2144 0
12 28 -1456 -1456 -1456 0
12 29 -2384 -2384 -2384 0
12 30 -3408 -3408 -3408 0
12 31 -1616 -1616 -1616 0
12 32 0 0 0 0
12 33 -1264 -1264 -1264 0
12 34 -768 -768 -768 0
12 35 -2160 -2160 -2160 0
12 36 -2032 -2032 -2032 0
12 37 -1664 -1664 -1664 0
12 38 -3984 -3984 -3984 0
12 39 -2048 -2048 -2048 0
12 40 -1280 -1280 -1280 0
12 41 -2480 -2480 -2480 0
12 42 -3104 -3104 -3104 0
12 43 -1936 -1936 -1936 0
12 44 -2480 -2480 -2480 0
12 45 -1280 -1280 -1280 0
12 46 -3088 -3088 -3088 0
12 47 -2128 -2128 -2128 0
12 48 -2128 -2128 -2128 0
12 49 -4624 -4624 -4624 0
12 50 -2736 -2736 -2736 0
12 51 -3040 -3040 -3040 0
12 52 -2144 -2144 -2144 0
12 53 -848 -848 -848 0
12 54 -3408 -3408 -3408 0
12 55 -1616 -1616 -1616 0
12 56 -1616 -1616 -1616 0
12 57 -4304 -4304 -4304 0
12 58 -2880 -2880 -2880 0
12 59 -3200 -3200 -3200 0
12 60 -2160 -2160 -2160 0
12 61 -768 -768 -768 0
12 62 -2160 -2160 -2160 0
12 63 -768 -768 -768 0
12 64 0 0 0 0
12 65 0 0 0 0
12 66 -896 -896 -896 0
12 67 -544 -544 -544 0
12 68 -672 -672 -672 0
12 69 0 0 0 0
12 70 0 0 0 0
12 71 0 0 0 0
12 72 0 0 0 0
12 73 0 0 0 0
12 74 816 816 816 0
12 75 384 384 384 0
12 76 112 112 112 0
12 77 0 0 0 0
12 78 -1456 -1456 -1456 0
12 79 -800 -800 -800 0
12 80 0 0 0 0
12 81 -1456 -1456 -1456 0
12 82 -544 -544 -544 0
12 83 -2544 -2544 -2544 0
12 84 -2688 -2688 -2688 0
12 85 -2016 -2016 -2016 0
12 86 -2112 -2112 -2112 0
12 87 -544 -544 -544 0
12 88 0 0 0 0
12 89 560 560 560 0
12 90 256 256 256 0
12 91 1104 1104 165 1
12 92 816 816 816 0
12 93 800 800 800 0
12 94 1360 1360 421 1
12 95 384 384 384 0
12 96 0 0 0 0
12 97 256 256 256 0
12 98 128 128 128 0
12 99 -176 -176 -176 0
12 100 384 384 384 0
12 101 -304 -304 -304 0
12 102 -1632 -1632 -1632 0
12 103 -672 -672 -672 0
12 104 -800 -800 -800 0
12 105 -2672 -2672 -2672 0
12 106 -2256 -2256 -2256 0
12 107 -2016 -2016 -2016 0
12 108 -2672 -2672 -2672 0
12 109 -800 -800 -800 0
12 110 -2112 -2112 -2112 0
12 111 -544 -544 -544 0
12 112 -544 -544 -544 0
12 113 -1568 -1568 -1568 0
12 114 16 16 16 0
12 115 -416 -416 -416 0
12 116 1104 1104 165 1
12 117 256 256 256 0
12 118 1360 1360 421 1
12 119 384 384 384 0
12 120 384 384 384 0
12 121 928 928 928 0
12 122 640 640 640 0
12 123 240 240 240 0
12 124 -176 -176 -176 0
12 125 128 128 128 0
12 126 -176 -176 -176 0
12 127 128 128 128 0
12 128 0 0 0 0
12 129 0 0 0 0
12 130 -1120 -1120 -1120 0
12 131 928 928 928 0
12 132 -1200 -1200 -1200 0
12 133 0 0 0 0
12 134 0 0 0 0
12 135 0 0 0 0
12 136 0 0 0 0
12 137 0 0 0 0
12 138 -1408 -1408 -1408 0
12 139 928 928 928 0
12 140 -1200 -1200 -1200 0
12 141 0 0 0 0
12 142 -1056 -1056 -1056 0
12 143 384 384 384 0
12 144 0 0 0 0
12 145 -1056 -1056 -1056 0
12 146 -960 -960 -960 0
12 147 -608 -608 -608 0
12 148 -608 -608 -608 0
12 149 448 448 448 0
12 150 -1056 -1056 -1056 0
12 151 928 928 928 0
12 152 0 0 0 0
12 153 -64 -64 -64 0
12 154 544 544 544 0
12 155 -1328 -1328 -1328 0
12 156 480 480 480 0
12 157 -720 -720 -720 0
12 158 -2672 -2672 -2672 0
12 159 928 928 928 0
12 160 0 0 0 0
12 161 -1344 -1344 -1344 0
12 162 384 384 384 0
12 163 -1280 -1280 -1280 0
12 164 -960 -960 -960 0
12 165 448 448 448 0
12 166 -2336 -2336 -2336 0
12 167 768 768 768 0
12 168 384 384 384 0
12 169 -992 -992 -992 0
12 170 -672 -672 -672 0
12 171 448 448 448 0
12 172 -992 -992 -992 0
12 173 384 384 384 0
12 174 -1056 -1056 -1056 0
12 175 928 928 928 0
12 176 928 928 928 0
12 177 -2320 -2320 -2320 0
12 178 864 864 864 0
12 179 -656 -656 -656 0
12 180 -1328 -1328 -1328 0
12 181 544 544 544 0
12 182 -2672 -2672 -2672 0
12 183 928 928 928 0
12 184 928 928 928 0
12 185 -2608 -2608 -2608 0
12 186 -416 -416 -416 0
12 187 -816 -816 -816 0
12 188 -1280 -1280 -1280 0
12 189 384 384 384 0
12 190 -1280 -1280 -1280 0
12 191 384 384 384 0
12 192 0 0 0 0
12 193 0 0 0 0
12 194 640 640 640 0
12 195 -912 -912 -912 0
12 196 336 336 336 0
12 197 0 0 0 0
12 198 0 0 0 0
12 199 0 0 0 0
12 200 0 0 0 0
12 201 0 0 0 0
12 202 720 720 720 0
12 203 192 192 192 0
12 204 192 192 192 0
12 205 0 0 0 0
12 206 144 144 144 0
12 207 -752 -752 -752 0
12 208 0 0 0 0
12 209 144 144 144 0
12 210 -528 -528 -528 0
12 211 672 672 672 0
12 212 -576 -576 -576 0
12 213 -576 -576 -576 0
12 214 816 816 816 0
12 215 -912 -912 -912 0
12 216 0 0 0 0
12 217 496 496 496 0
12 218 -160 -160 -160 0
12 219 656 656 656 0
12 220 336 336 336 0
12 221 0 0 0 0
12 222 880 880 880 0
12 223 192 192 192 0
12 224 0 0 0 0
12 225 224 224 224 0
12 226 352 352 352 0
12 227 256 256 256 0
12 228 576 576 576 0
12 229 384 384 384 0
12 230 400 400 400 0
12 231 -400 -400 -400 0
12 232 -752 -752 -752 0
12 233 320 320 320 0
12 234 -608 -608 -608 0
12 235 -576 -576 -576 0
12 236 320 320 320 0
12 237 -752 -752 -752 0
12 238 816 816 816 0
12 239 -912 -912 -912 0
12 240 -912 -912 -912 0
12 241 976 976 37 1
12 242 -416 -416 -416 0
12 243 176 176 176 0
12 244 656 656 656 0
12 245 -160 -160 -160 0
12 246 880 880 880 0
12 247 192 192 192 0
12 248 192 192 192 0
12 249 912 912 912 0
12 250 416 416 416 0
12 251 544 544 544 0
12 252 256 256 256 0
12 253 352 352 352 0
12 254 256 256 256 0
12 255 352 352 352 0
12 256 0 0 0 0
12 257 0 0 0 0
12 258 -2384 -2384 -2384 0
12 259 -3440 -3440 -3440 0
12 260 -3664 -3664 -3664 0
12 261 0 0 0 0
12 262 0 0 0 0
12 263 0 0 0 0
12 264 0 0 0 0
12 265 0 0 0 0
12 266 -3200 -3200 -3200 0
12 267 -3600 -3600 -3600 0
12 268 -3840 -3840 -3840 0
12 269 0 0 0 0
12 270 -1216 -1216 -1216 0
12 271 -1664 -1664 -1664 0
12 272 0 0 0 0
12 273 -1216 -1216 -1216 0
12 274 -3696 -3696 -3696 0
12 275 -4784 -4784 -4784 0
12 276 -4800 -4800 -4800 0
12 277 -3408 -3408 -3408 0
12 278 -4128 -4128 -4128 0
12 279 -3440 -3440 -3440 0
12 280 0 0 0 0
12 281 -1168 -1168 -1168 0
12 282 -1776 -1776 -1776 0
12 283 -3088 -3088 -3088 0
12 284 -2944 -2944 -2944 0
12 285 -3696 -3696 -3696 0
12 286 -5120 -5120 -5120 0
12 287 -3600 -3600 -3600 0
12 288 0 0 0 0
12 289 -2032 -2032 -2032 0
12 290 -1824 -1824 -1824 0
12 291 -3952 -3952 -3952 0
12 292 -3856 -3856 -3856 0
12 293 -3744 -3744 -3744 0
12 294 -5168 -5168 -5168 0
12 295 -3488 -3488 -3488 0
12 296 -1664 -1664 -1664 0
12 297 -2960 -2960 -2960 0
12 298 -2880 -2880 -2880 0
12 299 -3408 -3408 -3408 0
12 300 -2960 -2960 -2960 0
12 301 -1664 -1664 -1664 0
12 302 -4128 -4128 -4128 0
12 303 -3440 -3440 -3440 0
12 304 -3440 -3440 -3440 0
12 305 -6048 -6048 -6048 0
12 306 -4608 -4608 -4608 0
12 307 -5440 -5440 -5440 0
12 308 -3088 -3088 -3088 0
12 309 -1776 -1776 -1776 0
12 310 -5120 -5120 -5120 0
12 311 -3600 -3600 -3600 0
12 312 -3600 -3600 -3600 0
12 313 -7040 -7040 -7040 0
12 314 -5632 -5632 -5632 0
12 315 -5664 -5664 -5664 0
12 316 -3952 -3952 -3952 0
12 317 -1824 -1824 -1824 0
12 318 -3952 -3952 -3952 0
12 319 -1824 -1824 -1824 0
12 320 0 0 0 0
12 321 0 0 0 0
12 322 480 480 480 0
12 323 -96 -96 -96 0
12 324 560 560 560 0
12 325 0 0 0 0
12 326 0 0 0 0
12 327 0 0 0 0
12 328 0 0 0 0
12 329 0 0 0 0
12 330 416 416 416 0
12 331 64 64 64 0
12 332 1072 1072 133 1
12 333 0 0 0 0
12 334 -128 -128 -128 0
12 335 -816 -816 -816 0
12 336 0 0 0 0
12 337 -128 -128 -128 0
12 338 -1008 -1008 -1008 0
12 339 -1024 -1024 -1024 0
12 340 -672 -672 -672 0
12 341 -1056 -1056 -1056 0
12 342 240 240 240 0
12 343 -96 -96 -96 0
12 344 0 0 0 0
12 345 608 608 608 0
12 346 720 720 720 0
12 347 1408 1408 469 1
12 348 1328 1328 389 1
12 349 1520 1520 581 1
12 350 1216 1216 277 1
12 351 64 64 64 0
12 352 0 0 0 0
12 353 -192 -192 -192 0
12 354 -656 -656 -656 0
12 355 80 80 80 0
12 356 -848 -848 -848 0
12 357 -384 -384 -384 0
12 358 -48 -48 -48 0
12 359 -1472 -1472 -1472 0
12 360 -816 -816 -816 0
12 361 -368 -368 -368 0
12 362 -944 -944 -944 0
12 363 -1056 -1056 -1056 0
12 364 -368 -368 -368 0
12 365 -816 -816 -816 0
12 366 240 240 240 0
12 367 -96 -96 -96 0
12 368 -96 -96 -96 0
12 369 1040 1040 101 1
12 370 512 512 512 0
12 371 1280 1280 341 1
12 372 1408 1408 469 1
12 373 720 720 720 0
12 374 1216 1216 277 1
12 375 64 64 64 0
12 376 64 64 64 0
12 377 1488 1488 549 1
12 378 -128 -128 -128 0
12 379 416 416 416 0
12 380 80 80 80 0
12 381 -656 -656 -656 0
12 382 80 80 80 0
12 383 -656 -656 -656 0
12 384 0 0 0 0
12 385 0 0 0 0
12 386 80 80 80 0
12 387 624 624 624 0
12 388 -1584 -1584 -1584 0
12 389 0 0 0 0
12 390 0 0 0 0
12 391 0 0 0 0
12 392 0 0 0 0
12 393 0 0 0 0
12 394 -416 -416 -416 0
12 395 1360 1360 421 1
12 396 -752 -752 -752 0
12 397 0 0 0 0
12 398 224 224 224 0
12 399 -160 -160 -160 0
12 400 0 0 0 0
12 401 224 224 224 0
12 402 -432 -432 -432 0
12 403 -544 -544 -544 0
12 404 -448 -448 -448 0
12 405 -1504 -1504 -1504 0
12 406 -1264 -1264 -1264 0
12 407 624 624 624 0
12 408 0 0 0 0
12 409 -144 -144 -144 0
12 410 784 784 784 0
12 411 -384 -384 -384 0
12 412 640 640 640 0
12 413 544 544 544 0
12 414 -656 -656 -656 0
12 415 1360 1360 421 1
12 416 0 0 0 0
12 417 -272 -272 -272 0
12 418 576 576 576 0
12 419 -784 -784 -784 0
12 420 304 304 304 0
12 421 64 64 64 0
12 422 -560 -560 -560 0
12 423 416 416 416 0
12 424 -160 -160 -160 0
12 425 -1120 -1120 -1120 0
12 426 64 64 64 0
12 427 -1504 -1504 -1504 0
12 428 -1120 -1120 -1120 0
12 429 -160 -160 -160 0
12 430 -1264 -1264 -1264 0
12 431 624 624 624 0
12 432 624 624 624 0
12 433 -1504 -1504 -1504 0
12 434 480 480 480 0
12 435 -800 -800 -800 0
12 436 -384 -384 -384 0
12 437 784 784 784 0
12 438 -656 -656 -656 0
12 439 1360 1360 421 1
12 440 1360 1360 421 1
12 441 -1168 -1168 -1168 0
12 442 1088 1088 149 1
12 443 -176 -176 -176 0
12 444 -784 -784 -784 0
12 445 576 576 576 0
12 446 -784 -784 -784 0
12 447 576 576 576 0
12 448 0 0 0 0
12 449 0 0 0 0
12 450 128 128 128 0
12 451 224 224 224 0
12 452 -1392 -1392 -1392 0
12 453 0 0 0 0
12 454 0 0 0 0
12 455 0 0 0 0
12 456 0 0 0 0
12 457 0 0 0 0
12 458 704 704 704 0
12 459 -752 -752 -752 0
12 460 -1504 -1504 -1504 0
12 461 0 0 0 0
12 462 -304 -304 -304 0
12 463 800 800 800 0
12 464 0 0 0 0
12 465 -304 -304 -304 0
12 466 1072 1072 133 1
12 467 -480 -480 -480 0
12 468 384 384 384 0
12 469 800 800 800 0
12 470 128 128 128 0
12 471 224 224 224 0
12 472 0 0 0 0
12 473 432 432 432 0
12 474 -576 -576 -576 0
12 475 -960 -960 -960 0
12 476 -144 -144 -144 0
12 477 -1968 -1968 -1968 0
12 478 -688 -688 -688 0
12 479 -752 -752 -752 0
12 480 0 0 0 0
12 481 272 272 272 0
12 482 -176 -176 -176 0
12 483 160 160 160 0
12 484 96 96 96 0
12 485 -288 -288 -288 0
12 486 -144 -144 -144 0
12 487 624 624 624 0
12 488 800 800 800 0
12 489 -304 -304 -304 0
12 490 496 496 496 0
12 491 800 800 800 0
12 492 -304 -304 -304 0
12 493 800 800 800 0
12 494 128 128 128 0
12 495 224 224 224 0
12 496 224 224 224 0
12 497 -1264 -1264 -1264 0
12 498 656 656 656 0
12 499 -1968 -1968 -1968 0
12 500 -960 -960 -960 0
12 501 -576 -576 -576 0
12 502 -688 -688 -688 0
12 503 -752 -752 -752 0
12 504 -752 -752 -752 0
12 505 -800 -800 -800 0
12 506 -480 -480 -480 0
12 507 -1680 -1680 -1680 0
12 508 160 160 160 0
12 509 -176 -176 -176 0
12 510 160 160 160 0
12 511 -176 -176 -176 0
12 512 0 0 0 0
12 513 0 0 0 0
12 514 16 16 16 0
12 515 32 32 32 0
12 516 560 560 560 0
12 517 0 0 0 0
12 518 0 0 0 0
12 519 0 0 0 0
12 520 0 0 0 0
12 521 0 0 0 0
12 522 -128 -128 -128 0
12 523 0 0 0 0
12 524 496 496 496 0
12 525 0 0 0 0
12 526 -432 -432 -432 0
12 527 128 128 128 0
12 528 0 0 0 0
12 529 -432 -432 -432 0
12 530 -448 -448 -448 0
12 531 112 112 112 0
12 532 80 80 80 0
12 533 576 576 576 0
12 534 464 464 464 0
12 535 32 32 32 0
12 536 0 0 0 0
12 537 448 448 448 0
12 538 -96 -96 -96 0
12 539 560 560 560 0
12 540 352 352 352 0
12 541 16 16 16 0
12 542 -16 -16 -16 0
12 543 0 0 0 0
12 544 0 0 0 0
12 545 -576 -576 -576 0
12 546 96 96 96 0
12 547 -192 -192 -192 0
12 548 -480 -480 -480 0
12 549 480 480 480 0
12 550 -624 -624 -624 0
12 551 224 224 224 0
12 552 128 128 128 0
12 553 16 16 16 0
12 554 -304 -304 -304 0
12 555 576 576 576 0
12 556 16 16 16 0
12 557 128 128 128 0
12 558 464 464 464 0
12 559 32 32 32 0
12 560 32 32 32 0
12 561 576 576 576 0
12 562 480 480 480 0
12 563 464 464 464 0
12 564 560 560 560 0
12 565 -96 -96 -96 0
12 566 -16 -16 -16 0
12 567 0 0 0 0
12 568 0 0 0 0
12 569 368 368 368 0
12 570 -576 -576 -576 0
12 571 592 592 592 0
12 572 -192 -192 -192 0
12 573 96 96 96 0
12 574 -192 -192 -192 0
12 575 96 96 96 0
12 576 0 0 0 0
12 577 0 0 0 0
12 578 672 672 672 0
12 579 -528 -528 -528 0
12 580 -704 -704 -704 0
12 581 0 0 0 0
12 582 0 0 0 0
12 583 0 0 0 0
12 584 0 0 0 0
12 585 0 0 0 0
12 586 16 16 16 0
12 587 448 448 448 0
12 588 800 800 800 0
12 589 0 0 0 0
12 590 480 480 480 0
12 591 -816 -816 -816 0
12 592 0 0 0 0
12 593 480 480 480 0
12 594 -992 -992 -992 0
12 595 -512 -512 -512 0
12 596 16 16 16 0
12 597 -1968 -1968 -1968 0
12 598 -480 -480 -480 0
12 599 -528 -528 -528 0
12 600 0 0 0 0
12 601 192 192 192 0
12 602 288 288 288 0
12 603 640 640 640 0
12 604 480 480 480 0
12 605 736 736 736 0
12 606 464 464 464 0
12 607 448 448 448 0
12 608 0 0 0 0
12 609 -176 -176 -176 0
12 610 160 160 160 0
12 611 176 176 176 0
12 612 -16 -16 -16 0
12 613 512 512 512 0
12 614 656 656 656 0
12 615 -656 -656 -656 0
12 616 -816 -816 -816 0
12 617 -672 -672 -672 0
12 618 -336 -336 -336 0
12 619 -1968 -1968 -1968 0
12 620 -672 -672 -672 0
12 621 -816 -816 -816 0
12 622 -480 -480 -480 0
12 623 -528 -528 -528 0
12 624 -528 -528 -528 0
12 625 -32 -32 -32 0
12 626 -336 -336 -336 0
12 627 -416 -416 -416 0
12 628 640 640 640 0
12 629 288 288 288 0
12 630 464 464 464 0
12 631 448 448 448 0
12 632 448 448 448 0
12 633 816 816 816 0
12 634 272 272 272 0
12 635 960 960 21 1
12 636 176 176 176 0
12 637 160 160 160 0
12 638 176 176 176 0
12 639 160 160 160 0
12 640 0 0 0 0
12 641 0 0 0 0
12 642 -2448 -2448 -2448 0
12 643 -2080 -2080 -2080 0
12 644 -2416 -2416 -2416 0
12 645 0 0 0 0
12 646 0 0 0 0
12 647 0 0 0 0
12 648 0 0 0 0
12 649 0 0 0 0
12 650 -3008 -3008 -3008 0
12 651 -2368 -2368 -2368 0
12 652 -2496 -2496 -2496 0
12 653 0 0 0 0
12 654 -1056 -1056 -1056 0
12 655 -672 -672 -672 0
12 656 0 0 0 0
12 657 -1056 -1056 -1056 0
12 658 -2288 -2288 -2288 0
12 659 -3664 -3664 -3664 0
12 660 -3456 -3456 -3456 0
12 661 -2320 -2320 -2320 0
12 662 -4096 -4096 -4096 0
12 663 -2080 -2080 -2080 0
12 664 0 0 0 0
12 665 -1392 -1392 -1392 0
12 666 -1408 -1408 -1408 0
12 667 -2160 -2160 -2160 0
12 668 -2800 -2800 -2800 0
12 669 -2176 -2176 -2176 0
12 670 -3776 -3776 -3776 0
12 671 -2368 -2368 -2368 0
12 672 0 0 0 0
12 673 -1616 -1616 -1616 0
12 674 -960 -960 -960 0
12 675 -3344 -3344 -3344 0
12 676 -2576 -2576 -2576 0
12 677 -2688 -2688 -2688 0
12 678 -4400 -4400 -4400 0
12 679 -1632 -1632 -1632 0
12 680 -672 -672 -672 0
12 681 -2704 -2704 -2704 0
12 682 -1728 -1728 -1728 0
12 683 -2320 -2320 -2320 0
12 684 -2704 -2704 -2704 0
12 685 -672 -672 -672 0
12 686 -4096 -4096 -4096 0
12 687 -2080 -2080 -2080 0
12 688 -2080 -2080 -2080 0
12 689 -4864 -4864 -4864 0
12 690 -3472 -3472 -3472 0
12 691 -3824 -3824 -3824 0
12 692 -2160 -2160 -2160 0
12 693 -1408 -1408 -1408 0
12 694 -3776 -3776 -3776 0
12 695 -2368 -2368 -2368 0
12 696 -2368 -2368 -2368 0
12 697 -5504 -5504 -5504 0
12 698 -3984 -3984 -3984 0
12 699 -3456 -3456 -3456 0
12 700 -3344 -3344 -3344 0
12 701 -960 -960 -960 0
12 702 -3344 -3344 -3344 0
12 703 -960 -960 -960 0
12 704 0 0 0 0
12 705 0 0 0 0
12 706 -288 -288 -288 0
12 707 -720 -720 -720 0
12 708 -80 -80 -80 0
12 709 0 0 0 0
12 710 0 0 0 0
12 711 0 0 0 0
12 712 0 0 0 0
12 713 0 0 0 0
12 714 -208 -208 -208 0
12 715 -1296 -1296 -1296 0
12 716 496 496 496 0
12 717 0 0 0 0
12 718 496 496 496 0
12 719 672 672 672 0
12 720 0 0 0 0
12 721 496 496 496 0
12 722 1248 1248 309 1
12 723 368 368 368 0
12 724 1520 1520 581 1
12 725 448 448 448 0
12 726 -512 -512 -512 0
12 727 -720 -720 -720 0
12 728 0 0 0 0
12 729 -784 -784 -784 0
12 730 -1392 -1392 -1392 0
12 731 -640 -640 -640 0
12 732 -2176 -2176 -2176 0
12 733 -1248 -1248 -1248 0
12 734 -64 -64 -64 0
12 735 -1296 -1296 -1296 0
12 736 0 0 0 0
12 737 576 576 576 0
12 738 96 96 96 0
12 739 928 928 928 0
12 740 672 672 672 0
12 741 448 448 448 0
12 742 1424 1424 485 1
12 743 768 768 768 0
12 744 672 672 672 0
12 745 272 272 272 0
12 746 1168 1168 229 1
12 747 448 448 448 0
12 748 272 272 272 0
12 749 672 672 672 0
12 750 -512 -512 -512 0
12 751 -720 -720 -720 0
12 752 -720 -720 -720 0
12 753 -368 -368 -368 0
12 754 -1504 -1504 -1504 0
12 755 -1472 -1472 -1472 0
12 756 -640 -640 -640 0
12 757 -1392 -1392 -1392 0
12 758 -64 -64 -64 0
12 759 -1296 -1296 -1296 0
12 760 -1296 -1296 -1296 0
12 761 288 288 288 0
12 762 -720 -720 -720 0
12 763 592 592 592 0
12 764 928 928 928 0
12 765 96 96 96 0
12 766 928 928 928 0
12 767 96 96 96 0
12 768 0 0 0 0
12 769 0 0 0 0
12 770 -800 -800 -800 0
12 771 896 896 896 0
12 772 112 112 112 0
12 773 0 0 0 0
12 774 0 0 0 0
12 775 0 0 0 0
12 776 0 0 0 0
12 777 0 0 0 0
12 778 -1152 -1152 -1152 0
12 779 1248 1248 309 1
12 780 112 112 112 0
12 781 0 0 0 0
12 782 -64 -64 -64 0
12 783 480 480 480 0
12 784 0 0 0 0
12 785 -64 -64 -64 0
12 786 64 64 64 0
12 787 400 400 400 0
12 788 48 48 48 0
12 789 112 112 112 0
12 790 -1168 -1168 -1168 0
12 791 896 896 896 0
12 792 0 0 0 0
12 793 -736 -736 -736 0
12 794 416 416 416 0
12 795 -256 -256 -256 0
12 796 -320 -320 -320 0
12 797 896 896 896 0
12 798 -672 -672 -672 0
12 799 1248 1248 309 1
12 800 0 0 0 0
12 801 -416 -416 -416 0
12 802 832 832 832 0
12 803 -784 -784 -784 0
12 804 416 416 416 0
12 805 464 464 464 0
12 806 -848 -848 -848 0
12 807 1312 1312 373 1
12 808 480 480 480 0
12 809 -432 -432 -432 0
12 810 416 416 416 0
12 811 112 112 112 0
12 812 -432 -432 -432 0
12 813 480 480 480 0
12 814 -1168 -1168 -1168 0
12 815 896 896 896 0
12 816 896 896 896 0
12 817 -688 -688 -688 0
12 818 160 160 160 0
12 819 528 528 528 0
12 820 -256 -256 -256 0
12 821 416 416 416 0
12 822 -672 -672 -672 0
12 823 1248 1248 309 1
12 824 1248 1248 309 1
12 825 -1040 -1040 -1040 0
12 826 832 832 832 0
12 827 944 944 5 1
12 828 -784 -784 -784 0
12 829 832 832 832 0
12 830 -784 -784 -784 0
12 831 832 832 832 0
12 832 0 0 0 0
12 833 0 0 0 0
12 834 224 224 224 0
12 835 864 864 864 0
12 836 576 576 576 0
12 837 0 0 0 0
12 838 0 0 0 0
12 839 0 0 0 0
12 840 0 0 0 0
12 841 0 0 0 0
12 842 -448 -448 -448 0
12 843 -384 -384 -384 0
12 844 352 352 352 0
12 845 0 0 0 0
12 846 480 480 480 0
12 847 720 720 720 0
12 848 0 0 0 0
12 849 480 480 480 0
12 850 528 528 528 0
12 851 -112 -112 -112 0
12 852 912 912 912 0
12 853 656 656 656 0
12 854 160 160 160 0
12 855 864 864 864 0
12 856 0 0 0 0
12 857 -256 -256 -256 0
12 858 144 144 144 0
12 859 384 384 384 0
12 860 -112 -112 -112 0
12 861 784 784 784 0
12 862 192 192 192 0
12 863 -384 -384 -384 0
12 864 0 0 0 0
12 865 -192 -192 -192 0
12 866 -528 -528 -528 0
12 867 -480 -480 -480 0
12 868 -720 -720 -720 0
12 869 -816 -816 -816 0
12 870 0 0 0 0
12 871 192 192 192 0
12 872 720 720 720 0
12 873 416 416 416 0
12 874 1200 1200 261 1
12 875 656 656 656 0
12 876 416 416 416 0
12 877 720 720 720 0
12 878 160 160 160 0
12 879 864 864 864 0
12 880 864 864 864 0
12 881 800 800 800 0
12 882 608 608 608 0
12 883 720 720 720 0
12 884 384 384 384 0
12 885 144 144 144 0
12 886 192 192 192 0
12 887 -384 -384 -384 0
12 888 -384 -384 -384 0
12 889 -96 -96 -96 0
12 890 -576 -576 -576 0
12 891 -176 -176 -176 0
12 892 -480 -480 -480 0
12 893 -528 -528 -528 0
12 894 -480 -480 -480 0
12 895 -528 -528 -528 0
12 896 0 0 0 0
12 897 0 0 0 0
12 898 48 48 48 0
12 899 -528 -528 -528 0
12 900 288 288 288 0
12 901 0 0 0 0
12 902 0 0 0 0
12 903 0 0 0 0
12 904 0 0 0 0
12 905 0 0 0 0
12 906 128 128 128 0
12 907 -48 -48 -48 0
12 908 48 48 48 0
12 909 0 0 0 0
12 910 160 160 160 0
12 911 176 176 176 0
12 912 0 0 0 0
12 913 160 160 160 0
12 914 416 416 416 0
12 915 576 576 576 0
12 916 -144 -144 -144 0
12 917 -64 -64 -64 0
12 918 -192 -192 -192 0
12 919 -528 -528 -528 0
12 920 0 0 0 0
12 921 -112 -112 -112 0
12 922 -704 -704 -704 0
12 923 416 416 416 0
12 924 -816 -816 -816 0
12 925 -176 -176 -176 0
12 926 656 656 656 0
12 927 -48 -48 -48 0
12 928 0 0 0 0
12 929 240 240 240 0
12 930 656 656 656 0
12 931 -240 -240 -240 0
12 932 896 896 896 0
12 933 176 176 176 0
12 934 -80 -80 -80 0
12 935 832 832 832 0
12 936 176 176 176 0
12 937 -80 -80 -80 0
12 938 336 336 336 0
12 939 -64 -64 -64 0
12 940 -80 -80 -80 0
12 941 176 176 176 0
12 942 -192 -192 -192 0
12 943 -528 -528 -528 0
12 944 -528 -528 -528 0
12 945 336 336 336 0
12 946 -640 -640 -640 0
12 947 -416 -416 -416 0
12 948 416 416 416 0
12 949 -704 -704 -704 0
12 950 656 656 656 0
12 951 -48 -48 -48 0
12 952 -48 -48 -48 0
12 953 176 176 176 0
12 954 192 192 192 0
12 955 704 704 704 0
12 956 -240 -240 -240 0
12 957 656 656 656 0
12 958 -240 -240 -240 0
12 959 656 656 656 0
12 960 0 0 0 0
12 961 0 0 0 0
12 962 -2208 -2208 -2208 0
12 963 -3056 -3056 -3056 0
12 964 -2704 -2704 -2704 0
12 965 0 0 0 0
12 966 0 0 0 0
12 967 0 0 0 0
12 968 0 0 0 0
12 969 0 0 0 0
12 970 -2176 -2176 -2176 0
12 971 -2560 -2560 -2560 0
12 972 -2544 -2544 -2544 0
12 973 0 0 0 0
12 974 -1040 -1040 -1040 0
12 975 -1520 -1520 -1520 0
12 976 0 0 0 0
12 977 -1040 -1040 -1040 0
12 978 -2528 -2528 -2528 0
12 979 -3824 -3824 -3824 0
12 980 -4160 -4160 -4160 0
12 981 -3280 -3280 -3280 0
12 982 -3968 -3968 -3968 0
12 983 -3056 -3056 -3056 0
12 984 0 0 0 0
12 985 -1168 -1168 -1168 0
12 986 -1536 -1536 -1536 0
12 987 -2112 -2112 -2112 0
12 988 -2704 -2704 -2704 0
12 989 -2480 -2480 -2480 0
12 990 -3120 -3120 -3120 0
12 991 -2560 -2560 -2560 0
12 992 0 0 0 0
12 993 -1008 -1008 -1008 0
12 994 -1024 -1024 -1024 0
12 995 -2608 -2608 -2608 0
12 996 -2032 -2032 -2032 0
12 997 -2624 -2624 -2624 0
12 998 -3648 -3648 -3648 0
12 999 -2544 -2544 -2544 0
12 1000 -1520 -1520 -1520 0
12 1001 -2800 -2800 -2800 0
12 1002 -2560 -2560 -2560 0
12 1003 -3280 -3280 -3280 0
12 1004 -2800 -2800 -2800 0
12 1005 -1520 -1520 -1520 0
12 1006 -3968 -3968 -3968 0
12 1007 -3056 -3056 -3056 0
12 1008 -3056 -3056 -3056 0
12 1009 -4912 -4912 -4912 0
12 1010 -4224 -4224 -4224 0
12 1011 -4240 -4240 -4240 0
12 1012 -2112 -2112 -2112 0
12 1013 -1536 -1536 -1536 0
12 1014 -3120 -3120 -3120 0
12 1015 -2560 -2560 -2560 0
12 1016 -2560 -2560 -2560 0
12 1017 -4720 -4720 -4720 0
12 1018 -3568 -3568 -3568 0
12 1019 -3568 -3568 -3568 0
12 1020 -2608 -2608 -2608 0
12 1021 -1024 -1024 -1024 0
12 1022 -2608 -2608 -2608 0
12 1023 -1024 -1024 -1024 0
13 0 -1888 -1888 -1888 0
13 1 -1504 -1504 -1504 0
13 2 -1536 -3968 -3968 0
13 3 0 -2128 -2128 0
13 4 -1824 -4016 -4016 0
13 5 -1280 -1280 -1280 0
13 6 -1264 -1264 -1264 0
13 7 -848 -848 -848 0
13 8 -2112 -2112 -2112 0
13 9 -2304 -2304 -2304 0
13 10 -2720 -4592 -4592 0
13 11 -1280 -2896 -2896 0
13 12 -1264 -3696 -3696 0
13 13 -848 -848 -848 0
13 14 -2800 -4624 -4624 0
13 15 -768 -2048 -2048 0
13 16 -768 -768 -768 0
13 17 -896 -2720 -2720 0
13 18 -608 -3152 -3152 0
13 19 -848 -4096 -4096 0
13 20 -2800 -6800 -6800 0
13 21 -768 -2704 -2704 0
13 22 -896 -3984 -3984 0
13 23 0 -2128 -2128 0
13 24 -1824 -1824 -1824 0
13 25 -3104 -3712 -3712 0
13 26 -5024 -5872 -5872 0
13 27 -2704 -4848 -4848 0
13 28 -1552 -3008 -3008 0
13 29 0 -2384 -2384 0
13 30 -1824 -5232 -5232 0
13 31 -1280 -2896 -2896 0
13 32 -608 -608 -608 0
13 33 -3280 -4544 -4544 0
13 34 -4272 -5040 -5040 0
13 35 -3040 -5200 -5200 0
13 36 -1536 -3568 -3568 0
13 37 0 -1664 -1664 0
13 38 -608 -4592 -4592 0
13 39 -848 -2896 -2896 0
13 40 -1264 -2544 -2544 0
13 41 -2640 -5120 -5120 0
13 42 -3776 -6880 -6880 0
13 43 -5024 -6960 -6960 0
13 44 -2176 -4656 -4656 0
13 45 -2480 -3760 -3760 0
13 46 -2544 -5632 -5632 0
13 47 -1424 -3552 -3552 0
13 48 0 -2128 -2128 0
13 49 -1264 -5888 -5888 0
13 50 -768 -3504 -3504 0
13 51 -1504 -4544 -4544 0
13 52 -848 -2992 -2992 0
13 53 -2144 -2992 -2992 0
13 54 -848 -4256 -4256 0
13 55 -1536 -3152 -3152 0
13 56 0 -1616 -1616 0
13 57 0 -4304 -4304 0
13 58 0 -2880 -2880 0
13 59 -1264 -4464 -4464 0
13 60 -768 -2928 -2928 0
13 61 -2160 -2928 -2928 0
13 62 -768 -2928 -2928 0
13 63 -896 -1664 -1664 0
13 64 -240 -240 -240 0
13 65 -960 -960 -960 0
13 66 544 -352 -352 0
13 67 0 -544 -544 0
13 68 -1456 -2128 -2128 0
13 69 -800 -800 -800 0
13 70 -656 -656 -656 0
13 71 256 256 256 0
13 72 512 512 512 0
13 73 672 672 672 0
13 74 -1888 -1072 -1072 0
13 75 -800 -416 -416 0
13 76 -656 -544 -544 0
13 77 256 256 256 0
13 78 800 -656 -656 0
13 79 128 -672 -672 0
13 80 128 128 128 0
13 81 -432 -1888 -1888 0
13 82 560 16 16 0
13 83 256 -2288 -2288 0
13 84 800 -1888 -1888 0
13 85 128 -1888 -1888 0
13 86 -432 -2544 -2544 0
13 87 0 -544 -544 0
13 88 -1456 -1456 -1456 0
13 89 -2256 -1696 -1696 0
13 90 -3216 -2960 -2960 0
13 91 -1888 -1723 -1723 0
13 92 -1648 -832 -832 0
13 93 0 800 800 0
13 94 -1456 -1035 -1035 0
13 95 -800 -416 -416 0
13 96 560 560 560 0
13 97 -640 -384 -384 0
13 98 560 688 688 0
13 99 -416 -592 -592 0
13 100 544 928 928 0
13 101 0 -304 -304 0
13 102 560 -1072 -1072 0
13 103 256 -416 -416 0
13 104 256 -544 -544 0
13 105 944 -1728 -1728 0
13 106 208 -2048 -2048 0
13 107 -1216 -3232 -3232 0
13 108 -1232 -3904 -3904 0
13 109 -2672 -3472 -3472 0
13 110 -544 -2656 -2656 0
13 111 -1088 -1632 -1632 0
13 112 0 -544 -544 0
13 113 256 -1312 -1312 0
13 114 128 144 144 0
13 115 128 -288 -288 0
13 116 256 421 421 0
13 117 1104 1360 421 1
13 118 256 677 677 0
13 119 544 928 928 0
13 120 0 384 384 0
13 121 0 928 928 0
13 122 0 640 640 0
13 123 256 496 496 0
13 124 128 -48 -48 0
13 125 -176 -48 -48 0
13 126 128 -48 -48 0
13 127 -432 -304 -304 0
13 128 320 320 320 0
13 129 608 608 608 0
13 130 -1264 -2384 -2384 0
13 131 0 928 928 0
13 132 -1056 -2256 -2256 0
13 133 384 384 384 0
13 134 0 0 0 0
13 135 544 544 544 0
13 136 -800 -800 -800 0
13 137 -880 -880 -880 0
13 138 -992 -2400 -2400 0
13 139 384 1312 373 1
13 140 0 -1200 -1200 0
13 141 544 544 544 0
13 142 -2608 -3664 -3664 0
13 143 384 768 768 0
13 144 384 384 384 0
13 145 64 -992 -992 0
13 146 -64 -1024 -1024 0
13 147 544 -64 -64 0
13 148 -2608 -3216 -3216 0
13 149 384 832 832 0
13 150 64 -992 -992 0
13 151 0 928 928 0
13 152 -1056 -1056 -1056 0
13 153 -672 -736 -736 0
13 154 -1952 -1408 -1408 0
13 155 832 -496 -496 0
13 156 128 608 608 0
13 157 0 -720 -720 0
13 158 -1056 -3728 -3728 0
13 159 384 1312 373 1
13 160 -64 -64 -64 0
13 161 -576 -1920 -1920 0
13 162 -400 -16 -16 0
13 163 -656 -1936 -1936 0
13 164 -1264 -2224 -2224 0
13 165 0 448 448 0
13 166 -64 -2400 -2400 0
13 167 544 1312 373 1
13 168 -1344 -960 -960 0
13 169 -1024 -2016 -2016 0
13 170 -352 -1024 -1024 0
13 171 -1872 -1424 -1424 0
13 172 448 -544 -544 0
13 173 -992 -608 -608 0
13 174 -960 -2016 -2016 0
13 175 448 1376 437 1
13 176 0 928 928 0
13 177 -1344 -3664 -3664 0
13 178 384 1248 309 1
13 179 0 -656 -656 0
13 180 544 -784 -784 0
13 181 -1328 -784 -784 0
13 182 544 -2128 -2128 0
13 183 -1264 -336 -336 0
13 184 0 928 928 0
13 185 0 -2608 -2608 0
13 186 0 -416 -416 0
13 187 -1344 -2160 -2160 0
13 188 384 -896 -896 0
13 189 -1280 -896 -896 0
13 190 384 -896 -896 0
13 191 64 448 448 0
13 192 -256 -256 -256 0
13 193 16 16 16 0
13 194 160 800 800 0
13 195 0 -912 -912 0
13 196 144 480 480 0
13 197 -752 -752 -752 0
13 198 672 672 672 0
13 199 -160 -160 -160 0
13 200 64 64 64 0
13 201 512 512 512 0
13 202 176 896 896 0
13 203 -752 -560 -560 0
13 204 672 864 864 0
13 205 -160 -160 -160 0
13 206 384 528 528 0
13 207 352 -400 -400 0
13 208 352 352 352 0
13 209 32 176 176 0
13 210 496 -32 -32 0
13 211 -160 512 512 0
13 212 384 -192 -192 0
13 213 352 -224 -224 0
13 214 32 848 848 0
13 215 0 -912 -912 0
13 216 144 144 144 0
13 217 -608 -112 -112 0
13 218 -208 -368 -368 0
13 219 -224 432 432 0
13 220 208 544 544 0
13 221 0 0 0 0
13 222 144 1024 85 1
13 223 -752 -560 -560 0
13 224 496 496 496 0
13 225 480 704 704 0
13 226 -256 96 96 0
13 227 176 432 432 0
13 228 160 736 736 0
13 229 0 384 384 0
13 230 496 896 896 0
13 231 -160 -560 -560 0
13 232 224 -528 -528 0
13 233 1072 1392 453 1
13 234 448 -160 -160 0
13 235 688 112 112 0
13 236 -720 -400 -400 0
13 237 320 -432 -432 0
13 238 -528 288 288 0
13 239 528 -384 -384 0
13 240 0 -912 -912 0
13 241 224 261 261 0
13 242 352 -64 -64 0
13 243 528 704 704 0
13 244 -160 496 496 0
13 245 656 496 496 0
13 246 -160 720 720 0
13 247 160 352 352 0
13 248 0 192 192 0
13 249 0 912 912 0
13 250 0 416 416 0
13 251 224 768 768 0
13 252 352 608 608 0
13 253 256 608 608 0
13 254 352 608 608 0
13 255 32 384 384 0
13 256 -2832 -2832 -2832 0
13 257 -3520 -3520 -3520 0
13 258 -1920 -4304 -4304 0
13 259 0 -3440 -3440 0
13 260 -1216 -4880 -4880 0
13 261 -1664 -1664 -1664 0
13 262 -2912 -2912 -2912 0
13 263 -1776 -1776 -1776 0
13 264 -3808 -3808 -3808 0
13 265 -3744 -3744 -3744 0
13 266 -3136 -6336 -6336 0
13 267 -1664 -5264 -5264 0
13 268 -2912 -6752 -6752 0
13 269 -1776 -1776 -1776 0
13 270 -3952 -5168 -5168 0
13 271 -1824 -3488 -3488 0
13 272 -1824 -1824 -1824 0
13 273 -1920 -3136 -3136 0
13 274 -1168 -4864 -4864 0
13 275 -1776 -6560 -6560 0
13 276 -3952 -8752 -8752 0
13 277 -1824 -5232 -5232 0
13 278 -1920 -6048 -6048 0
13 279 0 -3440 -3440 0
13 280 -1216 -1216 -1216 0
13 281 -2880 -4048 -4048 0
13 282 -6656 -8432 -8432 0
13 283 -5232 -8320 -8320 0
13 284 -3664 -6608 -6608 0
13 285 0 -3696 -3696 0
13 286 -1216 -6336 -6336 0
13 287 -1664 -5264 -5264 0
13 288 -1168 -1168 -1168 0
13 289 -4160 -6192 -6192 0
13 290 -6528 -8352 -8352 0
13 291 -5440 -9392 -9392 0
13 292 -1920 -5776 -5776 0
13 293 0 -3744 -3744 0
13 294 -1168 -6336 -6336 0
13 295 -1776 -5264 -5264 0
13 296 -2032 -3696 -3696 0
13 297 -5024 -7984 -7984 0
13 298 -7552 -10432 -10432 0
13 299 -6880 -10288 -10288 0
13 300 -3584 -6544 -6544 0
13 301 -2960 -4624 -4624 0
13 302 -3696 -7824 -7824 0
13 303 -3568 -7008 -7008 0
13 304 0 -3440 -3440 0
13 305 -2032 -8080 -8080 0
13 306 -1824 -6432 -6432 0
13 307 -3088 -8528 -8528 0
13 308 -1776 -4864 -4864 0
13 309 -3088 -4864 -4864 0
13 310 -1776 -6896 -6896 0
13 311 -1920 -5520 -5520 0
13 312 0 -3600 -3600 0
13 313 0 -7040 -7040 0
13 314 0 -5632 -5632 0
13 315 -2032 -7696 -7696 0
13 316 -1824 -5776 -5776 0
13 317 -3952 -5776 -5776 0
13 318 -1824 -5776 -5776 0
13 319 -1920 -3744 -3744 0
13 320 -208 -208 -208 0
13 321 480 480 480 0
13 322 800 1280 341 1
13 323 0 -96 -96 0
13 324 -128 432 432 0
13 325 -816 -816 -816 0
13 326 368 368 368 0
13 327 720 720 720 0
13 328 528 528 528 0
13 329 144 144 144 0
13 330 144 560 560 0
13 331 -816 -752 -752 0
13 332 368 501 501 0
13 333 720 720 720 0
13 334 608 480 480 0
13 335 -656 -1472 -1472 0
13 336 -656 -656 -656 0
13 337 272 144 144 0
13 338 608 -400 -400 0
13 339 720 -304 -304 0
13 340 608 -64 -64 0
13 341 -656 -1712 -1712 0
13 342 272 512 512 0
13 343 0 -96 -96 0
13 344 -128 -128 -128 0
13 345 -944 -336 -336 0
13 346 -1376 -656 -656 0
13 347 -1712 -1243 -1243 0
13 348 32 421 421 0
13 349 0 581 581 0
13 350 -128 149 149 0
13 351 -816 -752 -752 0
13 352 608 608 608 0
13 353 1200 1008 69 1
13 354 1312 656 656 0
13 355 1280 1360 421 1
13 356 800 -48 -48 0
13 357 0 -384 -384 0
13 358 608 560 560 0
13 359 720 -752 -752 0
13 360 -192 -1008 -1008 0
13 361 -240 -608 -608 0
13 362 144 -800 -800 0
13 363 288 -768 -768 0
13 364 -544 -912 -912 0
13 365 -368 -1184 -1184 0
13 366 -1008 -768 -768 0
13 367 -896 -992 -992 0
13 368 0 -96 -96 0
13 369 -192 -91 -91 0
13 370 -656 -144 -144 0
13 371 880 1221 282 1
13 372 720 1189 250 1
13 373 1408 2128 1189 1
13 374 720 997 58 1
13 375 800 864 864 0
13 376 0 64 64 0
13 377 0 549 549 0
13 378 0 -128 -128 0
13 379 -192 224 224 0
13 380 -656 -576 -576 0
13 381 80 -576 -576 0
13 382 -656 -576 -576 0
13 383 272 -384 -384 0
13 384 -304 -304 -304 0
13 385 -560 -560 -560 0
13 386 -240 -160 -160 0
13 387 0 624 624 0
13 388 224 -1360 -1360 0
13 389 -160 -160 -160 0
13 390 -1488 -1488 -1488 0
13 391 784 784 784 0
13 392 512 512 512 0
13 393 336 336 336 0
13 394 -288 -704 -704 0
13 395 -160 261 261 0
13 396 -1488 -2240 -2240 0
13 397 784 784 784 0
13 398 -512 -288 -288 0
13 399 576 416 416 0
13 400 576 576 576 0
13 401 -512 -288 -288 0
13 402 -144 -576 -576 0
13 403 784 240 240 0
13 404 -512 -960 -960 0
13 405 576 -928 -928 0
13 406 -512 -1776 -1776 0
13 407 0 624 624 0
13 408 224 224 224 0
13 409 64 -80 -80 0
13 410 -1552 -768 -768 0
13 411 -928 -1312 -1312 0
13 412 -1856 -1216 -1216 0
13 413 0 544 544 0
13 414 224 -432 -432 0
13 415 -160 261 261 0
13 416 -144 -144 -144 0
13 417 864 592 592 0
13 418 240 816 816 0
13 419 -800 -1584 -1584 0
13 420 -240 64 64 0
13 421 0 64 64 0
13 422 -144 -704 -704 0
13 423 784 1200 261 1
13 424 -272 -432 -432 0
13 425 160 -960 -960 0
13 426 576 640 640 0
13 427 48 -1456 -1456 0
13 428 -672 -1792 -1792 0
13 429 -1120 -1280 -1280 0
13 430 -432 -1696 -1696 0
13 431 -768 -144 -144 0
13 432 0 624 624 0
13 433 -272 -1776 -1776 0
13 434 576 1056 117 1
13 435 -656 -1456 -1456 0
13 436 784 400 400 0
13 437 -384 400 400 0
13 438 784 128 128 0
13 439 -240 181 181 0
13 440 0 421 421 0
13 441 0 -1168 -1168 0
13 442 0 149 149 0
13 443 -272 -448 -448 0
13 444 576 -208 -208 0
13 445 -784 -208 -208 0
13 446 576 -208 -208 0
13 447 -512 64 64 0
13 448 1232 1232 293 1
13 449 -576 -576 -576 0
13 450 -1392 -1264 -1264 0
13 451 0 224 224 0
13 452 -304 -1696 -1696 0
13 453 800 800 800 0
13 454 432 432 432 0
13 455 -576 -576 -576 0
13 456 -304 -304 -304 0
13 457 -1568 -1568 -1568 0
13 458 -416 288 288 0
13 459 800 48 48 0
13 460 432 -1072 -1072 0
13 461 -576 -576 -576 0
13 462 -1120 -1424 -1424 0
13 463 -176 624 624 0
13 464 -176 -176 -176 0
13 465 -112 -416 -416 0
13 466 432 565 565 0
13 467 -576 -1056 -1056 0
13 468 -1120 -736 -736 0
13 469 -176 624 624 0
13 470 -112 16 16 0
13 471 0 224 224 0
13 472 -304 -304 -304 0
13 473 496 928 928 0
13 474 768 192 192 0
13 475 624 -336 -336 0
13 476 -112 -256 -256 0
13 477 0 -1968 -1968 0
13 478 -304 -992 -992 0
13 479 800 48 48 0
13 480 432 432 432 0
13 481 -448 -176 -176 0
13 482 -736 -912 -912 0
13 483 -1968 -1808 -1808 0
13 484 -1392 -1296 -1296 0
13 485 0 -288 -288 0
13 486 432 288 288 0
13 487 -576 48 48 0
13 488 272 1072 133 1
13 489 528 224 224 0
13 490 -592 -96 -96 0
13 491 -1984 -1184 -1184 0
13 492 688 384 384 0
13 493 -304 496 496 0
13 494 1072 1200 261 1
13 495 -176 48 48 0
13 496 0 224 224 0
13 497 272 -992 -992 0
13 498 -176 480 480 0
13 499 320 -1648 -1648 0
13 500 -576 -1536 -1536 0
13 501 -960 -1536 -1536 0
13 502 -576 -1264 -1264 0
13 503 -1392 -2144 -2144 0
13 504 0 -752 -752 0
13 505 0 -800 -800 0
13 506 0 -480 -480 0
13 507 272 -1408 -1408 0
13 508 -176 -16 -16 0
13 509 160 -16 -16 0
13 510 -176 -16 -16 0
13 511 -112 -288 -288 0
13 512 576 576 576 0
13 513 352 352 352 0
13 514 112 128 128 0
13 515 0 32 32 0
13 516 -432 128 128 0
13 517 128 128 128 0
13 518 896 896 896 0
13 519 -96 -96 -96 0
13 520 -672 -672 -672 0
13 521 208 208 208 0
13 522 -48 -176 -176 0
13 523 128 128 128 0
13 524 896 1392 453 1
13 525 -96 -96 -96 0
13 526 -464 -896 -896 0
13 527 96 224 224 0
13 528 96 96 96 0
13 529 384 -48 -48 0
13 530 448 0 0 0
13 531 -96 16 16 0
13 532 -464 -384 -384 0
13 533 96 672 672 0
13 534 384 848 848 0
13 535 0 32 32 0
13 536 -432 -432 -432 0
13 537 -304 144 144 0
13 538 -432 -528 -528 0
13 539 672 1232 293 1
13 540 832 1184 245 1
13 541 0 16 16 0
13 542 -432 -448 -448 0
13 543 128 128 128 0
13 544 448 448 448 0
13 545 -80 -656 -656 0
13 546 592 688 688 0
13 547 464 272 272 0
13 548 112 -368 -368 0
13 549 0 480 480 0
13 550 448 -176 -176 0
13 551 -96 128 128 0
13 552 -576 -448 -448 0
13 553 -32 -16 -16 0
13 554 -192 -496 -496 0
13 555 160 736 736 0
13 556 512 528 528 0
13 557 16 144 144 0
13 558 -448 16 16 0
13 559 544 576 576 0
13 560 0 32 32 0
13 561 -576 0 0 0
13 562 96 576 576 0
13 563 832 1296 357 1
13 564 -96 464 464 0
13 565 560 464 464 0
13 566 -96 -112 -112 0
13 567 112 112 112 0
13 568 0 0 0 0
13 569 0 368 368 0
13 570 0 -576 -576 0
13 571 -576 16 16 0
13 572 96 -96 -96 0
13 573 -192 -96 -96 0
13 574 96 -96 -96 0
13 575 384 480 480 0
13 576 -624 -624 -624 0
13 577 -864 -864 -864 0
13 578 448 1120 181 1
13 579 0 -528 -528 0
13 580 480 -224 -224 0
13 581 -816 -816 -816 0
13 582 -960 -960 -960 0
13 583 288 288 288 0
13 584 112 112 112 0
13 585 608 608 608 0
13 586 832 848 848 0
13 587 -816 -368 -368 0
13 588 -960 -160 -160 0
13 589 288 288 288 0
13 590 272 752 752 0
13 591 160 -656 -656 0
13 592 160 160 160 0
13 593 352 832 832 0
13 594 192 -800 -800 0
13 595 288 -224 -224 0
13 596 272 288 288 0
13 597 160 -1808 -1808 0
13 598 352 -128 -128 0
13 599 0 -528 -528 0
13 600 480 480 480 0
13 601 -336 -144 -144 0
13 602 -1664 -1376 -1376 0
13 603 -1808 -1168 -1168 0
13 604 -800 -320 -320 0
13 605 0 736 736 0
13 606 480 944 5 1
13 607 -816 -368 -368 0
13 608 192 192 192 0
13 609 960 784 784 0
13 610 112 272 272 0
13 611 -416 -240 -240 0
13 612 448 432 432 0
13 613 0 512 512 0
13 614 192 848 848 0
13 615 288 -368 -368 0
13 616 -176 -992 -992 0
13 617 176 -496 -496 0
13 618 624 288 288 0
13 619 1440 -528 -528 0
13 620 -464 -1136 -1136 0
13 621 -672 -1488 -1488 0
13 622 -992 -1472 -1472 0
13 623 -992 -1520 -1520 0
13 624 0 -528 -528 0
13 625 -176 -208 -208 0
13 626 160 -176 -176 0
13 627 544 128 128 0
13 628 288 928 928 0
13 629 640 928 928 0
13 630 288 752 752 0
13 631 448 896 896 0
13 632 0 448 448 0
13 633 0 816 816 0
13 634 0 272 272 0
13 635 -176 -155 -155 0
13 636 160 336 336 0
13 637 176 336 336 0
13 638 160 336 336 0
13 639 352 512 512 0
13 640 -2064 -2064 -2064 0
13 641 -3056 -3056 -3056 0
13 642 -768 -3216 -3216 0
13 643 0 -2080 -2080 0
13 644 -1056 -3472 -3472 0
13 645 -672 -672 -672 0
13 646 -3040 -3040 -3040 0
13 647 -1408 -1408 -1408 0
13 648 -3024 -3024 -3024 0
13 649 -1728 -1728 -1728 0
13 650 -2784 -5792 -5792 0
13 651 -672 -3040 -3040 0
13 652 -3040 -5536 -5536 0
13 653 -1408 -1408 -1408 0
13 654 -2384 -3440 -3440 0
13 655 -960 -1632 -1632 0
13 656 -960 -960 -960 0
13 657 -1728 -2784 -2784 0
13 658 -1392 -3680 -3680 0
13 659 -1408 -5072 -5072 0
13 660 -2384 -5840 -5840 0
13 661 -960 -3280 -3280 0
13 662 -1728 -5824 -5824 0
13 663 0 -2080 -2080 0
13 664 -1056 -1056 -1056 0
13 665 -1728 -3120 -3120 0
13 666 -4992 -6400 -6400 0
13 667 -3280 -5440 -5440 0
13 668 -3376 -6176 -6176 0
13 669 0 -2176 -2176 0
13 670 -1056 -4832 -4832 0
13 671 -672 -3040 -3040 0
13 672 -1392 -1392 -1392 0
13 673 -3856 -5472 -5472 0
13 674 -4240 -5200 -5200 0
13 675 -3824 -7168 -7168 0
13 676 -768 -3344 -3344 0
13 677 0 -2688 -2688 0
13 678 -1392 -5792 -5792 0
13 679 -1408 -3040 -3040 0
13 680 -1616 -2288 -2288 0
13 681 -3968 -6672 -6672 0
13 682 -5712 -7440 -7440 0
13 683 -4512 -6832 -6832 0
13 684 -2400 -5104 -5104 0
13 685 -2704 -3376 -3376 0
13 686 -2288 -6384 -6384 0
13 687 -2608 -4688 -4688 0
13 688 0 -2080 -2080 0
13 689 -1616 -6480 -6480 0
13 690 -960 -4432 -4432 0
13 691 -3120 -6944 -6944 0
13 692 -1408 -3568 -3568 0
13 693 -2160 -3568 -3568 0
13 694 -1408 -5184 -5184 0
13 695 -768 -3136 -3136 0
13 696 0 -2368 -2368 0
13 697 0 -5504 -5504 0
13 698 0 -3984 -3984 0
13 699 -1616 -5072 -5072 0
13 700 -960 -4304 -4304 0
13 701 -3344 -4304 -4304 0
13 702 -960 -4304 -4304 0
13 703 -1728 -2688 -2688 0
13 704 -112 -112 -112 0
13 705 -1616 -1616 -1616 0
13 706 144 -144 -144 0
13 707 0 -720 -720 0
13 708 496 416 416 0
13 709 672 672 672 0
13 710 -1008 -1008 -1008 0
13 711 -1392 -1392 -1392 0
13 712 -816 -816 -816 0
13 713 240 240 240 0
13 714 848 640 640 0
13 715 672 -624 -624 0
13 716 -1008 -512 -512 0
13 717 -1392 -1392 -1392 0
13 718 720 1216 277 1
13 719 96 768 768 0
13 720 96 96 96 0
13 721 352 848 848 0
13 722 -784 -475 -475 0
13 723 -1392 -1024 -1024 0
13 724 720 1301 362 1
13 725 96 544 544 0
13 726 352 -160 -160 0
13 727 0 -720 -720 0
13 728 496 496 496 0
13 729 1168 384 384 0
13 730 1520 128 128 0
13 731 544 -96 -96 0
13 732 128 -2048 -2048 0
13 733 0 -1248 -1248 0
13 734 496 432 432 0
13 735 672 -624 -624 0
13 736 -784 -784 -784 0
13 737 -1680 -1104 -1104 0
13 738 -1360 -1264 -1264 0
13 739 -1472 -544 -544 0
13 740 144 816 816 0
13 741 0 448 448 0
13 742 -784 -299 -299 0
13 743 -1392 -624 -624 0
13 744 576 1248 309 1
13 745 -112 160 160 0
13 746 -368 -139 -139 0
13 747 1088 1536 597 1
13 748 1024 1296 357 1
13 749 272 944 5 1
13 750 1248 736 736 0
13 751 -128 -848 -848 0
13 752 0 -720 -720 0
13 753 576 208 208 0
13 754 96 -1408 -1408 0
13 755 -432 -1904 -1904 0
13 756 -1392 -2032 -2032 0
13 757 -640 -2032 -2032 0
13 758 -1392 -1456 -1456 0
13 759 144 -1152 -1152 0
13 760 0 -1296 -1296 0
13 761 0 288 288 0
13 762 0 -720 -720 0
13 763 576 1168 229 1
13 764 96 1024 85 1
13 765 928 1024 85 1
13 766 96 1024 85 1
13 767 352 448 448 0
13 768 -256 -256 -256 0
13 769 48 48 48 0
13 770 480 -320 -320 0
13 771 0 896 896 0
13 772 -64 48 48 0
13 773 480 480 480 0
13 774 -1104 -1104 -1104 0
13 775 416 416 416 0
13 776 0 0 0 0
13 777 1312 1312 373 1
13 778 -432 -1584 -1584 0
13 779 480 789 789 0
13 780 -1104 -992 -992 0
13 781 416 416 416 0
13 782 64 0 0 0
13 783 832 1312 373 1
13 784 832 832 832 0
13 785 -368 -432 -432 0
13 786 -736 -672 -672 0
13 787 416 816 816 0
13 788 64 112 112 0
13 789 832 944 5 1
13 790 -368 -1536 -1536 0
13 791 0 896 896 0
13 792 -64 -64 -64 0
13 793 416 -320 -320 0
13 794 -368 48 48 0
13 795 944 688 688 0
13 796 -736 -1056 -1056 0
13 797 0 896 896 0
13 798 -64 -736 -736 0
13 799 480 789 789 0
13 800 -736 -736 -736 0
13 801 -384 -800 -800 0
13 802 640 1472 533 1
13 803 528 -256 -256 0
13 804 480 896 896 0
13 805 0 464 464 0
13 806 -736 -1584 -1584 0
13 807 416 789 789 0
13 808 -416 64 64 0
13 809 -320 -752 -752 0
13 810 464 880 880 0
13 811 880 992 53 1
13 812 112 -320 -320 0
13 813 -432 48 48 0
13 814 64 -1104 -1104 0
13 815 464 1360 421 1
13 816 0 896 896 0
13 817 -416 -1104 -1104 0
13 818 832 992 53 1
13 819 -1104 -576 -576 0
13 820 416 160 160 0
13 821 -256 160 160 0
13 822 416 -256 -256 0
13 823 480 789 789 0
13 824 0 309 309 0
13 825 0 -1040 -1040 0
13 826 0 832 832 0
13 827 -416 -411 -411 0
13 828 832 48 48 0
13 829 -784 48 48 0
13 830 832 48 48 0
13 831 -368 464 464 0
13 832 464 464 464 0
13 833 80 80 80 0
13 834 640 864 864 0
13 835 0 864 864 0
13 836 480 1056 117 1
13 837 720 720 720 0
13 838 -320 -320 -320 0
13 839 144 144 144 0
13 840 -48 -48 -48 0
13 841 112 112 112 0
13 842 192 -256 -256 0
13 843 720 336 336 0
13 844 -320 32 32 0
13 845 144 144 144 0
13 846 448 928 928 0
13 847 -528 192 192 0
13 848 -528 -528 -528 0
13 849 -288 192 192 0
13 850 -256 272 272 0
13 851 144 32 32 0
13 852 448 1360 421 1
13 853 -528 128 128 0
13 854 -288 -128 -128 0
13 855 0 864 864 0
13 856 480 480 480 0
13 857 1200 944 5 1
13 858 944 1088 149 1
13 859 128 512 512 0
13 860 -352 -464 -464 0
13 861 0 784 784 0
13 862 480 672 672 0
13 863 720 336 336 0
13 864 -256 -256 -256 0
13 865 368 176 176 0
13 866 1248 720 720 0
13 867 720 240 240 0
13 868 640 -80 -80 0
13 869 0 -816 -816 0
13 870 -256 -256 -256 0
13 871 144 336 336 0
13 872 -192 528 528 0
13 873 -976 -560 -560 0
13 874 -864 -603 -603 0
13 875 304 960 21 1
13 876 432 848 848 0
13 877 416 1136 197 1
13 878 528 688 688 0
13 879 -592 272 272 0
13 880 0 864 864 0
13 881 -192 608 608 0
13 882 -528 80 80 0
13 883 -544 176 176 0
13 884 144 528 528 0
13 885 384 528 528 0
13 886 144 336 336 0
13 887 640 256 256 0
13 888 0 -384 -384 0
13 889 0 -96 -96 0
13 890 0 -576 -576 0
13 891 -192 -368 -368 0
13 892 -528 -1008 -1008 0
13 893 -480 -1008 -1008 0
13 894 -528 -1008 -1008 0
13 895 -288 -816 -816 0
13 896 64 64 64 0
13 897 -944 -944 -944 0
13 898 528 576 576 0
13 899 0 -528 -528 0
13 900 160 448 448 0
13 901 176 176 176 0
13 902 -352 -352 -352 0
13 903 -704 -704 -704 0
13 904 -464 -464 -464 0
13 905 1184 1184 245 1
13 906 -320 -192 -192 0
13 907 176 128 128 0
13 908 -352 -304 -304 0
13 909 -704 -704 -704 0
13 910 768 928 928 0
13 911 656 832 832 0
13 912 656 656 656 0
13 913 -480 -320 -320 0
13 914 -112 304 304 0
13 915 -704 -128 -128 0
13 916 768 624 624 0
13 917 656 592 592 0
13 918 -480 -672 -672 0
13 919 0 -528 -528 0
13 920 160 160 160 0
13 921 336 224 224 0
13 922 336 -368 -368 0
13 923 592 1008 69 1
13 924 -720 -1536 -1536 0
13 925 0 -176 -176 0
13 926 160 816 816 0
13 927 176 128 128 0
13 928 -112 -112 -112 0
13 929 -656 -416 -416 0
13 930 -112 544 544 0
13 931 -416 -656 -656 0
13 932 528 1424 485 1
13 933 0 176 176 0
13 934 -112 -192 -192 0
13 935 -704 128 128 0
13 936 240 416 416 0
13 937 784 704 704 0
13 938 -288 48 48 0
13 939 864 800 800 0
13 940 -304 -384 -384 0
13 941 -80 96 96 0
13 942 416 224 224 0
13 943 416 -112 -112 0
13 944 0 -528 -528 0
13 945 240 576 576 0
13 946 656 16 16 0
13 947 -592 -1008 -1008 0
13 948 -704 -288 -288 0
13 949 416 -288 -288 0
13 950 -704 -48 -48 0
13 951 528 480 480 0
13 952 0 -48 -48 0
13 953 0 176 176 0
13 954 0 192 192 0
13 955 240 944 5 1
13 956 656 416 416 0
13 957 -240 416 416 0
13 958 656 416 416 0
13 959 -480 176 176 0
13 960 -2688 -2688 -2688 0
13 961 -3296 -3296 -3296 0
13 962 -944 -3152 -3152 0
13 963 0 -3056 -3056 0
13 964 -1040 -3744 -3744 0
13 965 -1520 -1520 -1520 0
13 966 -2928 -2928 -2928 0
13 967 -1536 -1536 -1536 0
13 968 -2544 -2544 -2544 0
13 969 -1968 -1968 -1968 0
13 970 -2640 -4816 -4816 0
13 971 -1520 -4080 -4080 0
13 972 -2928 -5472 -5472 0
13 973 -1536 -1536 -1536 0
13 974 -1952 -2992 -2992 0
13 975 -1024 -2544 -2544 0
13 976 -1024 -1024 -1024 0
13 977 -1600 -2640 -2640 0
13 978 -1168 -3696 -3696 0
13 979 -1536 -5360 -5360 0
13 980 -1952 -6112 -6112 0
13 981 -1024 -4304 -4304 0
13 982 -1600 -5568 -5568 0
13 983 0 -3056 -3056 0
13 984 -1040 -1040 -1040 0
13 985 -2560 -3728 -3728 0
13 986 -5328 -6864 -6864 0
13 987 -4304 -6416 -6416 0
13 988 -3360 -6064 -6064 0
13 989 0 -2480 -2480 0
13 990 -1040 -4160 -4160 0
13 991 -1520 -4080 -4080 0
13 992 -1168 -1168 -1168 0
13 993 -3744 -4752 -4752 0
13 994 -5168 -6192 -6192 0
13 995 -4240 -6848 -6848 0
13 996 -944 -2976 -2976 0
13 997 0 -2624 -2624 0
13 998 -1168 -4816 -4816 0
13 999 -1536 -4080 -4080 0
13 1000 -1008 -2528 -2528 0
13 1001 -3200 -6000 -6000 0
13 1002 -5168 -7728 -7728 0
13 1003 -4608 -7888 -7888 0
13 1004 -3120 -5920 -5920 0
13 1005 -2800 -4320 -4320 0
13 1006 -2528 -6496 -6496 0
13 1007 -2784 -5840 -5840 0
13 1008 0 -3056 -3056 0
13 1009 -1008 -5920 -5920 0
13 1010 -1024 -5248 -5248 0
13 1011 -2768 -7008 -7008 0
13 1012 -1536 -3648 -3648 0
13 1013 -2112 -3648 -3648 0
13 1014 -1536 -4656 -4656 0
13 1015 -944 -3504 -3504 0
13 1016 0 -2560 -2560 0
13 1017 0 -4720 -4720 0
13 1018 0 -3568 -3568 0
13 1019 -1008 -4576 -4576 0
13 1020 -1024 -3632 -3632 0
13 1021 -2608 -3632 -3632 0
13 1022 -1024 -3632 -3632 0
13 1023 -1600 -2624 -2624 0
14 0 -848 -2736 -2736 0
14 1 -3968 -5472 -5472 0
14 2 -2128 -6096 -6096 0
14 3 -2800 -4928 -4928 0
14 4 -848 -4864 -4864 0
14 5 -1536 -2816 -2816 0
14 6 -1824 -3088 -3088 0
14 7 -1280 -2128 -2128 0
14 8 -2592 -4704 -4704 0
14 9 -4048 -6352 -6352 0
14 10 -2272 -6864 -6864 0
14 11 -5520 -8416 -8416 0
14 12 -3872 -7568 -7568 0
14 13 -2832 -3680 -3680 0
14 14 -1264 -5888 -5888 0
14 15 -848 -2896 -2896 0
14 16 -608 -1376 -1376 0
14 17 -2112 -4832 -4832 0
14 18 -4128 -7280 -7280 0
14 19 -2784 -6880 -6880 0
14 20 -2112 -8912 -8912 0
14 21 -4208 -6912 -6912 0
14 22 -4080 -8064 -8064 0
14 23 -1424 -3552 -3552 0
14 24 -1264 -3088 -3088 0
14 25 -768 -4480 -4480 0
14 26 -1504 -7376 -7376 0
14 27 -2112 -6960 -6960 0
14 28 -3568 -6576 -6576 0
14 29 -2272 -4656 -4656 0
14 30 -1744 -6976 -6976 0
14 31 -1536 -4432 -4432 0
14 32 0 -608 -608 0
14 33 0 -4544 -4544 0
14 34 -1264 -6304 -6304 0
14 35 -768 -5968 -5968 0
14 36 -2720 -6288 -6288 0
14 37 -2544 -4208 -4208 0
14 38 -1424 -6016 -6016 0
14 39 -896 -3792 -3792 0
14 40 -1824 -4368 -4368 0
14 41 -1280 -6400 -6400 0
14 42 -656 -7536 -7536 0
14 43 0 -6960 -6960 0
14 44 -608 -5264 -5264 0
14 45 -848 -4608 -4608 0
14 46 -1536 -7168 -7168 0
14 47 0 -3552 -3552 0
14 48 -2432 -4560 -4560 0
14 49 -2128 -8016 -8016 0
14 50 -2192 -5696 -5696 0
14 51 -1824 -6368 -6368 0
14 52 -4368 -7360 -7360 0
14 53 -2704 -5696 -5696 0
14 54 -1552 -5808 -5808 0
14 55 0 -3152 -3152 0
14 56 -1872 -3488 -3488 0
14 57 -1616 -5920 -5920 0
14 58 -2432 -5312 -5312 0
14 59 -608 -5072 -5072 0
14 60 -1456 -4384 -4384 0
14 61 -2384 -5312 -5312 0
14 62 -1536 -4464 -4464 0
14 63 0 -1664 -1664 0
14 64 256 16 16 0
14 65 -352 -1312 -1312 0
14 66 -544 -896 -896 0
14 67 -112 -656 -656 0
14 68 256 -1872 -1872 0
14 69 544 -256 -256 0
14 70 -1456 -2112 -2112 0
14 71 -800 -544 -544 0
14 72 -1328 -816 -816 0
14 73 -416 256 256 0
14 74 -832 -1904 -1904 0
14 75 -1088 -1504 -1504 0
14 76 -2128 -2672 -2672 0
14 77 -2448 -2192 -2192 0
14 78 -656 -1312 -1312 0
14 79 256 -416 -416 0
14 80 560 688 688 0
14 81 512 -1376 -1376 0
14 82 -784 -768 -768 0
14 83 -672 -2960 -2960 0
14 84 -400 -2288 -2288 0
14 85 -656 -2544 -2544 0
14 86 0 -2544 -2544 0
14 87 -1088 -1632 -1632 0
14 88 256 -1200 -1200 0
14 89 128 -1568 -1568 0
14 90 128 -2832 -2832 0
14 91 512 -1211 -1211 0
14 92 928 96 96 0
14 93 256 1056 117 1
14 94 -176 -1211 -1211 0
14 95 544 128 128 0
14 96 0 560 560 0
14 97 0 -384 -384 0
14 98 256 944 5 1
14 99 128 -464 -464 0
14 100 -1888 -960 -960 0
14 101 -544 -848 -848 0
14 102 -1088 -2160 -2160 0
14 103 -432 -848 -848 0
14 104 -1456 -2000 -2000 0
14 105 -800 -2528 -2528 0
14 106 -1216 -3264 -3264 0
14 107 0 -3232 -3232 0
14 108 560 -3344 -3344 0
14 109 256 -3216 -3216 0
14 110 544 -2112 -2112 0
14 111 0 -1632 -1632 0
14 112 -896 -1440 -1440 0
14 113 -544 -1856 -1856 0
14 114 -672 -528 -528 0
14 115 -1456 -1744 -1744 0
14 116 -2000 -1579 -1579 0
14 117 -1888 -1467 -1467 0
14 118 -1648 -971 -971 0
14 119 0 928 928 0
14 120 816 1200 261 1
14 121 384 1312 373 1
14 122 112 752 752 0
14 123 560 1056 117 1
14 124 816 768 768 0
14 125 800 752 752 0
14 126 544 496 496 0
14 127 0 -304 -304 0
14 128 544 864 864 0
14 129 -2384 -1776 -1776 0
14 130 928 -1456 -1456 0
14 131 -1264 -336 -336 0
14 132 544 -1712 -1712 0
14 133 -1264 -880 -880 0
14 134 -1056 -1056 -1056 0
14 135 384 928 928 0
14 136 -672 -1472 -1472 0
14 137 -960 -1840 -1840 0
14 138 992 -1408 -1408 0
14 139 -3600 -3227 -3227 0
14 140 -288 -1488 -1488 0
14 141 512 1056 117 1
14 142 0 -3664 -3664 0
14 143 544 1312 373 1
14 144 -64 320 320 0
14 145 -800 -1792 -1792 0
14 146 -1936 -2960 -2960 0
14 147 384 320 320 0
14 148 544 -2672 -2672 0
14 149 -1776 -944 -944 0
14 150 -2224 -3216 -3216 0
14 151 448 1376 437 1
14 152 -1344 -2400 -2400 0
14 153 384 -352 -352 0
14 154 0 -1408 -1408 0
14 155 -800 -1296 -1296 0
14 156 -2224 -1616 -1616 0
14 157 384 -336 -336 0
14 158 608 -3120 -3120 0
14 159 -1264 -891 -891 0
14 160 0 -64 -64 0
14 161 0 -1920 -1920 0
14 162 -1344 -1360 -1360 0
14 163 384 -1552 -1552 0
14 164 -992 -3216 -3216 0
14 165 -960 -512 -512 0
14 166 448 -1952 -1952 0
14 167 64 437 437 0
14 168 -1056 -2016 -2016 0
14 169 384 -1632 -1632 0
14 170 64 -960 -960 0
14 171 0 -1424 -1424 0
14 172 -64 -608 -608 0
14 173 544 -64 -64 0
14 174 -1264 -3280 -3280 0
14 175 0 437 437 0
14 176 -1120 -192 -192 0
14 177 928 -2736 -2736 0
14 178 -1200 -891 -891 0
14 179 -1056 -1712 -1712 0
14 180 -2016 -2800 -2800 0
14 181 832 48 48 0
14 182 128 -2000 -2000 0
14 183 0 -336 -336 0
14 184 -1408 -480 -480 0
14 185 928 -1680 -1680 0
14 186 -1200 -1616 -1616 0
14 187 -64 -2224 -2224 0
14 188 480 -416 -416 0
14 189 -720 -1616 -1616 0
14 190 -1264 -2160 -2160 0
14 191 0 448 448 0
14 192 -160 -416 -416 0
14 193 800 816 816 0
14 194 -912 -112 -112 0
14 195 832 -80 -80 0
14 196 -160 320 320 0
14 197 160 -592 -592 0
14 198 144 816 816 0
14 199 -752 -912 -912 0
14 200 496 560 560 0
14 201 0 512 512 0
14 202 368 1264 325 1
14 203 560 0 0 0
14 204 -256 608 608 0
14 205 -544 -704 -704 0
14 206 672 1200 261 1
14 207 -160 -560 -560 0
14 208 496 848 848 0
14 209 64 240 240 0
14 210 656 624 624 0
14 211 -224 288 288 0
14 212 512 320 320 0
14 213 144 -80 -80 0
14 214 -368 480 480 0
14 215 528 -384 -384 0
14 216 224 368 368 0
14 217 352 240 240 0
14 218 528 160 160 0
14 219 64 496 496 0
14 220 736 1280 341 1
14 221 880 880 880 0
14 222 -128 -43 -43 0
14 223 160 -400 -400 0
14 224 0 496 496 0
14 225 0 704 704 0
14 226 224 320 320 0
14 227 352 784 784 0
14 228 176 912 912 0
14 229 -528 -144 -144 0
14 230 528 1424 485 1
14 231 32 -528 -528 0
14 232 144 -384 -384 0
14 233 -752 -299 -299 0
14 234 176 16 16 0
14 235 0 112 112 0
14 236 496 96 96 0
14 237 -160 -592 -592 0
14 238 160 448 448 0
14 239 0 -384 -384 0
14 240 640 -272 -272 0
14 241 -912 -651 -651 0
14 242 336 272 272 0
14 243 144 848 848 0
14 244 -384 112 112 0
14 245 -224 272 272 0
14 246 208 928 928 0
14 247 0 352 352 0
14 248 720 912 912 0
14 249 192 1104 165 1
14 250 192 608 608 0
14 251 496 1264 325 1
14 252 336 944 5 1
14 253 0 608 608 0
14 254 160 768 768 0
14 255 0 384 384 0
14 256 -1776 -4608 -4608 0
14 257 -4304 -7824 -7824 0
14 258 -3440 -7744 -7744 0
14 259 -4832 -8272 -8272 0
14 260 -1776 -6656 -6656 0
14 261 -1920 -3584 -3584 0
14 262 -1216 -4128 -4128 0
14 263 -1664 -3440 -3440 0
14 264 -3040 -6848 -6848 0
14 265 -6784 -10528 -10528 0
14 266 -5344 -11680 -11680 0
14 267 -7088 -12352 -12352 0
14 268 -4704 -11456 -11456 0
14 269 -5328 -7104 -7104 0
14 270 -2912 -8080 -8080 0
14 271 -1776 -5264 -5264 0
14 272 -1168 -2992 -2992 0
14 273 -3808 -6944 -6944 0
14 274 -4960 -9824 -9824 0
14 275 -4752 -11312 -11312 0
14 276 -4688 -13440 -13440 0
14 277 -4912 -10144 -10144 0
14 278 -5616 -11664 -11664 0
14 279 -3568 -7008 -7008 0
14 280 -2032 -3248 -3248 0
14 281 -1824 -5872 -5872 0
14 282 -3088 -11520 -11520 0
14 283 -3808 -12128 -12128 0
14 284 -5776 -12384 -12384 0
14 285 -4912 -8608 -8608 0
14 286 -3696 -10032 -10032 0
14 287 -1920 -7184 -7184 0
14 288 0 -1168 -1168 0
14 289 0 -6192 -6192 0
14 290 -2032 -10384 -10384 0
14 291 -1824 -11216 -11216 0
14 292 -3136 -8912 -8912 0
14 293 -3696 -7440 -7440 0
14 294 -3568 -9904 -9904 0
14 295 -1920 -7184 -7184 0
14 296 -1216 -4912 -4912 0
14 297 -1664 -9648 -9648 0
14 298 -1744 -12176 -12176 0
14 299 0 -10288 -10288 0
14 300 -1168 -7712 -7712 0
14 301 -1776 -6400 -6400 0
14 302 -1920 -9744 -9744 0
14 303 0 -7008 -7008 0
14 304 -2384 -5824 -5824 0
14 305 -3440 -11520 -11520 0
14 306 -3664 -10096 -10096 0
14 307 -1216 -9744 -9744 0
14 308 -4912 -9776 -9776 0
14 309 -5232 -10096 -10096 0
14 310 -3664 -10560 -10560 0
14 311 0 -5520 -5520 0
14 312 -3200 -6800 -6800 0
14 313 -3600 -10640 -10640 0
14 314 -3840 -9472 -9472 0
14 315 -1168 -8864 -8864 0
14 316 -2944 -8720 -8720 0
14 317 -3696 -9472 -9472 0
14 318 -1920 -7696 -7696 0
14 319 0 -3744 -3744 0
14 320 720 512 512 0
14 321 1280 1760 821 1
14 322 -96 245 245 0
14 323 1168 1072 133 1
14 324 720 1152 213 1
14 325 800 -16 -16 0
14 326 -128 240 240 0
14 327 -816 -96 -96 0
14 328 -784 -256 -256 0
14 329 -128 16 16 0
14 330 -176 384 384 0
14 331 752 0 0 0
14 332 -1600 -1099 -1099 0
14 333 -784 -64 -64 0
14 334 368 848 848 0
14 335 720 -752 -752 0
14 336 608 -48 -48 0
14 337 528 672 672 0
14 338 16 -384 -384 0
14 339 64 -240 -240 0
14 340 1088 1024 85 1
14 341 1392 -320 -320 0
14 342 -208 304 304 0
14 343 -896 -992 -992 0
14 344 -192 -320 -320 0
14 345 -656 -992 -992 0
14 346 880 224 224 0
14 347 528 -715 -715 0
14 348 -48 373 373 0
14 349 224 805 805 0
14 350 992 1141 202 1
14 351 800 48 48 0
14 352 0 608 608 0
14 353 0 69 69 0
14 354 -192 464 464 0
14 355 -656 -235 -235 0
14 356 144 96 96 0
14 357 -1008 -1392 -1392 0
14 358 -896 -336 -336 0
14 359 272 -480 -480 0
14 360 -128 -1136 -1136 0
14 361 -816 -1424 -1424 0
14 362 -240 -1040 -1040 0
14 363 0 -768 -768 0
14 364 608 -304 -304 0
14 365 720 -464 -464 0
14 366 800 32 32 0
14 367 0 -992 -992 0
14 368 480 384 384 0
14 369 -96 -187 -187 0
14 370 560 416 416 0
14 371 -128 154 154 0
14 372 -1136 -886 -886 0
14 373 -1712 -523 -523 0
14 374 32 90 90 0
14 375 0 864 864 0
14 376 416 480 480 0
14 377 64 613 613 0
14 378 1072 944 5 1
14 379 608 832 832 0
14 380 1328 752 752 0
14 381 1520 944 5 1
14 382 800 224 224 0
14 383 0 -384 -384 0
14 384 784 480 480 0
14 385 -160 -720 -720 0
14 386 624 464 464 0
14 387 -1728 -1104 -1104 0
14 388 784 -576 -576 0
14 389 -240 -400 -400 0
14 390 224 -1264 -1264 0
14 391 -160 624 624 0
14 392 800 1312 373 1
14 393 -1088 -752 -752 0
14 394 16 -688 -688 0
14 395 -800 -539 -539 0
14 396 640 -1600 -1600 0
14 397 -2016 -1232 -1232 0
14 398 -1488 -1776 -1776 0
14 399 784 1200 261 1
14 400 -144 432 432 0
14 401 512 224 224 0
14 402 560 -16 -16 0
14 403 -816 -576 -576 0
14 404 -704 -1664 -1664 0
14 405 768 -160 -160 0
14 406 -672 -2448 -2448 0
14 407 -768 -144 -144 0
14 408 -272 -48 -48 0
14 409 576 496 496 0
14 410 -656 -1424 -1424 0
14 411 512 -800 -800 0
14 412 64 -1152 -1152 0
14 413 -80 464 464 0
14 414 272 -160 -160 0
14 415 -240 21 21 0
14 416 0 -144 -144 0
14 417 0 592 592 0
14 418 -272 544 544 0
14 419 576 -1008 -1008 0
14 420 -288 -224 -224 0
14 421 -432 -368 -368 0
14 422 -768 -1472 -1472 0
14 423 -512 -251 -251 0
14 424 224 -208 -208 0
14 425 -160 -1120 -1120 0
14 426 -1344 -704 -704 0
14 427 0 -1456 -1456 0
14 428 -144 -1936 -1936 0
14 429 784 -496 -496 0
14 430 -240 -1936 -1936 0
14 431 0 -144 -144 0
14 432 80 704 704 0
14 433 624 -1152 -1152 0
14 434 -1584 -1467 -1467 0
14 435 224 -1232 -1232 0
14 436 -208 192 192 0
14 437 -928 -528 -528 0
14 438 -1856 -1728 -1728 0
14 439 0 181 181 0
14 440 -416 5 5 0
14 441 1360 192 192 0
14 442 -752 -603 -603 0
14 443 -144 -592 -592 0
14 444 640 432 432 0
14 445 544 336 336 0
14 446 -240 -448 -448 0
14 447 0 64 64 0
14 448 -576 -283 -283 0
14 449 -1264 -1840 -1840 0
14 450 224 -1040 -1040 0
14 451 -960 -736 -736 0
14 452 -576 -2272 -2272 0
14 453 -1392 -592 -592 0
14 454 -304 128 128 0
14 455 800 224 224 0
14 456 -480 -784 -784 0
14 457 1392 -176 -176 0
14 458 -752 -464 -464 0
14 459 -1536 -1488 -1488 0
14 460 320 -752 -752 0
14 461 688 112 112 0
14 462 432 -992 -992 0
14 463 -576 48 48 0
14 464 432 256 256 0
14 465 -304 -720 -720 0
14 466 -1872 -1307 -1307 0
14 467 1120 64 64 0
14 468 -144 -880 -880 0
14 469 -2272 -1648 -1648 0
14 470 -320 -304 -304 0
14 471 -176 48 48 0
14 472 272 -32 -32 0
14 473 -176 752 752 0
14 474 320 512 512 0
14 475 -304 -640 -640 0
14 476 -1296 -1552 -1552 0
14 477 144 -1824 -1824 0
14 478 -688 -1680 -1680 0
14 479 -1392 -1344 -1344 0
14 480 0 432 432 0
14 481 0 -176 -176 0
14 482 272 -640 -640 0
14 483 -176 -1984 -1984 0
14 484 -416 -1712 -1712 0
14 485 1072 784 784 0
14 486 -176 112 112 0
14 487 -112 -64 -64 0
14 488 -304 -171 -171 0
14 489 800 1024 85 1
14 490 0 -96 -96 0
14 491 0 -1184 -1184 0
14 492 432 816 816 0
14 493 -576 -80 -80 0
14 494 -1392 -1131 -1131 0
14 495 0 48 48 0
14 496 128 352 352 0
14 497 224 -768 -768 0
14 498 -1392 -912 -912 0
14 499 -304 -1952 -1952 0
14 500 768 -768 -768 0
14 501 624 -912 -912 0
14 502 -112 -1376 -1376 0
14 503 0 -2144 -2144 0
14 504 704 -48 -48 0
14 505 -752 -1552 -1552 0
14 506 -1504 -1984 -1984 0
14 507 432 -976 -976 0
14 508 -144 -160 -160 0
14 509 -1968 -1984 -1984 0
14 510 -1392 -1408 -1408 0
14 511 0 -288 -288 0
14 512 -96 480 480 0
14 513 128 480 480 0
14 514 32 160 160 0
14 515 1008 1040 101 1
14 516 -96 32 32 0
14 517 112 240 240 0
14 518 -432 464 464 0
14 519 128 32 32 0
14 520 -336 -1008 -1008 0
14 521 384 592 592 0
14 522 448 272 272 0
14 523 -512 -384 -384 0
14 524 -208 245 245 0
14 525 960 864 864 0
14 526 896 0 0 0
14 527 -96 128 128 0
14 528 448 544 544 0
14 529 -672 -720 -720 0
14 530 -224 -224 -224 0
14 531 960 976 37 1
14 532 800 416 416 0
14 533 -416 256 256 0
14 534 -336 512 512 0
14 535 544 576 576 0
14 536 -576 -1008 -1008 0
14 537 96 240 240 0
14 538 832 304 304 0
14 539 -672 -379 -379 0
14 540 -368 -123 -123 0
14 541 928 944 5 1
14 542 288 -160 -160 0
14 543 112 240 240 0
14 544 0 448 448 0
14 545 0 -656 -656 0
14 546 -576 112 112 0
14 547 96 368 368 0
14 548 -48 -416 -416 0
14 549 -448 32 32 0
14 550 544 368 368 0
14 551 384 512 512 0
14 552 -432 -880 -880 0
14 553 128 112 112 0
14 554 448 -48 -48 0
14 555 0 736 736 0
14 556 448 976 37 1
14 557 -96 48 48 0
14 558 112 128 128 0
14 559 0 576 576 0
14 560 16 48 48 0
14 561 32 32 32 0
14 562 560 1136 197 1
14 563 -432 -75 -75 0
14 564 -880 -416 -416 0
14 565 672 1136 197 1
14 566 832 720 720 0
14 567 0 112 112 0
14 568 -128 -128 -128 0
14 569 0 368 368 0
14 570 496 -80 -80 0
14 571 448 464 464 0
14 572 352 256 256 0
14 573 16 -80 -80 0
14 574 112 16 16 0
14 575 0 480 480 0
14 576 288 -336 -336 0
14 577 1120 256 256 0
14 578 -528 -347 -347 0
14 579 -512 -1040 -1040 0
14 580 288 64 64 0
14 581 448 -368 -368 0
14 582 480 -480 -480 0
14 583 -816 -528 -528 0
14 584 640 752 752 0
14 585 -448 160 160 0
14 586 -704 144 144 0
14 587 1104 736 736 0
14 588 -176 -336 -336 0
14 589 -1616 -1328 -1328 0
14 590 -960 -208 -208 0
14 591 288 -368 -368 0
14 592 192 352 352 0
14 593 112 944 5 1
14 594 1088 288 288 0
14 595 -272 -496 -496 0
14 596 -672 -384 -384 0
14 597 1216 -592 -592 0
14 598 -544 -672 -672 0
14 599 -992 -1520 -1520 0
14 600 -176 304 304 0
14 601 160 16 16 0
14 602 544 -832 -832 0
14 603 112 -1056 -1056 0
14 604 432 112 112 0
14 605 704 1440 501 1
14 606 640 645 645 0
14 607 448 80 80 0
14 608 0 192 192 0
14 609 0 784 784 0
14 610 -176 96 96 0
14 611 160 -80 -80 0
14 612 832 1264 325 1
14 613 -992 -480 -480 0
14 614 -992 -144 -144 0
14 615 352 -16 -16 0
14 616 480 -512 -512 0
14 617 -816 -1312 -1312 0
14 618 -1152 -864 -864 0
14 619 0 -528 -528 0
14 620 192 -944 -944 0
14 621 288 -1200 -1200 0
14 622 448 -1024 -1024 0
14 623 0 -1520 -1520 0
14 624 672 144 144 0
14 625 -528 -736 -736 0
14 626 -704 -880 -880 0
14 627 480 608 608 0
14 628 -512 416 416 0
14 629 -1808 -880 -880 0
14 630 -800 -48 -48 0
14 631 0 896 896 0
14 632 16 464 464 0
14 633 448 1264 325 1
14 634 800 1072 133 1
14 635 192 37 37 0
14 636 480 816 816 0
14 637 736 1072 133 1
14 638 448 784 784 0
14 639 0 512 512 0
14 640 -1408 -3472 -3472 0
14 641 -3216 -6272 -6272 0
14 642 -2080 -5296 -5296 0
14 643 -3808 -5888 -5888 0
14 644 -1408 -4880 -4880 0
14 645 -768 -1440 -1440 0
14 646 -1056 -4096 -4096 0
14 647 -672 -2080 -2080 0
14 648 -2016 -5040 -5040 0
14 649 -5408 -7136 -7136 0
14 650 -4016 -9808 -9808 0
14 651 -5168 -8208 -8208 0
14 652 -2688 -8224 -8224 0
14 653 -4048 -5456 -5456 0
14 654 -3040 -6480 -6480 0
14 655 -1408 -3040 -3040 0
14 656 -1392 -2352 -2352 0
14 657 -3024 -5808 -5808 0
14 658 -2784 -6464 -6464 0
14 659 -3792 -8864 -8864 0
14 660 -4448 -10288 -10288 0
14 661 -3232 -6512 -6512 0
14 662 -3056 -8880 -8880 0
14 663 -2608 -4688 -4688 0
14 664 -1616 -2672 -2672 0
14 665 -960 -4080 -4080 0
14 666 -3120 -9520 -9520 0
14 667 -3024 -8464 -8464 0
14 668 -3344 -9520 -9520 0
14 669 -4080 -6256 -6256 0
14 670 -3136 -7968 -7968 0
14 671 -768 -3808 -3808 0
14 672 0 -1392 -1392 0
14 673 0 -5472 -5472 0
14 674 -1616 -6816 -6816 0
14 675 -960 -8128 -8128 0
14 676 -2784 -6128 -6128 0
14 677 -2288 -4976 -4976 0
14 678 -2608 -8400 -8400 0
14 679 -1728 -4768 -4768 0
14 680 -1056 -3344 -3344 0
14 681 -672 -7344 -7344 0
14 682 -1648 -9088 -9088 0
14 683 0 -6832 -6832 0
14 684 -1392 -6496 -6496 0
14 685 -1408 -4784 -4784 0
14 686 -768 -7152 -7152 0
14 687 0 -4688 -4688 0
14 688 -2448 -4528 -4528 0
14 689 -2080 -8560 -8560 0
14 690 -2416 -6848 -6848 0
14 691 -1056 -8000 -8000 0
14 692 -3344 -6912 -6912 0
14 693 -3280 -6848 -6848 0
14 694 -3376 -8560 -8560 0
14 695 0 -3136 -3136 0
14 696 -3008 -5376 -5376 0
14 697 -2368 -7872 -7872 0
14 698 -2496 -6480 -6480 0
14 699 -1392 -6464 -6464 0
14 700 -2800 -7104 -7104 0
14 701 -2176 -6480 -6480 0
14 702 -768 -5072 -5072 0
14 703 0 -2688 -2688 0
14 704 -1392 -1504 -1504 0
14 705 -144 -1760 -1760 0
14 706 -720 -864 -864 0
14 707 -864 -1584 -1584 0
14 708 -1392 -976 -976 0
14 709 144 816 816 0
14 710 496 -512 -512 0
14 711 672 -720 -720 0
14 712 592 -224 -224 0
14 713 816 1056 117 1
14 714 -1520 -880 -880 0
14 715 1568 944 5 1
14 716 1264 752 752 0
14 717 800 -592 -592 0
14 718 -1008 -731 -731 0
14 719 -1392 -624 -624 0
14 720 -784 -688 -688 0
14 721 -816 32 32 0
14 722 736 261 261 0
14 723 240 -784 -784 0
14 724 -2400 -2038 -2038 0
14 725 -752 -208 -208 0
14 726 1392 1232 293 1
14 727 -128 -848 -848 0
14 728 576 1072 133 1
14 729 96 480 480 0
14 730 -432 -304 -304 0
14 731 -816 -912 -912 0
14 732 816 -1232 -1232 0
14 733 -336 -1584 -1584 0
14 734 -1040 -608 -608 0
14 735 144 -480 -480 0
14 736 0 -784 -784 0
14 737 0 -1104 -1104 0
14 738 576 -688 -688 0
14 739 96 -448 -448 0
14 740 848 1664 725 1
14 741 1248 1696 757 1
14 742 -128 -427 -427 0
14 743 352 -272 -272 0
14 744 496 805 805 0
14 745 672 832 832 0
14 746 -224 -363 -363 0
14 747 0 597 597 0
14 748 -784 -427 -427 0
14 749 -1392 -1387 -1387 0
14 750 144 880 880 0
14 751 0 -848 -848 0
14 752 -288 -1008 -1008 0
14 753 -720 -512 -512 0
14 754 -80 -1488 -1488 0
14 755 496 -1408 -1408 0
14 756 1744 -288 -288 0
14 757 544 -1488 -1488 0
14 758 128 -1328 -1328 0
14 759 0 -1152 -1152 0
14 760 -208 -1504 -1504 0
14 761 -1296 -1008 -1008 0
14 762 496 -224 -224 0
14 763 -784 -555 -555 0
14 764 -2176 -2091 -2091 0
14 765 -1248 -1163 -1163 0
14 766 144 229 229 0
14 767 0 448 448 0
14 768 416 160 160 0
14 769 -320 -272 -272 0
14 770 896 576 576 0
14 771 -624 272 272 0
14 772 416 464 464 0
14 773 480 960 21 1
14 774 -64 -1168 -1168 0
14 775 480 896 896 0
14 776 768 768 768 0
14 777 -1040 -667 -667 0
14 778 880 -704 -704 0
14 779 -368 421 421 0
14 780 1248 256 256 0
14 781 -256 160 160 0
14 782 -1104 -1104 -1104 0
14 783 416 789 789 0
14 784 -736 96 96 0
14 785 0 -432 -432 0
14 786 1248 576 576 0
14 787 -624 192 192 0
14 788 -688 -576 -576 0
14 789 832 837 837 0
14 790 544 -992 -992 0
14 791 464 1360 421 1
14 792 -416 -480 -480 0
14 793 832 512 512 0
14 794 -1104 -1056 -1056 0
14 795 0 688 688 0
14 796 896 -160 -160 0
14 797 -272 624 624 0
14 798 48 -688 -688 0
14 799 480 1269 330 1
14 800 0 -736 -736 0
14 801 0 -800 -800 0
14 802 -416 117 117 0
14 803 832 576 576 0
14 804 -432 464 464 0
14 805 64 528 528 0
14 806 464 -1120 -1120 0
14 807 -368 421 421 0
14 808 -64 0 0 0
14 809 480 -272 -272 0
14 810 -368 512 512 0
14 811 0 53 53 0
14 812 -736 -1056 -1056 0
14 813 416 464 464 0
14 814 480 -624 -624 0
14 815 0 421 421 0
14 816 -800 96 96 0
14 817 896 -208 -208 0
14 818 112 165 165 0
14 819 -64 -640 -640 0
14 820 0 160 160 0
14 821 944 1104 165 1
14 822 -736 -992 -992 0
14 823 0 789 789 0
14 824 -1152 -843 -843 0
14 825 1248 208 208 0
14 826 112 944 5 1
14 827 -736 -1147 -1147 0
14 828 -320 -272 -272 0
14 829 896 944 5 1
14 830 480 528 528 0
14 831 0 464 464 0
14 832 144 608 608 0
14 833 864 944 5 1
14 834 864 1728 789 1
14 835 320 1184 245 1
14 836 144 261 261 0
14 837 640 1360 421 1
14 838 480 160 160 0
14 839 720 864 864 0
14 840 -48 -96 -96 0
14 841 -16 96 96 0
14 842 -448 -704 -704 0
14 843 640 976 37 1
14 844 672 704 704 0
14 845 368 512 512 0
14 846 -320 608 608 0
14 847 144 336 336 0
14 848 -256 -784 -784 0
14 849 -48 144 144 0
14 850 592 864 864 0
14 851 176 208 208 0
14 852 -176 245 245 0
14 853 1264 1392 453 1
14 854 1168 1040 101 1
14 855 -592 272 272 0
14 856 -192 288 288 0
14 857 -528 -523 -523 0
14 858 -544 -395 -395 0
14 859 -48 464 464 0
14 860 -80 -544 -544 0
14 861 -1072 -288 -288 0
14 862 -144 528 528 0
14 863 640 976 37 1
14 864 0 -256 -256 0
14 865 0 176 176 0
14 866 -192 528 528 0
14 867 -528 -288 -288 0
14 868 192 112 112 0
14 869 528 -288 -288 0
14 870 -592 -848 -848 0
14 871 -288 48 48 0
14 872 480 1008 69 1
14 873 720 160 160 0
14 874 -64 -667 -667 0
14 875 0 21 21 0
14 876 -256 592 592 0
14 877 144 341 341 0
14 878 640 1328 389 1
14 879 0 272 272 0
14 880 224 1088 149 1
14 881 864 1472 533 1
14 882 576 656 656 0
14 883 480 656 656 0
14 884 1008 1536 597 1
14 885 128 656 656 0
14 886 -352 -16 -16 0
14 887 0 256 256 0
14 888 -448 -832 -832 0
14 889 -384 -480 -480 0
14 890 352 -224 -224 0
14 891 -256 -624 -624 0
14 892 -112 -1120 -1120 0
14 893 784 -224 -224 0
14 894 640 -368 -368 0
14 895 0 -816 -816 0
14 896 -704 -640 -640 0
14 897 576 -368 -368 0
14 898 -528 48 48 0
14 899 176 -352 -352 0
14 900 -704 -256 -256 0
14 901 528 704 704 0
14 902 160 -192 -192 0
14 903 176 -528 -528 0
14 904 816 352 352 0
14 905 -176 69 69 0
14 906 -288 -480 -480 0
14 907 448 576 576 0
14 908 992 688 688 0
14 909 -544 -1248 -1248 0
14 910 -352 576 576 0
14 911 -704 128 128 0
14 912 -112 544 544 0
14 913 -464 -784 -784 0
14 914 1344 1648 709 1
14 915 -416 -544 -544 0
14 916 -1056 -432 -432 0
14 917 -16 576 576 0
14 918 944 272 272 0
14 919 416 -112 -112 0
14 920 240 400 400 0
14 921 656 880 880 0
14 922 -592 -960 -960 0
14 923 -464 -395 -395 0
14 924 1424 -112 -112 0
14 925 64 -112 -112 0
14 926 -1184 -368 -368 0
14 927 528 656 656 0
14 928 0 -112 -112 0
14 929 0 -416 -416 0
14 930 240 784 784 0
14 931 656 0 0 0
14 932 -320 165 165 0
14 933 416 592 592 0
14 934 416 224 224 0
14 935 -480 -352 -352 0
14 936 160 576 576 0
14 937 176 880 880 0
14 938 -240 -192 -192 0
14 939 0 800 800 0
14 940 -112 -496 -496 0
14 941 -704 -608 -608 0
14 942 528 752 752 0
14 943 0 -112 -112 0
14 944 48 -480 -480 0
14 945 -528 48 48 0
14 946 288 304 304 0
14 947 160 -848 -848 0
14 948 576 288 288 0
14 949 592 304 304 0
14 950 -720 -768 -768 0
14 951 0 480 480 0
14 952 128 80 80 0
14 953 -48 128 128 0
14 954 48 240 240 0
14 955 -112 -107 -107 0
14 956 -816 -400 -400 0
14 957 -176 240 240 0
14 958 528 944 5 1
14 959 0 176 176 0
14 960 -1536 -4224 -4224 0
14 961 -3152 -6448 -6448 0
14 962 -3056 -6208 -6208 0
14 963 -3872 -6928 -6928 0
14 964 -1536 -5280 -5280 0
14 965 -944 -2464 -2464 0
14 966 -1040 -3968 -3968 0
14 967 -1520 -3056 -3056 0
14 968 -2064 -4608 -4608 0
14 969 -5296 -7264 -7264 0
14 970 -4320 -9136 -9136 0
14 971 -4592 -8672 -8672 0
14 972 -3584 -9056 -9056 0
14 973 -4880 -6416 -6416 0
14 974 -2928 -5920 -5920 0
14 975 -1536 -4080 -4080 0
14 976 -1168 -2192 -2192 0
14 977 -2544 -5184 -5184 0
14 978 -3008 -6704 -6704 0
14 979 -4288 -9648 -9648 0
14 980 -4464 -10576 -10576 0
14 981 -3520 -7824 -7824 0
14 982 -3472 -9040 -9040 0
14 983 -2784 -5840 -5840 0
14 984 -1008 -2048 -2048 0
14 985 -1024 -4752 -4752 0
14 986 -2768 -9632 -9632 0
14 987 -2544 -8960 -8960 0
14 988 -2976 -9040 -9040 0
14 989 -3792 -6272 -6272 0
14 990 -3136 -7296 -7296 0
14 991 -944 -5024 -5024 0
14 992 0 -1168 -1168 0
14 993 0 -4752 -4752 0
14 994 -1008 -7200 -7200 0
14 995 -1024 -7872 -7872 0
14 996 -2640 -5616 -5616 0
14 997 -2528 -5152 -5152 0
14 998 -2784 -7600 -7600 0
14 999 -1600 -5680 -5680 0
14 1000 -1040 -3568 -3568 0
14 1001 -1520 -7520 -7520 0
14 1002 -1760 -9488 -9488 0
14 1003 0 -7888 -7888 0
14 1004 -1168 -7088 -7088 0
14 1005 -1536 -5856 -5856 0
14 1006 -944 -7440 -7440 0
14 1007 0 -5840 -5840 0
14 1008 -2208 -5264 -5264 0
14 1009 -3056 -8976 -8976 0
14 1010 -2704 -7952 -7952 0
14 1011 -1040 -8048 -8048 0
14 1012 -3568 -7216 -7216 0
14 1013 -4304 -7952 -7952 0
14 1014 -3360 -8016 -8016 0
14 1015 0 -3504 -3504 0
14 1016 -2176 -4736 -4736 0
14 1017 -2560 -7280 -7280 0
14 1018 -2544 -6112 -6112 0
14 1019 -1168 -5744 -5744 0
14 1020 -2704 -6336 -6336 0
14 1021 -2480 -6112 -6112 0
14 1022 -944 -4576 -4576 0
14 1023 0 -2624 -2624 0
15 0 -1824 -4560 -4560 0
15 1 -1280 -6752 -6752 0
15 2 -656 -6752 -6752 0
15 3 0 -4928 -4928 0
15 4 -608 -5472 -5472 0
15 5 -3280 -6096 -6096 0
15 6 -3664 -6752 -6752 0
15 7 -2192 -4320 -4320 0
15 8 -1888 -6592 -6592 0
15 9 -1504 -7856 -7856 0
15 10 -1536 -8400 -8400 0
15 11 0 -8416 -8416 0
15 12 -1264 -8832 -8832 0
15 13 -4464 -8144 -8144 0
15 14 -3792 -9680 -9680 0
15 15 -3088 -5984 -5984 0
15 16 -3392 -4768 -4768 0
15 17 -2960 -7792 -7792 0
15 18 -896 -8176 -8176 0
15 19 0 -6880 -6880 0
15 20 0 -8912 -8912 0
15 21 -1872 -8784 -8784 0
15 22 -1616 -9680 -9680 0
15 23 -2432 -5984 -5984 0
15 24 -1616 -4704 -4704 0
15 25 -2432 -6912 -6912 0
15 26 0 -7376 -7376 0
15 27 -1824 -8784 -8784 0
15 28 -3104 -9680 -9680 0
15 29 -5024 -9680 -9680 0
15 30 -2704 -9680 -9680 0
15 31 -1552 -5984 -5984 0
15 32 -2592 -3200 -3200 0
15 33 -2176 -6720 -6720 0
15 34 -656 -6960 -6960 0
15 35 -608 -6576 -6576 0
15 36 -1456 -7744 -7744 0
15 37 -2992 -7200 -7200 0
15 38 -2384 -8400 -8400 0
15 39 -1536 -5328 -5328 0
15 40 -608 -4976 -4976 0
15 41 -848 -7248 -7248 0
15 42 -1536 -9072 -9072 0
15 43 -1264 -8224 -8224 0
15 44 -2032 -7296 -7296 0
15 45 -2928 -7536 -7536 0
15 46 -1664 -8832 -8832 0
15 47 -896 -4448 -4448 0
15 48 -1264 -5824 -5824 0
15 49 -768 -8784 -8784 0
15 50 -896 -6592 -6592 0
15 51 0 -6368 -6368 0
15 52 0 -7360 -7360 0
15 53 0 -5696 -5696 0
15 54 0 -5808 -5808 0
15 55 0 -3152 -3152 0
15 56 0 -3488 -3488 0
15 57 0 -5920 -5920 0
15 58 0 -5312 -5312 0
15 59 0 -5072 -5072 0
15 60 0 -4384 -4384 0
15 61 0 -5312 -5312 0
15 62 0 -4464 -4464 0
15 63 0 -1664 -1664 0
15 64 -1456 -1440 -1440 0
15 65 -800 -2112 -2112 0
15 66 -1216 -2112 -2112 0
15 67 0 -656 -656 0
15 68 560 -1312 -1312 0
15 69 -640 -896 -896 0
15 70 0 -2112 -2112 0
15 71 -672 -1216 -1216 0
15 72 -240 -1056 -1056 0
15 73 -960 -704 -704 0
15 74 544 -1360 -1360 0
15 75 0 -1504 -1504 0
15 76 256 -2416 -2416 0
15 77 -512 -2704 -2704 0
15 78 -848 -2160 -2160 0
15 79 -1104 -1520 -1520 0
15 80 -288 400 400 0
15 81 -544 -1920 -1920 0
15 82 -432 -1200 -1200 0
15 83 0 -2960 -2960 0
15 84 0 -2288 -2288 0
15 85 816 -1728 -1728 0
15 86 384 -2160 -2160 0
15 87 112 -1520 -1520 0
15 88 384 -816 -816 0
15 89 112 -1456 -1456 0
15 90 0 -2832 -2832 0
15 91 -1456 -2667 -2667 0
15 92 -2256 -2160 -2160 0
15 93 -3216 -3099 -3099 0
15 94 -1888 -3099 -3099 0
15 95 -1648 -1520 -1520 0
15 96 -1328 -768 -768 0
15 97 -1232 -1616 -1616 0
15 98 -1216 -1211 -1211 0
15 99 560 96 96 0
15 100 816 -144 -144 0
15 101 1360 512 512 0
15 102 800 -1360 -1360 0
15 103 544 -304 -304 0
15 104 560 -1440 -1440 0
15 105 256 -2272 -2272 0
15 106 544 -2720 -2720 0
15 107 256 -2976 -2976 0
15 108 384 -2960 -2960 0
15 109 -48 -3264 -3264 0
15 110 -304 -2416 -2416 0
15 111 -432 -2064 -2064 0
15 112 256 -1184 -1184 0
15 113 128 -1728 -1728 0
15 114 -432 -960 -960 0
15 115 0 -1744 -1744 0
15 116 0 -1579 -1579 0
15 117 0 -1467 -1467 0
15 118 0 -971 -971 0
15 119 0 928 928 0
15 120 0 261 261 0
15 121 0 373 373 0
15 122 0 752 752 0
15 123 0 117 117 0
15 124 0 768 768 0
15 125 0 752 752 0
15 126 0 496 496 0
15 127 0 -304 -304 0
15 128 -1056 -192 -192 0
15 129 384 -1392 -1392 0
15 130 64 -1392 -1392 0
15 131 0 -336 -336 0
15 132 -64 -1776 -1776 0
15 133 -576 -1456 -1456 0
15 134 -336 -1392 -1392 0
15 135 -1200 -272 -272 0
15 136 320 -1152 -1152 0
15 137 608 -1232 -1232 0
15 138 -1264 -2672 -2672 0
15 139 0 -3227 -3227 0
15 140 -1344 -2832 -2832 0
15 141 -2080 -1963 -1963 0
15 142 1376 -2288 -2288 0
15 143 -1136 -763 -763 0
15 144 -416 -96 -96 0
15 145 -816 -2608 -2608 0
15 146 64 -2896 -2896 0
15 147 0 320 320 0
15 148 0 -2672 -2672 0
15 149 -1408 -2352 -2352 0
15 150 928 -2288 -2288 0
15 151 -1200 -763 -763 0
15 152 928 -1472 -1472 0
15 153 -1200 -1552 -1552 0
15 154 0 -1408 -1408 0
15 155 -1056 -2352 -2352 0
15 156 -672 -2288 -2288 0
15 157 -1952 -2288 -2288 0
15 158 832 -2288 -2288 0
15 159 128 -763 -763 0
15 160 -672 -736 -736 0
15 161 448 -1472 -1472 0
15 162 64 -1296 -1296 0
15 163 -64 -1616 -1616 0
15 164 480 -2736 -2736 0
15 165 -784 -1296 -1296 0
15 166 -720 -2672 -2672 0
15 167 -1264 -827 -827 0
15 168 -64 -2080 -2080 0
15 169 544 -1088 -1088 0
15 170 -1264 -2224 -2224 0
15 171 -1344 -2768 -2768 0
15 172 -960 -1568 -1568 0
15 173 -896 -960 -960 0
15 174 448 -2832 -2832 0
15 175 64 501 501 0
15 176 -1344 -1536 -1536 0
15 177 384 -2352 -2352 0
15 178 64 -827 -827 0
15 179 0 -1712 -1712 0
15 180 0 -2800 -2800 0
15 181 0 48 48 0
15 182 0 -2000 -2000 0
15 183 0 -336 -336 0
15 184 0 -480 -480 0
15 185 0 -1680 -1680 0
15 186 0 -1616 -1616 0
15 187 0 -2224 -2224 0
15 188 0 -416 -416 0
15 189 0 -1616 -1616 0
15 190 0 -2160 -2160 0
15 191 0 448 448 0
15 192 144 -272 -272 0
15 193 -752 64 64 0
15 194 176 64 64 0
15 195 0 -80 -80 0
15 196 496 816 816 0
15 197 480 -112 -112 0
15 198 -752 64 64 0
15 199 336 -576 -576 0
15 200 -256 304 304 0
15 201 16 528 528 0
15 202 160 485 485 0
15 203 0 0 0 0
15 204 224 832 832 0
15 205 1216 512 512 0
15 206 -528 -267 -267 0
15 207 368 -192 -192 0
15 208 -688 160 160 0
15 209 688 928 928 0
15 210 32 656 656 0
15 211 0 288 288 0
15 212 0 320 320 0
15 213 720 640 640 0
15 214 192 672 672 0
15 215 192 -192 -192 0
15 216 192 560 560 0
15 217 192 432 432 0
15 218 0 160 160 0
15 219 144 640 640 0
15 220 -608 -267 -267 0
15 221 -208 672 672 0
15 222 -224 -267 -267 0
15 223 208 -192 -192 0
15 224 496 992 53 1
15 225 -720 -16 -16 0
15 226 176 496 496 0
15 227 496 1280 341 1
15 228 336 1248 309 1
15 229 496 352 352 0
15 230 0 485 485 0
15 231 160 -368 -368 0
15 232 496 112 112 0
15 233 -160 -459 -459 0
15 234 160 176 176 0
15 235 224 336 336 0
15 236 576 672 672 0
15 237 608 16 16 0
15 238 384 832 832 0
15 239 32 -352 -352 0
15 240 224 -48 -48 0
15 241 352 -299 -299 0
15 242 32 304 304 0
15 243 0 848 848 0
15 244 0 112 112 0
15 245 0 272 272 0
15 246 0 928 928 0
15 247 0 352 352 0
15 248 0 912 912 0
15 249 0 165 165 0
15 250 0 608 608 0
15 251 0 325 325 0
15 252 0 5 5 0
15 253 0 608 608 0
15 254 0 768 768 0
15 255 0 384 384 0
15 256 -1216 -5824 -5824 0
15 257 -1664 -9488 -9488 0
15 258 -1744 -9488 -9488 0
15 259 0 -8272 -8272 0
15 260 -1168 -7824 -7824 0
15 261 -4160 -7744 -7744 0
15 262 -5360 -9488 -9488 0
15 263 -3664 -7104 -7104 0
15 264 -2832 -9680 -9680 0
15 265 -3520 -14048 -14048 0
15 266 -1920 -13600 -13600 0
15 267 0 -12352 -12352 0
15 268 -2032 -13488 -13488 0
15 269 -6240 -13344 -13344 0
15 270 -7184 -15264 -15264 0
15 271 -5584 -10848 -10848 0
15 272 -5472 -8464 -8464 0
15 273 -5488 -12432 -12432 0
15 274 -1920 -11744 -11744 0
15 275 0 -11312 -11312 0
15 276 0 -13440 -13440 0
15 277 -3200 -13344 -13344 0
15 278 -3600 -15264 -15264 0
15 279 -3840 -10848 -10848 0
15 280 -3600 -6848 -6848 0
15 281 -3840 -9712 -9712 0
15 282 0 -11520 -11520 0
15 283 -1216 -13344 -13344 0
15 284 -2880 -15264 -15264 0
15 285 -6656 -15264 -15264 0
15 286 -5232 -15264 -15264 0
15 287 -3664 -10848 -10848 0
15 288 -3040 -4208 -4208 0
15 289 -3584 -9776 -9776 0
15 290 -1744 -12128 -12128 0
15 291 -1168 -12384 -12384 0
15 292 -2944 -11856 -11856 0
15 293 -4864 -12304 -12304 0
15 294 -3696 -13600 -13600 0
15 295 -1920 -9104 -9104 0
15 296 -1168 -6080 -6080 0
15 297 -1776 -11424 -11424 0
15 298 -1920 -14096 -14096 0
15 299 -2032 -12320 -12320 0
15 300 -3856 -11568 -11568 0
15 301 -5776 -12176 -12176 0
15 302 -3744 -13488 -13488 0
15 303 -1920 -8928 -8928 0
15 304 -2032 -7856 -7856 0
15 305 -1824 -13344 -13344 0
15 306 -1920 -12016 -12016 0
15 307 0 -9744 -9744 0
15 308 0 -9776 -9776 0
15 309 0 -10096 -10096 0
15 310 0 -10560 -10560 0
15 311 0 -5520 -5520 0
15 312 0 -6800 -6800 0
15 313 0 -10640 -10640 0
15 314 0 -9472 -9472 0
15 315 0 -8864 -8864 0
15 316 0 -8720 -8720 0
15 317 0 -9472 -9472 0
15 318 0 -7696 -7696 0
15 319 0 -3744 -3744 0
15 320 -128 384 384 0
15 321 -816 5 5 0
15 322 -240 5 5 0
15 323 0 133 133 0
15 324 608 821 821 0
15 325 1200 1184 245 1
15 326 704 944 5 1
15 327 560 464 464 0
15 328 -208 -464 -464 0
15 329 480 496 496 0
15 330 800 1184 245 1
15 331 0 0 0 0
15 332 -192 -1291 -1291 0
15 333 -368 -432 -432 0
15 334 -480 368 368 0
15 335 832 80 80 0
15 336 -288 -336 -336 0
15 337 -96 576 576 0
15 338 272 -112 -112 0
15 339 0 -240 -240 0
15 340 0 85 85 0
15 341 416 96 96 0
15 342 64 368 368 0
15 343 1072 80 80 0
15 344 64 -256 -256 0
15 345 1072 80 80 0
15 346 0 224 224 0
15 347 -128 -843 -843 0
15 348 -944 -571 -571 0
15 349 -1376 -571 -571 0
15 350 -1712 -1510 -1510 0
15 351 32 80 80 0
15 352 -784 -176 -176 0
15 353 -544 -475 -475 0
15 354 -240 224 224 0
15 355 608 373 373 0
15 356 1328 1424 485 1
15 357 2128 736 736 0
15 358 1520 1184 245 1
15 359 800 320 320 0
15 360 608 -528 -528 0
15 361 720 -704 -704 0
15 362 800 -240 -240 0
15 363 -192 -960 -960 0
15 364 -848 -1152 -1152 0
15 365 -576 -1040 -1040 0
15 366 -384 -352 -352 0
15 367 272 -720 -720 0
15 368 -192 192 192 0
15 369 -656 -843 -843 0
15 370 272 688 688 0
15 371 0 154 154 0
15 372 0 -886 -886 0
15 373 0 -523 -523 0
15 374 0 90 90 0
15 375 0 864 864 0
15 376 0 480 480 0
15 377 0 613 613 0
15 378 0 5 5 0
15 379 0 832 832 0
15 380 0 752 752 0
15 381 0 5 5 0
15 382 0 224 224 0
15 383 0 -384 -384 0
15 384 224 704 704 0
15 385 -160 -880 -880 0
15 386 -1344 -880 -880 0
15 387 0 -1104 -1104 0
15 388 -144 -720 -720 0
15 389 864 464 464 0
15 390 384 -880 -880 0
15 391 -1584 -960 -960 0
15 392 -304 69 69 0
15 393 -560 -1312 -1312 0
15 394 -240 -928 -928 0
15 395 0 -539 -539 0
15 396 -272 -1872 -1872 0
15 397 384 -848 -848 0
15 398 688 -1088 -1088 0
15 399 -2096 -1835 -1835 0
15 400 352 784 784 0
15 401 -1008 -784 -784 0
15 402 -512 -528 -528 0
15 403 0 -576 -576 0
15 404 0 -1664 -1664 0
15 405 -416 -576 -576 0
15 406 1360 -1088 -1088 0
15 407 -752 -896 -896 0
15 408 1360 1312 373 1
15 409 -752 -256 -256 0
15 410 0 -1424 -1424 0
15 411 224 -576 -576 0
15 412 64 -1088 -1088 0
15 413 -1552 -1088 -1088 0
15 414 -928 -1088 -1088 0
15 415 -1856 -1835 -1835 0
15 416 800 656 656 0
15 417 -672 -80 -80 0
15 418 -1344 -800 -800 0
15 419 -144 -1152 -1152 0
15 420 640 416 416 0
15 421 400 32 32 0
15 422 544 -928 -928 0
15 423 -240 -491 -491 0
15 424 -144 -352 -352 0
15 425 784 -336 -336 0
15 426 -240 -944 -944 0
15 427 -272 -1728 -1728 0
15 428 304 -1632 -1632 0
15 429 -208 -704 -704 0
15 430 64 -1872 -1872 0
15 431 -512 -656 -656 0
15 432 -272 432 432 0
15 433 576 -576 -576 0
15 434 -512 -1979 -1979 0
15 435 0 -1232 -1232 0
15 436 0 192 192 0
15 437 0 -528 -528 0
15 438 0 -1728 -1728 0
15 439 0 181 181 0
15 440 0 5 5 0
15 441 0 192 192 0
15 442 0 -603 -603 0
15 443 0 -592 -592 0
15 444 0 432 432 0
15 445 0 336 336 0
15 446 0 -448 -448 0
15 447 0 64 64 0
15 448 -304 -587 -587 0
15 449 800 -1040 -1040 0
15 450 0 -1040 -1040 0
15 451 0 -736 -736 0
15 452 432 -1840 -1840 0
15 453 -448 -1040 -1040 0
15 454 -1168 -1040 -1040 0
15 455 -1392 -1168 -1168 0
15 456 1232 448 448 0
15 457 -576 -752 -752 0
15 458 -1392 -1856 -1856 0
15 459 0 -1488 -1488 0
15 460 272 -480 -480 0
15 461 224 336 336 0
15 462 -64 -1056 -1056 0
15 463 -1504 -1456 -1456 0
15 464 496 752 752 0
15 465 -1568 -2288 -2288 0
15 466 -112 -1419 -1419 0
15 467 0 64 64 0
15 468 0 -880 -880 0
15 469 704 -944 -944 0
15 470 -752 -1056 -1056 0
15 471 -1504 -1456 -1456 0
15 472 -752 -784 -784 0
15 473 -1504 -752 -752 0
15 474 0 512 512 0
15 475 -304 -944 -944 0
15 476 496 -1056 -1056 0
15 477 768 -1056 -1056 0
15 478 624 -1056 -1056 0
15 479 -112 -1456 -1456 0
15 480 -480 -48 -48 0
15 481 688 512 512 0
15 482 0 -640 -640 0
15 483 432 -1552 -1552 0
15 484 -144 -1856 -1856 0
15 485 -1536 -752 -752 0
15 486 -1968 -1856 -1856 0
15 487 -1392 -1456 -1456 0
15 488 432 261 261 0
15 489 -576 -491 -491 0
15 490 -1392 -1488 -1488 0
15 491 272 -912 -912 0
15 492 96 912 912 0
15 493 -16 -96 -96 0
15 494 -288 -1419 -1419 0
15 495 -112 -64 -64 0
15 496 272 624 624 0
15 497 -176 -944 -944 0
15 498 -112 -1024 -1024 0
15 499 0 -1952 -1952 0
15 500 0 -768 -768 0
15 501 0 -912 -912 0
15 502 0 -1376 -1376 0
15 503 0 -2144 -2144 0
15 504 0 -48 -48 0
15 505 0 -1552 -1552 0
15 506 0 -1984 -1984 0
15 507 0 -976 -976 0
15 508 0 -160 -160 0
15 509 0 -1984 -1984 0
15 510 0 -1408 -1408 0
15 511 0 -288 -288 0
15 512 -432 48 48 0
15 513 128 608 608 0
15 514 448 608 608 0
15 515 0 101 101 0
15 516 448 480 480 0
15 517 -80 160 160 0
15 518 144 608 608 0
15 519 560 592 592 0
15 520 576 -432 -432 0
15 521 352 944 5 1
15 522 112 384 384 0
15 523 0 -384 -384 0
15 524 -576 -331 -331 0
15 525 -464 400 400 0
15 526 512 512 512 0
15 527 944 1072 133 1
15 528 -544 0 0 0
15 529 656 -64 -64 0
15 530 384 160 160 0
15 531 0 37 37 0
15 532 0 416 416 0
15 533 -128 128 128 0
15 534 0 512 512 0
15 535 496 1072 133 1
15 536 0 -1008 -1008 0
15 537 496 736 736 0
15 538 0 304 304 0
15 539 -432 -811 -811 0
15 540 -304 -427 -427 0
15 541 -432 -427 -427 0
15 542 672 512 512 0
15 543 832 1072 133 1
15 544 -336 112 112 0
15 545 512 -144 -144 0
15 546 448 560 560 0
15 547 448 816 816 0
15 548 352 -64 -64 0
15 549 464 496 496 0
15 550 16 384 384 0
15 551 112 624 624 0
15 552 448 -432 -432 0
15 553 -96 16 16 0
15 554 112 64 64 0
15 555 -576 160 160 0
15 556 -480 -443 -443 0
15 557 -96 -48 -48 0
15 558 480 608 608 0
15 559 384 960 21 1
15 560 -576 -528 -528 0
15 561 96 128 128 0
15 562 384 581 581 0
15 563 0 -75 -75 0
15 564 0 -416 -416 0
15 565 0 197 197 0
15 566 0 720 720 0
15 567 0 112 112 0
15 568 0 -128 -128 0
15 569 0 368 368 0
15 570 0 -80 -80 0
15 571 0 464 464 0
15 572 0 256 256 0
15 573 0 -80 -80 0
15 574 0 16 16 0
15 575 0 480 480 0
15 576 480 144 144 0
15 577 -816 -560 -560 0
15 578 -1152 -1499 -1499 0
15 579 0 -1040 -1040 0
15 580 192 256 256 0
15 581 960 592 592 0
15 582 -80 -560 -560 0
15 583 -704 -1232 -1232 0
15 584 -624 128 128 0
15 585 -864 -704 -704 0
15 586 448 592 592 0
15 587 0 736 736 0
15 588 -176 -512 -512 0
15 589 656 -672 -672 0
15 590 -16 -224 -224 0
15 591 -352 -720 -720 0
15 592 -704 -352 -352 0
15 593 -544 -539 -539 0
15 594 352 640 640 0
15 595 0 -496 -496 0
15 596 0 -384 -384 0
15 597 16 -576 -576 0
15 598 448 -224 -224 0
15 599 800 -720 -720 0
15 600 448 752 752 0
15 601 800 816 816 0
15 602 0 -832 -832 0
15 603 480 -576 -576 0
15 604 -336 -224 -224 0
15 605 -1664 -1163 -1163 0
15 606 -1808 -1163 -1163 0
15 607 -800 -720 -720 0
15 608 640 832 832 0
15 609 -464 320 320 0
15 610 -1152 -1056 -1056 0
15 611 192 112 112 0
15 612 480 805 805 0
15 613 928 448 448 0
15 614 736 592 592 0
15 615 448 432 432 0
15 616 192 -320 -320 0
15 617 288 -1024 -1024 0
15 618 448 -416 -416 0
15 619 -176 -704 -704 0
15 620 -16 -960 -960 0
15 621 336 -864 -864 0
15 622 512 -512 -512 0
15 623 352 -1168 -1168 0
15 624 -176 -32 -32 0
15 625 160 -576 -576 0
15 626 352 -528 -528 0
15 627 0 608 608 0
15 628 0 416 416 0
15 629 0 -880 -880 0
15 630 0 -48 -48 0
15 631 0 896 896 0
15 632 0 464 464 0
15 633 0 325 325 0
15 634 0 133 133 0
15 635 0 37 37 0
15 636 0 816 816 0
15 637 0 133 133 0
15 638 0 784 784 0
15 639 0 512 512 0
15 640 -1056 -4528 -4528 0
15 641 -672 -6944 -6944 0
15 642 -1648 -6944 -6944 0
15 643 0 -5888 -5888 0
15 644 -1392 -6272 -6272 0
15 645 -3856 -5296 -5296 0
15 646 -2848 -6944 -6944 0
15 647 -2416 -4496 -4496 0
15 648 -2064 -7104 -7104 0
15 649 -3056 -10192 -10192 0
15 650 -768 -10576 -10576 0
15 651 0 -8208 -8208 0
15 652 -1616 -9840 -9840 0
15 653 -5024 -10480 -10480 0
15 654 -4768 -11248 -11248 0
15 655 -4144 -7184 -7184 0
15 656 -3696 -6048 -6048 0
15 657 -3376 -9184 -9184 0
15 658 -1728 -8192 -8192 0
15 659 0 -8864 -8864 0
15 660 0 -10288 -10288 0
15 661 -3008 -9520 -9520 0
15 662 -2368 -11248 -11248 0
15 663 -2496 -7184 -7184 0
15 664 -2368 -5040 -5040 0
15 665 -2496 -6576 -6576 0
15 666 0 -9520 -9520 0
15 667 -1056 -9520 -9520 0
15 668 -1728 -11248 -11248 0
15 669 -4992 -11248 -11248 0
15 670 -3280 -11248 -11248 0
15 671 -3376 -7184 -7184 0
15 672 -2016 -3408 -3408 0
15 673 -2400 -7872 -7872 0
15 674 -1648 -8464 -8464 0
15 675 -1392 -9520 -9520 0
15 676 -2800 -8928 -8928 0
15 677 -3568 -8544 -8544 0
15 678 -2176 -10576 -10576 0
15 679 -768 -5536 -5536 0
15 680 -1392 -4736 -4736 0
15 681 -1408 -8752 -8752 0
15 682 -768 -9856 -9856 0
15 683 -1616 -8448 -8448 0
15 684 -2576 -9072 -9072 0
15 685 -4304 -9088 -9088 0
15 686 -2688 -9840 -9840 0
15 687 -1728 -6416 -6416 0
15 688 -1616 -6144 -6144 0
15 689 -960 -9520 -9520 0
15 690 -1728 -8576 -8576 0
15 691 0 -8000 -8000 0
15 692 0 -6912 -6912 0
15 693 0 -6848 -6848 0
15 694 0 -8560 -8560 0
15 695 0 -3136 -3136 0
15 696 0 -5376 -5376 0
15 697 0 -7872 -7872 0
15 698 0 -6480 -6480 0
15 699 0 -6464 -6464 0
15 700 0 -7104 -7104 0
15 701 0 -6480 -6480 0
15 702 0 -5072 -5072 0
15 703 0 -2688 -2688 0
15 704 496 -1008 -1008 0
15 705 672 -1088 -1088 0
15 706 -224 -1088 -1088 0
15 707 0 -1584 -1584 0
15 708 -784 -1760 -1760 0
15 709 -1680 -864 -864 0
15 710 -576 -1088 -1088 0
15 711 -80 -800 -800 0
15 712 -112 -336 -336 0
15 713 -1616 -1499 -1499 0
15 714 144 -736 -736 0
15 715 0 5 5 0
15 716 576 1328 389 1
15 717 384 -208 -208 0
15 718 -272 -1003 -1003 0
15 719 272 -352 -352 0
15 720 -144 -832 -832 0
15 721 16 48 48 0
15 722 352 613 613 0
15 723 0 -784 -784 0
15 724 0 -2038 -2038 0
15 725 -208 -416 -416 0
15 726 -1296 -1003 -1003 0
15 727 496 -352 -352 0
15 728 -1296 -1163 -1163 0
15 729 496 976 37 1
15 730 0 -304 -304 0
15 731 496 -416 -416 0
15 732 1168 -64 -64 0
15 733 1520 -64 -64 0
15 734 544 -64 -64 0
15 735 128 -352 -352 0
15 736 592 -192 -192 0
15 737 1024 -80 -80 0
15 738 -224 -912 -912 0
15 739 -784 -1232 -1232 0
15 740 -2176 -1451 -1451 0
15 741 -2032 -1275 -1275 0
15 742 -1248 -1675 -1675 0
15 743 144 -128 -128 0
15 744 -784 21 21 0
15 745 -1392 -560 -560 0
15 746 144 -219 -219 0
15 747 576 1173 234 1
15 748 672 245 245 0
15 749 1024 -363 -363 0
15 750 448 1328 389 1
15 751 352 -496 -496 0
15 752 576 -432 -432 0
15 753 96 -416 -416 0
15 754 352 -1136 -1136 0
15 755 0 -1408 -1408 0
15 756 0 -288 -288 0
15 757 0 -1488 -1488 0
15 758 0 -1328 -1328 0
15 759 0 -1152 -1152 0
15 760 0 -1504 -1504 0
15 761 0 -1008 -1008 0
15 762 0 -224 -224 0
15 763 0 -555 -555 0
15 764 0 -2091 -2091 0
15 765 0 -1163 -1163 0
15 766 0 229 229 0
15 767 0 448 448 0
15 768 -64 96 96 0
15 769 480 208 208 0
15 770 -368 208 208 0
15 771 0 272 272 0
15 772 -736 -272 -272 0
15 773 -384 -363 -363 0
15 774 1376 208 208 0
15 775 112 1008 69 1
15 776 -256 512 512 0
15 777 48 -619 -619 0
15 778 480 -224 -224 0
15 779 0 421 421 0
15 780 -416 -160 -160 0
15 781 -384 -224 -224 0
15 782 1360 256 256 0
15 783 -256 533 533 0
15 784 480 576 576 0
15 785 944 512 512 0
15 786 -368 208 208 0
15 787 0 192 192 0
15 788 0 -576 -576 0
15 789 -1152 -315 -315 0
15 790 1248 256 256 0
15 791 112 533 533 0
15 792 1248 768 768 0
15 793 112 624 624 0
15 794 0 -1056 -1056 0
15 795 -64 624 624 0
15 796 416 256 256 0
15 797 -368 256 256 0
15 798 944 256 256 0
15 799 -736 -406 -406 0
15 800 768 32 32 0
15 801 112 -688 -688 0
15 802 -368 -251 -251 0
15 803 -736 -160 -160 0
15 804 -320 144 144 0
15 805 160 688 688 0
15 806 896 -224 -224 0
15 807 480 901 901 0
15 808 -736 -736 -736 0
15 809 416 144 144 0
15 810 480 992 53 1
15 811 -416 -363 -363 0
15 812 416 -640 -640 0
15 813 48 512 512 0
15 814 464 -160 -160 0
15 815 -368 53 53 0
15 816 -416 -320 -320 0
15 817 832 624 624 0
15 818 -368 -203 -203 0
15 819 0 -640 -640 0
15 820 0 160 160 0
15 821 0 165 165 0
15 822 0 -992 -992 0
15 823 0 789 789 0
15 824 0 -843 -843 0
15 825 0 208 208 0
15 826 0 5 5 0
15 827 0 -1147 -1147 0
15 828 0 -272 -272 0
15 829 0 5 5 0
15 830 0 528 528 0
15 831 0 464 464 0
15 832 480 1088 149 1
15 833 720 725 725 0
15 834 -64 725 725 0
15 835 0 245 245 0
15 836 -256 5 5 0
15 837 368 789 789 0
15 838 1504 1664 725 1
15 839 576 1440 501 1
15 840 464 368 368 0
15 841 80 176 176 0
15 842 640 -64 -64 0
15 843 0 37 37 0
15 844 -192 512 512 0
15 845 -496 16 16 0
15 846 48 656 656 0
15 847 288 624 624 0
15 848 672 -112 -112 0
15 849 48 192 192 0
15 850 -288 576 576 0
15 851 0 208 208 0
15 852 0 245 245 0
15 853 -448 5 5 0
15 854 -384 -283 -283 0
15 855 352 624 624 0
15 856 -384 -96 -96 0
15 857 352 -171 -171 0
15 858 0 -395 -395 0
15 859 480 944 5 1
15 860 1200 656 656 0
15 861 944 656 656 0
15 862 128 656 656 0
15 863 -352 -315 -315 0
15 864 -48 -304 -304 0
15 865 432 608 608 0
15 866 -64 464 464 0
15 867 -256 -544 -544 0
15 868 -112 0 0 0
15 869 528 240 240 0
15 870 784 -64 -64 0
15 871 640 688 688 0
15 872 -256 -187 -187 0
15 873 144 304 304 0
15 874 640 -27 -27 0
15 875 -192 -171 -171 0
15 876 -720 -128 -128 0
15 877 -1008 -667 -667 0
15 878 -816 -427 -427 0
15 879 -288 -16 -16 0
15 880 -192 -43 -43 0
15 881 -528 5 5 0
15 882 -288 368 368 0
15 883 0 656 656 0
15 884 0 597 597 0
15 885 0 656 656 0
15 886 0 -16 -16 0
15 887 0 256 256 0
15 888 0 -832 -832 0
15 889 0 -480 -480 0
15 890 0 -224 -224 0
15 891 0 -624 -624 0
15 892 0 -1120 -1120 0
15 893 0 -224 -224 0
15 894 0 -368 -368 0
15 895 0 -816 -816 0
15 896 160 -480 -480 0
15 897 176 -192 -192 0
15 898 -240 -192 -192 0
15 899 0 -352 -352 0
15 900 -112 -368 -368 0
15 901 -656 48 48 0
15 902 0 -192 -192 0
15 903 288 -240 -240 0
15 904 64 416 416 0
15 905 -944 -875 -875 0
15 906 528 48 48 0
15 907 0 576 576 0
15 908 240 928 928 0
15 909 944 -304 -304 0
15 910 -352 224 224 0
15 911 -192 -64 -64 0
15 912 -288 256 256 0
15 913 944 160 160 0
15 914 -480 229 229 0
15 915 0 -544 -544 0
15 916 0 -432 -432 0
15 917 128 704 704 0
15 918 -48 224 224 0
15 919 48 -64 -64 0
15 920 -48 352 352 0
15 921 48 928 928 0
15 922 0 -960 -960 0
15 923 160 -235 -235 0
15 924 336 224 224 0
15 925 336 224 224 0
15 926 592 224 224 0
15 927 -720 -64 -64 0
15 928 816 704 704 0
15 929 -304 -720 -720 0
15 930 -240 544 544 0
15 931 -112 -112 -112 0
15 932 -816 -651 -651 0
15 933 -288 304 304 0
15 934 -176 48 48 0
15 935 528 176 176 0
15 936 -112 464 464 0
15 937 -704 176 176 0
15 938 528 336 336 0
15 939 240 1040 101 1
15 940 896 400 400 0
15 941 416 -192 -192 0
15 942 176 928 928 0
15 943 -480 -592 -592 0
15 944 240 -240 -240 0
15 945 656 704 704 0
15 946 -480 -176 -176 0
15 947 0 -848 -848 0
15 948 0 288 288 0
15 949 0 304 304 0
15 950 0 -768 -768 0
15 951 0 480 480 0
15 952 0 80 80 0
15 953 0 128 128 0
15 954 0 240 240 0
15 955 0 -107 -107 0
15 956 0 -400 -400 0
15 957 0 240 240 0
15 958 0 5 5 0
15 959 0 176 176 0
15 960 -1040 -5264 -5264 0
15 961 -1520 -7968 -7968 0
15 962 -1760 -7968 -7968 0
15 963 0 -6928 -6928 0
15 964 -1168 -6448 -6448 0
15 965 -3744 -6208 -6208 0
15 966 -4000 -7968 -7968 0
15 967 -2704 -5760 -5760 0
15 968 -2688 -7296 -7296 0
15 969 -3296 -10560 -10560 0
15 970 -944 -10080 -10080 0
15 971 0 -8672 -8672 0
15 972 -1008 -10064 -10064 0
15 973 -4240 -10656 -10656 0
15 974 -5680 -11600 -11600 0
15 975 -4304 -8384 -8384 0
15 976 -4064 -6256 -6256 0
15 977 -3728 -8912 -8912 0
15 978 -1600 -8304 -8304 0
15 979 0 -9648 -9648 0
15 980 0 -10576 -10576 0
15 981 -2176 -10000 -10000 0
15 982 -2560 -11600 -11600 0
15 983 -2544 -8384 -8384 0
15 984 -2560 -4608 -4608 0
15 985 -2544 -7296 -7296 0
15 986 0 -9632 -9632 0
15 987 -1040 -10000 -10000 0
15 988 -2560 -11600 -11600 0
15 989 -5328 -11600 -11600 0
15 990 -4304 -11600 -11600 0
15 991 -3360 -8384 -8384 0
15 992 -2064 -3232 -3232 0
15 993 -3120 -7872 -7872 0
15 994 -1760 -8960 -8960 0
15 995 -1168 -9040 -9040 0
15 996 -2704 -8320 -8320 0
15 997 -3648 -8800 -8800 0
15 998 -2480 -10080 -10080 0
15 999 -944 -6624 -6624 0
15 1000 -1168 -4736 -4736 0
15 1001 -1536 -9056 -9056 0
15 1002 -944 -10432 -10432 0
15 1003 -1008 -8896 -8896 0
15 1004 -2032 -9120 -9120 0
15 1005 -3632 -9488 -9488 0
15 1006 -2624 -10064 -10064 0
15 1007 -1600 -7440 -7440 0
15 1008 -1008 -6272 -6272 0
15 1009 -1024 -10000 -10000 0
15 1010 -1600 -9552 -9552 0
15 1011 0 -8048 -8048 0
15 1012 0 -7216 -7216 0
15 1013 0 -7952 -7952 0
15 1014 0 -8016 -8016 0
15 1015 0 -3504 -3504 0
15 1016 0 -4736 -4736 0
15 1017 0 -7280 -7280 0
15 1018 0 -6112 -6112 0
15 1019 0 -5744 -5744 0
15 1020 0 -6336 -6336 0
15 1021 0 -6112 -6112 0
15 1022 0 -4576 -4576 0
15 1023 0 -2624 -2624 0
