000012DC
00000F26
00000F26
00000F26
00000F26
00000F26
00000F26
00000F26
00000F26
00000F26
00000F26
00000F26
00000F26
00000F26
00000F26
00000F26
00000F26
00000F26
00000F26
00000F26
00000F26
00000F26
00000F26
00000F26
00000F26
00000F26
00000F26
000008B1
00000D71
00000F39
00000F39
00000F39
00000F39
00000F39
00000F39
00000F39
00000F39
00000F39
00000F39
00000F39
00000F39
00000F39
00000F39
00000F39
00000F39
00000F39
00000F39
00000F39
00000F39
00000F39
00000F39
00000F39
00000F39
00000F39
00000F39
00001231
00000D71
00000F39
00000F39
00000F39
00000F39
00000F39
00000F39
00000F39
00000F39
00000F39
00000F39
00000F39
00000F39
00000F39
00000F39
00000F39
00000F39
00000F39
00000F39
00000F39
00000F39
00000F39
00000F39
00000F39
00000F39
00000F39
00000F39
00001231
00000D71
00000F39
00000F39
00000F39
00000F39
00000F39
00000F39
00000F39
00000F39
00000F39
00000F39
00000F39
00000F39
00000F39
00000F39
00000F39
00000F39
00000F39
00000F39
00000F39
00000F39
00000F39
00000F39
00000F39
00000F39
00000F39
00000F39
00001231
00000D71
00000F39
00000F39
00000F39
00000F39
00000F39
00000F39
00000F39
00000F39
00000F39
00000F39
00000F39
00000C4B
00000778
00000D28
000010CE
000015C3
00000F39
00000F39
00000F39
00000F39
00000F39
00000F39
00000F39
00000F39
00000F39
00000F39
00001231
00000D71
00000F39
00000F39
00000F39
00000F39
00000F39
00000F39
00000F39
00000F39
00000F39
00000EA3
0000070A
FFFFEEBA
FFFFE2D3
FFFFF417
FFFFFD8A
00000D66
0000088D
0000084F
00000C2D
000017DC
00001C32
000016E6
000010EB
00000F39
00000F39
00000F39
00001231
00000D71
00000F39
00000F39
00000F39
00000F39
00000F39
00000F39
00000F39
00000F39
00000EA3
000000E3
FFFFDC54
FFFFD02E
FFFFB190
FFFFA54E
FFFF9D07
FFFFAD82
FFFFB6F0
FFFFB6FC
FFFFBE55
FFFFD66D
FFFFF4D9
000015B9
000029DF
0000129D
00000F39
00000F39
00001231
00000D71
00000F39
00000F39
00000F39
00000F39
00000F39
00000F39
00000F39
00000B97
FFFFFAD3
FFFFD983
FFFFD23B
FFFFE2AA
FFFFCAB7
FFFFB2E6
FFFFA010
FFFFA9FC
FFFFA55D
FFFFAC3A
FFFF96CA
FFFF7653
FFFF81F9
FFFFC0EE
00001405
000024D9
00000F39
00000F39
00001231
00000D71
00000F39
00000F39
00000F39
00000F39
00000F39
00000F39
00000F39
FFFFFF10
FFFFCBC9
FFFFD8EA
FFFFDA12
FFFFCC08
FFFFE2E2
FFFFDE11
FFFFE602
FFFFF19F
FFFFECD8
FFFFEFFD
FFFFE96A
FFFFC32F
FFFF8A01
FFFF69EE
FFFFC9BC
0000242B
00000F39
00000F39
00001231
00000D71
00000F39
00000F39
00000F39
00000F39
00000F39
00000F39
00000F39
000003C1
FFFFE25B
FFFFBE5A
FFFFC347
FFFFE900
FFFFEA16
00000292
FFFFFB97
00000D3E
00001207
00000920
00001EDD
0000051D
FFFFBEE9
FFFF982B
FFFFA6DA
00000C43
00000F39
00000F39
00001231
00000D71
00000F39
00000F39
00000F39
00000F39
00000F39
00000F39
00000F39
00001DCB
FFFFEA1B
FFFFA5C2
FFFFBD0C
FFFFE054
FFFFF987
00000C0B
00000F39
00000F39
00000F39
00000CFF
FFFFF308
FFFFE725
FFFFDE2E
FFFFB456
FFFFA60F
FFFFFCDB
00000F39
00000F39
00001231
00000D71
00000F39
00000F39
00000F39
00000F39
00000F39
00000F39
00000F39
0000290E
000003DF
FFFFA322
FFFF67AE
FFFFCD36
0000251E
000014CB
00000F39
00000CA5
000000DF
FFFFEF2C
FFFFE8DF
FFFFEBEF
FFFFC900
FFFFBD27
FFFFB5FD
FFFFEB53
00000F39
00000F39
00001231
00000D71
00000F39
00000F39
00000F39
00000F39
00000F39
00000F39
00000F39
00002CFD
00003649
FFFFD526
FFFF645D
FFFF8ADB
FFFFFBD7
00002794
00000824
FFFFF794
FFFFD2D8
FFFFC8AA
FFFFE662
FFFFD649
FFFFC98F
FFFFD2B2
FFFFC915
FFFFF3F9
00000F39
00000F39
00001231
00000D71
00000F39
00000F39
00000F39
00000F39
00000F39
00000F39
00000F39
00000F39
000036F1
0000266D
FFFFBA55
FFFF55D3
FFFFA0ED
FFFFF943
FFFFF1C9
FFFFE019
FFFFD5FB
FFFFDEAD
FFFFD2CF
FFFFD1E4
FFFFD42F
FFFFCFEF
FFFFEE2B
00000B2D
00000F39
00000F39
00001231
00000D71
00000F39
00000F39
00000F39
00000F39
00000F39
00000F39
00000F39
00000F39
000014AE
00003BF0
00000323
FFFF9D9B
FFFF670C
FFFF95B8
FFFFB98C
FFFFE85A
FFFFE61E
FFFFCD6E
FFFFE1C1
FFFFEA83
FFFFDC5A
FFFFF69F
00000D33
00000F39
00000F39
00000F39
00001231
00000D71
00000F39
00000F39
00000F39
00000F39
00000F39
00000F39
00000A89
FFFFFC83
FFFFF61C
FFFFF326
00000BEA
FFFFDA06
FFFFA0DA
FFFFA4D8
FFFFB85C
FFFFE1CA
00000018
FFFFE85A
FFFFDDB9
FFFFF803
00000C55
00000F39
00000F39
00000F39
00000F39
00000F39
00001231
00000D71
00000F39
00000F39
00000F39
00000D77
000003CC
FFFFF5CD
FFFFEF03
FFFFDDBB
FFFFBD29
FFFFC855
FFFFE9E9
FFFFD1FD
FFFFABBA
FFFF8E6C
FFFFA8E9
FFFFC4B9
0000008C
000003EF
00000D33
00000F39
00000F39
00000F39
00000F39
00000F39
00000F39
00000F39
00001231
00000D71
00000F39
00000F39
00000417
FFFFEADB
FFFFE640
FFFFC7AA
FFFFC1A9
FFFFD3DC
FFFFE32C
FFFFD428
FFFFD2A5
FFFFE181
FFFFC89B
FFFF9D61
FFFF7E8E
FFFF988E
00000D47
00001669
00000F39
00000F39
00000F39
00000F39
00000F39
00000F39
00000F39
00000F39
00001231
00000D71
00000F39
00000F39
FFFFF184
FFFFB410
FFFFBC11
FFFFD2D7
FFFFBF42
FFFFC481
FFFFE741
FFFFDF99
FFFFDE00
FFFFD70D
FFFFEC9B
FFFFCED8
FFFFAB7F
FFFF8E9C
FFFFEE1B
00000C31
00000F39
00000F39
00000F39
00000F39
00000F39
00000F39
00000F39
00000F39
00001231
00000D71
00000F39
00000F39
00002E19
FFFFF633
FFFFA2B8
FFFF9875
FFFFA5F1
FFFFA9AD
FFFFAC15
FFFFB56E
FFFFBD47
FFFFC993
FFFFDF61
FFFFC1C0
FFFFBA12
FFFFB50A
FFFFD9C5
00000599
00000F39
00000F39
00000F39
00000F39
00000F39
00000F39
00000F39
00000F39
00001231
00000D71
00000F39
00000F39
00003370
0000369D
FFFFE3B4
FFFFA836
FFFF8E83
FFFF775D
FFFF936B
FFFFB4BF
FFFFB811
FFFFBB45
FFFFB379
FFFFBE93
FFFFD6F3
FFFFC1B9
FFFFE6C7
00000CE9
00000F39
00000F39
00000F39
00000F39
00000F39
00000F39
00000F39
00000F39
00001231
00000D71
00000F39
00000F39
00000F39
0000356C
0000401A
00000F00
FFFFE3D9
FFFFD094
FFFFC068
FFFFBEEA
FFFFBEEA
FFFFBEEA
FFFFC99A
FFFFE3F6
FFFFCC92
FFFFE4F9
000009BB
00000F39
00000F39
00000F39
00000F39
00000F39
00000F39
00000F39
00000F39
00000F39
00001231
00000D71
00000F39
00000F39
00000F39
00000F39
000016AA
00002CCD
000024A7
000025CF
000019BF
00000EC3
00000EC3
00000EC3
FFFFF6F3
FFFFE251
FFFFF94D
00000CE9
00000F39
00000F39
00000F39
00000F39
00000F39
00000F39
00000F39
00000F39
00000F39
00000F39
00001231
00000D71
00000F39
00000F39
00000F39
00000F39
00000F39
00000F39
00000F39
00000F39
00000F39
00000F39
00000F39
00000F39
00000F39
00000F39
00000F39
00000F39
00000F39
00000F39
00000F39
00000F39
00000F39
00000F39
00000F39
00000F39
00000F39
00000F39
00001231
00000D71
00000F39
00000F39
00000F39
00000F39
00000F39
00000F39
00000F39
00000F39
00000F39
00000F39
00000F39
00000F39
00000F39
00000F39
00000F39
00000F39
00000F39
00000F39
00000F39
00000F39
00000F39
00000F39
00000F39
00000F39
00000F39
00000F39
00001231
00000D71
00000F39
00000F39
00000F39
00000F39
00000F39
00000F39
00000F39
00000F39
00000F39
00000F39
00000F39
00000F39
00000F39
00000F39
00000F39
00000F39
00000F39
00000F39
00000F39
00000F39
00000F39
00000F39
00000F39
00000F39
00000F39
00000F39
00001231
00000D71
00000F39
00000F39
00000F39
00000F39
00000F39
00000F39
00000F39
00000F39
00000F39
00000F39
00000F39
00000F39
00000F39
00000F39
00000F39
00000F39
00000F39
00000F39
00000F39
00000F39
00000F39
00000F39
00000F39
00000F39
00000F39
00000F39
00001231
000007BA
00000E1C
00000E1C
00000E1C
00000E1C
00000E1C
00000E1C
00000E1C
00000E1C
00000E1C
00000E1C
00000E1C
00000E1C
00000E1C
00000E1C
00000E1C
00000E1C
00000E1C
00000E1C
00000E1C
00000E1C
00000E1C
00000E1C
00000E1C
00000E1C
00000E1C
00000E1C
0000134E
000007B8
00000072
00000072
00000072
00000072
00000072
00000072
00000072
00000072
00000072
00000072
00000072
00000072
00000072
00000072
00000072
00000072
00000072
00000072
00000072
00000072
00000072
00000072
00000072
00000072
00000072
00000072
FFFFF8CD
00000BA7
00000143
00000143
00000143
00000143
00000143
00000143
00000143
00000143
00000143
00000143
00000143
00000143
00000143
00000143
00000143
00000143
00000143
00000143
00000143
00000143
00000143
00000143
00000143
00000143
00000143
00000143
FFFFF20C
00000BA7
00000143
00000143
00000143
00000143
00000143
00000143
00000143
00000143
00000143
00000143
00000143
00000143
00000143
00000143
00000143
00000143
00000143
00000143
00000143
00000143
00000143
00000143
00000143
00000143
00000143
00000143
FFFFF20C
00000BA7
00000143
00000143
00000143
00000143
00000143
00000143
00000143
00000143
00000143
00000143
00000143
00000143
00000143
00000143
00000143
00000143
00000143
00000143
00000143
00000143
00000143
00000143
00000143
00000143
00000143
00000143
FFFFF20C
00000BA7
00000143
00000143
00000143
00000143
00000143
00000143
00000143
00000143
00000143
00000143
00000143
FFFFFB4E
FFFFF782
FFFFFC07
000002D8
0000066E
00000143
00000143
00000143
00000143
00000143
00000143
00000143
00000143
00000143
00000143
FFFFF20C
00000BA7
00000143
00000143
00000143
00000143
00000143
00000143
00000143
00000143
00000143
00000012
FFFFF1D3
FFFFD3CF
FFFFD22E
FFFFE620
FFFFF184
FFFFF643
FFFFEC40
FFFFEC0F
FFFFF3EC
000003BE
00000AF3
0000076A
0000029A
00000143
00000143
00000143
FFFFF20C
00000BA7
00000143
00000143
00000143
00000143
00000143
00000143
00000143
00000143
00000012
FFFFE6C2
FFFFC75B
FFFFBCAA
FFFFCFBA
FFFFE3A3
FFFFF35F
FFFFEF62
FFFFE604
FFFFE5D3
FFFFEB3D
FFFFF467
FFFFFA5D
00001049
00001818
000003F1
00000143
00000143
FFFFF20C
00000BA7
00000143
00000143
00000143
00000143
00000143
00000143
00000143
FFFFF9E0
FFFFE0AF
FFFFC1D3
FFFFAEFA
FFFFB8F3
FFFFE68D
FFFFF3BC
FFFFFFDE
FFFFFBF1
FFFFEEB0
FFFFF4F8
FFFFF728
FFFFF23B
FFFFF29E
00000C7E
000028C0
0000158D
00000143
00000143
FFFFF20C
00000BA7
00000143
00000143
00000143
00000143
00000143
00000143
00000143
FFFFE95A
FFFFBDFC
FFFF9B4F
FFFFC27D
000001D9
00001AB7
00000421
00000093
FFFFFEFB
FFFFF798
FFFFFCE7
FFFFF496
FFFFD518
FFFFC989
00000F52
00003BCD
00002C54
00000143
00000143
FFFFF20C
00000BA7
00000143
00000143
00000143
00000143
00000143
00000143
00000143
FFFFD520
FFFF910F
FFFFADC2
FFFFFFC6
0000374E
00002917
000006F5
00000DAA
FFFFFEA1
FFFFFDDC
0000039B
FFFFE454
FFFFB075
FFFFA5CD
FFFFEF0A
00004D5F
00003EAD
00000143
00000143
FFFFF20C
00000BA7
00000143
00000143
00000143
00000143
00000143
00000143
00000143
FFFFC687
FFFF9137
FFFFB78C
00001682
000059E7
00002316
00000311
00000143
00000143
00000143
FFFFFCBC
FFFFD8A2
FFFF9535
FFFFA6A6
FFFFEEE1
000056C6
00003DE2
00000143
00000143
FFFFF20C
00000BA7
00000143
00000143
00000143
00000143
00000143
00000143
00000143
FFFFD7F1
FFFFA839
FFFFB065
00001B31
00003954
00002406
000005AA
00000143
FFFFFC05
FFFFE95F
FFFFD41E
FFFFB554
FFFF9EFE
FFFFD45E
0000152E
00005A3A
00002967
00000143
00000143
FFFFF20C
00000BA7
00000143
00000143
00000143
00000143
00000143
00000143
00000143
FFFFE95B
FFFFC268
FFFFB597
FFFFE35B
00001D45
00002DD8
0000170F
FFFFF5ED
FFFFDBAD
FFFFC555
FFFFC6B5
FFFFAE17
FFFFD9AC
00000A22
000033F7
00003F2B
00001309
00000143
00000143
FFFFF20C
00000BA7
00000143
00000143
00000143
00000143
00000143
00000143
00000143
00000143
FFFFDD97
FFFFC268
FFFFBE82
FFFFF4DC
00001813
00000315
FFFFDD8C
FFFFC8CC
FFFFB5C3
FFFFD0E4
00000057
0000114E
000021E8
0000363A
0000162E
0000038F
00000143
00000143
FFFFF20C
00000BA7
00000143
00000143
00000143
00000143
00000143
00000143
00000143
00000143
FFFFFCE1
FFFFC6E2
FFFFA3C3
FFFFBD17
00000E3A
FFFFF46D
FFFFD911
FFFFD314
FFFFF9B9
00000B6D
0000184D
00001F42
000024B3
00000FBA
00000269
00000143
00000143
00000143
FFFFF20C
00000BA7
00000143
00000143
00000143
00000143
00000143
00000143
FFFFF7BB
FFFFE4D6
FFFFD97C
FFFFD085
FFFFA127
FFFFB46E
FFFFE16D
FFFFDE41
FFFFEEC8
00001BDC
000022A3
00001DC3
00002293
00000F27
000002E7
00000143
00000143
00000143
00000143
00000143
FFFFF20C
00000BA7
00000143
00000143
00000143
FFFFFDB0
FFFFEDA3
FFFFDADA
FFFFD4C8
FFFFD33E
FFFFD349
FFFFCE81
FFFFD46B
FFFFEB16
FFFFE1EC
FFFFCDCB
FFFFED9C
00003FBA
000042FD
00000C1E
00000269
00000143
00000143
00000143
00000143
00000143
00000143
00000143
FFFFF20C
00000BA7
00000143
00000143
FFFFEAA0
FFFFD27E
FFFFD281
FFFFCF3C
FFFFC971
FFFFD0F3
FFFFE75C
00000489
00000AE9
FFFFFB17
FFFFCADE
FFFFBA68
FFFFF8E6
00003B2D
00003EA2
000009AF
00000143
00000143
00000143
00000143
00000143
00000143
00000143
00000143
FFFFF20C
00000BA7
00000143
00000143
FFFFE048
FFFFB582
FFFFB403
FFFFBF3E
FFFFD7C1
FFFFFF13
00000CA8
000004F9
FFFFFD19
FFFFE886
FFFFAB50
FFFFB75C
FFFFDEEA
000048BD
00004D5F
00000AE3
00000143
00000143
00000143
00000143
00000143
00000143
00000143
00000143
FFFFF20C
00000BA7
00000143
00000143
FFFFCF6F
FFFFB177
FFFFB5F1
FFFFD139
FFFFE365
0000032B
00000EE5
FFFFF104
FFFFE271
FFFFC976
FFFFB2FA
FFFFD266
000000A3
000053EE
00003B93
0000080B
00000143
00000143
00000143
00000143
00000143
00000143
00000143
00000143
FFFFF20C
00000BA7
00000143
00000143
FFFFE42D
FFFFC8D4
FFFFD1FF
FFFFDADF
FFFFE8D5
FFFFFF0E
FFFFE406
FFFFDCC5
FFFFD923
FFFFD5E9
FFFFEAF9
00000703
00002077
000048CD
00001BEC
00000293
00000143
00000143
00000143
00000143
00000143
00000143
00000143
00000143
FFFFF20C
00000BA7
00000143
00000143
00000143
FFFFE295
FFFFD68E
FFFFE31F
FFFFECA7
FFFFF15F
FFFFF28A
FFFFF9A6
FFFFF9A6
FFFFF9A6
00000186
00001326
000037A4
00001BEC
00000461
00000143
00000143
00000143
00000143
00000143
00000143
00000143
00000143
00000143
FFFFF20C
00000BA7
00000143
00000143
00000143
00000143
FFFFFB49
FFFFE9D6
FFFFF07B
FFFFEC63
FFFFF5F5
FFFFFC31
FFFFFC31
FFFFFC31
00000F51
00001ED5
00000E47
00000293
00000143
00000143
00000143
00000143
00000143
00000143
00000143
00000143
00000143
00000143
FFFFF20C
00000BA7
00000143
00000143
00000143
00000143
00000143
00000143
00000143
00000143
00000143
00000143
00000143
00000143
00000143
00000143
00000143
00000143
00000143
00000143
00000143
00000143
00000143
00000143
00000143
00000143
00000143
00000143
FFFFF20C
00000BA7
00000143
00000143
00000143
00000143
00000143
00000143
00000143
00000143
00000143
00000143
00000143
00000143
00000143
00000143
00000143
00000143
00000143
00000143
00000143
00000143
00000143
00000143
00000143
00000143
00000143
00000143
FFFFF20C
00000BA7
00000143
00000143
00000143
00000143
00000143
00000143
00000143
00000143
00000143
00000143
00000143
00000143
00000143
00000143
00000143
00000143
00000143
00000143
00000143
00000143
00000143
00000143
00000143
00000143
00000143
00000143
FFFFF20C
00000BA7
00000143
00000143
00000143
00000143
00000143
00000143
00000143
00000143
00000143
00000143
00000143
00000143
00000143
00000143
00000143
00000143
00000143
00000143
00000143
00000143
00000143
00000143
00000143
00000143
00000143
00000143
FFFFF20C
0000049A
FFFFFDD9
FFFFFDD9
FFFFFDD9
FFFFFDD9
FFFFFDD9
FFFFFDD9
FFFFFDD9
FFFFFDD9
FFFFFDD9
FFFFFDD9
FFFFFDD9
FFFFFDD9
FFFFFDD9
FFFFFDD9
FFFFFDD9
FFFFFDD9
FFFFFDD9
FFFFFDD9
FFFFFDD9
FFFFFDD9
FFFFFDD9
FFFFFDD9
FFFFFDD9
FFFFFDD9
FFFFFDD9
FFFFFDD9
FFFFF329
FFFFF258
FFFFF60E
FFFFF60E
FFFFF60E
FFFFF60E
FFFFF60E
FFFFF60E
FFFFF60E
FFFFF60E
FFFFF60E
FFFFF60E
FFFFF60E
FFFFF60E
FFFFF60E
FFFFF60E
FFFFF60E
FFFFF60E
FFFFF60E
FFFFF60E
FFFFF60E
FFFFF60E
FFFFF60E
FFFFF60E
FFFFF60E
FFFFF60E
FFFFF60E
FFFFF60E
FFFFFB1A
00000085
FFFFFDA0
FFFFFDA0
FFFFFDA0
FFFFFDA0
FFFFFDA0
FFFFFDA0
FFFFFDA0
FFFFFDA0
FFFFFDA0
FFFFFDA0
FFFFFDA0
FFFFFDA0
FFFFFDA0
FFFFFDA0
FFFFFDA0
FFFFFDA0
FFFFFDA0
FFFFFDA0
FFFFFDA0
FFFFFDA0
FFFFFDA0
FFFFFDA0
FFFFFDA0
FFFFFDA0
FFFFFDA0
FFFFFDA0
FFFFFA36
00000085
FFFFFDA0
FFFFFDA0
FFFFFDA0
FFFFFDA0
FFFFFDA0
FFFFFDA0
FFFFFDA0
FFFFFDA0
FFFFFDA0
FFFFFDA0
FFFFFDA0
FFFFFDA0
FFFFFDA0
FFFFFDA0
FFFFFDA0
FFFFFDA0
FFFFFDA0
FFFFFDA0
FFFFFDA0
FFFFFDA0
FFFFFDA0
FFFFFDA0
FFFFFDA0
FFFFFDA0
FFFFFDA0
FFFFFDA0
FFFFFA36
00000085
FFFFFDA0
FFFFFDA0
FFFFFDA0
FFFFFDA0
FFFFFDA0
FFFFFDA0
FFFFFDA0
FFFFFDA0
FFFFFDA0
FFFFFDA0
FFFFFDA0
FFFFFDA0
FFFFFDA0
FFFFFDA0
FFFFFDA0
FFFFFDA0
FFFFFDA0
FFFFFDA0
FFFFFDA0
FFFFFDA0
FFFFFDA0
FFFFFDA0
FFFFFDA0
FFFFFDA0
FFFFFDA0
FFFFFDA0
FFFFFA36
00000085
FFFFFDA0
FFFFFDA0
FFFFFDA0
FFFFFDA0
FFFFFDA0
FFFFFDA0
FFFFFDA0
FFFFFDA0
FFFFFDA0
FFFFFDA0
FFFFFDA0
00000043
00000B50
000006E8
000003A3
FFFFF7EE
FFFFFDA0
FFFFFDA0
FFFFFDA0
FFFFFDA0
FFFFFDA0
FFFFFDA0
FFFFFDA0
FFFFFDA0
FFFFFDA0
FFFFFDA0
FFFFFA36
00000085
FFFFFDA0
FFFFFDA0
FFFFFDA0
FFFFFDA0
FFFFFDA0
FFFFFDA0
FFFFFDA0
FFFFFDA0
FFFFFDA0
FFFFFE27
00000655
00002A8A
00003E75
00002E55
000026E0
00001F81
00002422
00002458
000020DD
00000D7E
FFFFFC7A
FFFFF8DB
FFFFFC26
FFFFFDA0
FFFFFDA0
FFFFFDA0
FFFFFA36
00000085
FFFFFDA0
FFFFFDA0
FFFFFDA0
FFFFFDA0
FFFFFDA0
FFFFFDA0
FFFFFDA0
FFFFFDA0
FFFFFE27
00000BAB
00004294
00003849
00001CA0
000025AF
00002E45
00003A17
00003072
0000306E
00002B25
0000285B
000027BC
000014F4
FFFFEA12
FFFFFAAC
FFFFFDA0
FFFFFDA0
FFFFFA36
00000085
FFFFFDA0
FFFFFDA0
FFFFFDA0
FFFFFDA0
FFFFFDA0
FFFFFDA0
FFFFFDA0
000000E5
0000181A
00004686
00001DEC
FFFFDCAF
FFFFC61B
FFFFD66D
FFFFE73C
FFFFE098
FFFFE7CB
FFFFE052
FFFFF120
00002B07
0000416E
00002891
00000931
FFFFEA70
FFFFFDA0
FFFFFDA0
FFFFFA36
00000085
FFFFFDA0
FFFFFDA0
FFFFFDA0
FFFFFDA0
FFFFFDA0
FFFFFDA0
FFFFFDA0
00000AEC
00003AEC
0000115A
FFFFCF08
FFFFC8F3
FFFFAD9C
FFFFC42B
FFFFBF9A
FFFFC86F
FFFFC434
FFFFC3CD
FFFFCC96
FFFFD56C
000009B1
00003929
00002E51
FFFFEA68
FFFFFDA0
FFFFFDA0
FFFFFA36
00000085
FFFFFDA0
FFFFFDA0
FFFFFDA0
FFFFFDA0
FFFFFDA0
FFFFFDA0
FFFFFDA0
000004CE
FFFFFDB0
FFFFE560
FFFFDA1C
FFFFAA83
FFFFEB47
FFFFEEF7
FFFFF1E8
FFFFF52D
FFFFE421
FFFFF03F
FFFFE0B7
FFFFE7C8
00000109
000002F7
00001A8C
000005FA
FFFFFDA0
FFFFFDA0
FFFFFA36
00000085
FFFFFDA0
FFFFFDA0
FFFFFDA0
FFFFFDA0
FFFFFDA0
FFFFFDA0
FFFFFDA0
FFFFED6D
FFFFDA19
FFFFF159
FFFFE667
00000431
000015DF
00000173
FFFFFDA0
FFFFFDA0
FFFFFDA0
FFFFFFA1
00001A68
000029F2
FFFFD836
FFFFE512
00000540
0000162D
FFFFFDA0
FFFFFDA0
FFFFFA36
00000085
FFFFFDA0
FFFFFDA0
FFFFFDA0
FFFFFDA0
FFFFFDA0
FFFFFDA0
FFFFFDA0
FFFFE40E
FFFFBC93
FFFFE3B1
000030C2
00004353
FFFFF059
FFFFF8C6
FFFFFDA0
FFFFFFF2
00001072
0000317A
000038AF
FFFFE731
FFFFD10B
FFFFD722
FFFFF098
0000262D
FFFFFDA0
FFFFFDA0
FFFFFA36
00000085
FFFFFDA0
FFFFFDA0
FFFFFDA0
FFFFFDA0
FFFFFDA0
FFFFFDA0
FFFFFDA0
FFFFE2E8
FFFFB9C8
FFFFC198
00002959
00004493
00002587
FFFFE944
00000922
00001D28
000049A2
0000315B
FFFFEE6F
FFFFC193
FFFFC4A6
FFFFC2D5
0000126B
00001DD4
FFFFFDA0
FFFFFDA0
FFFFFA36
00000085
FFFFFDA0
FFFFFDA0
FFFFFDA0
FFFFFDA0
FFFFFDA0
FFFFFDA0
FFFFFDA0
FFFFFDA0
FFFFD989
FFFFB502
FFFFCCF2
00003F2E
0000481F
00002EF6
00003233
000034ED
00000210
FFFFD142
FFFFB5B8
FFFFB4DE
FFFFCBB1
00000B08
00001D55
0000027E
FFFFFDA0
FFFFFDA0
FFFFFA36
00000085
FFFFFDA0
FFFFFDA0
FFFFFDA0
FFFFFDA0
FFFFFDA0
FFFFFDA0
FFFFFDA0
FFFFFDA0
FFFFF8BA
FFFFCFB7
FFFFD7C0
00000607
00003CEA
00005236
00001A4D
FFFFDE7A
FFFF9D17
FFFFB432
FFFFC2CE
FFFFE591
00000F1A
00001755
0000000F
FFFFFDA0
FFFFFDA0
FFFFFDA0
FFFFFA36
00000085
FFFFFDA0
FFFFFDA0
FFFFFDA0
FFFFFDA0
FFFFFDA0
FFFFFDA0
000001D8
00001933
00002E8A
00003C2A
000000AF
FFFFD066
FFFFF8A1
00000193
FFFFE7CA
FFFFB5D6
FFFFB70B
FFFFE6DF
000011E9
000013FF
0000011A
FFFFFDA0
FFFFFDA0
FFFFFDA0
FFFFFDA0
FFFFFDA0
FFFFFA36
00000085
FFFFFDA0
FFFFFDA0
FFFFFDA0
FFFFFF35
00000BEF
00002878
00003CF3
0000398B
000036A7
0000127A
FFFFCC25
FFFFB7F1
FFFFD1D5
000003C5
FFFFF60B
00000D76
00000321
00000849
0000000F
FFFFFDA0
FFFFFDA0
FFFFFDA0
FFFFFDA0
FFFFFDA0
FFFFFDA0
FFFFFDA0
FFFFFA36
00000085
FFFFFDA0
FFFFFDA0
000007A5
0000373F
00003C2C
00003A20
00001FC1
FFFFF285
FFFFBF13
FFFFA947
FFFFBEED
FFFFC761
FFFFF73D
00000AB8
000019E2
00002E5A
000004FE
FFFFF710
FFFFFDA0
FFFFFDA0
FFFFFDA0
FFFFFDA0
FFFFFDA0
FFFFFDA0
FFFFFDA0
FFFFFDA0
FFFFFA36
00000085
FFFFFDA0
FFFFFDA0
0000148A
00002D17
00001BE4
FFFFE528
FFFFDF58
FFFFD699
FFFFC1C8
FFFFF201
0000172B
000034D2
000017CF
FFFFD85B
FFFFEED5
00000CE8
000010BC
0000009C
FFFFFDA0
FFFFFDA0
FFFFFDA0
FFFFFDA0
FFFFFDA0
FFFFFDA0
FFFFFDA0
FFFFFDA0
FFFFFA36
00000085
FFFFFDA0
FFFFFDA0
FFFFDF03
FFFFBA55
FFFFE8DC
FFFFFE88
FFFFF6C1
0000052A
00003C29
0000472A
000038BA
00001E8E
FFFFE423
FFFFD717
FFFFE00E
FFFFD2E1
00002343
000008E0
FFFFFDA0
FFFFFDA0
FFFFFDA0
FFFFFDA0
FFFFFDA0
FFFFFDA0
FFFFFDA0
FFFFFDA0
FFFFFA36
00000085
FFFFFDA0
FFFFFDA0
FFFFDD1E
FFFFB36E
FFFFB713
FFFFD542
FFFFF4E4
0000195E
0000299C
FFFFFC41
FFFFF237
FFFFE42F
FFFFDFBD
FFFFCBE1
FFFFB0A7
0000029C
0000290F
00000068
FFFFFDA0
FFFFFDA0
FFFFFDA0
FFFFFDA0
FFFFFDA0
FFFFFDA0
FFFFFDA0
FFFFFDA0
FFFFFA36
00000085
FFFFFDA0
FFFFFDA0
FFFFFDA0
FFFFDB56
FFFFAB6A
FFFFB6A9
FFFFC439
FFFFCB9B
FFFFC6D5
FFFFC714
FFFFC714
FFFFC714
FFFFBF64
FFFFC2D2
00000014
00002594
0000043B
FFFFFDA0
FFFFFDA0
FFFFFDA0
FFFFFDA0
FFFFFDA0
FFFFFDA0
FFFFFDA0
FFFFFDA0
FFFFFDA0
FFFFFA36
00000085
FFFFFDA0
FFFFFDA0
FFFFFDA0
FFFFFDA0
FFFFF6F2
FFFFDBB9
FFFFCB5D
FFFFC7F6
FFFFC166
FFFFCE9C
FFFFCE9C
FFFFCE9C
FFFFE3FC
00000E08
0000138E
00000068
FFFFFDA0
FFFFFDA0
FFFFFDA0
FFFFFDA0
FFFFFDA0
FFFFFDA0
FFFFFDA0
FFFFFDA0
FFFFFDA0
FFFFFDA0
FFFFFA36
00000085
FFFFFDA0
FFFFFDA0
FFFFFDA0
FFFFFDA0
FFFFFDA0
FFFFFDA0
FFFFFDA0
FFFFFDA0
FFFFFDA0
FFFFFDA0
FFFFFDA0
FFFFFDA0
FFFFFDA0
FFFFFDA0
FFFFFDA0
FFFFFDA0
FFFFFDA0
FFFFFDA0
FFFFFDA0
FFFFFDA0
FFFFFDA0
FFFFFDA0
FFFFFDA0
FFFFFDA0
FFFFFDA0
FFFFFDA0
FFFFFA36
00000085
FFFFFDA0
FFFFFDA0
FFFFFDA0
FFFFFDA0
FFFFFDA0
FFFFFDA0
FFFFFDA0
FFFFFDA0
FFFFFDA0
FFFFFDA0
FFFFFDA0
FFFFFDA0
FFFFFDA0
FFFFFDA0
FFFFFDA0
FFFFFDA0
FFFFFDA0
FFFFFDA0
FFFFFDA0
FFFFFDA0
FFFFFDA0
FFFFFDA0
FFFFFDA0
FFFFFDA0
FFFFFDA0
FFFFFDA0
FFFFFA36
00000085
FFFFFDA0
FFFFFDA0
FFFFFDA0
FFFFFDA0
FFFFFDA0
FFFFFDA0
FFFFFDA0
FFFFFDA0
FFFFFDA0
FFFFFDA0
FFFFFDA0
FFFFFDA0
FFFFFDA0
FFFFFDA0
FFFFFDA0
FFFFFDA0
FFFFFDA0
FFFFFDA0
FFFFFDA0
FFFFFDA0
FFFFFDA0
FFFFFDA0
FFFFFDA0
FFFFFDA0
FFFFFDA0
FFFFFDA0
FFFFFA36
00000085
FFFFFDA0
FFFFFDA0
FFFFFDA0
FFFFFDA0
FFFFFDA0
FFFFFDA0
FFFFFDA0
FFFFFDA0
FFFFFDA0
FFFFFDA0
FFFFFDA0
FFFFFDA0
FFFFFDA0
FFFFFDA0
FFFFFDA0
FFFFFDA0
FFFFFDA0
FFFFFDA0
FFFFFDA0
FFFFFDA0
FFFFFDA0
FFFFFDA0
FFFFFDA0
FFFFFDA0
FFFFFDA0
FFFFFDA0
FFFFFA36
00000AC3
000003DC
000003DC
000003DC
000003DC
000003DC
000003DC
000003DC
000003DC
000003DC
000003DC
000003DC
000003DC
000003DC
000003DC
000003DC
000003DC
000003DC
000003DC
000003DC
000003DC
000003DC
000003DC
000003DC
000003DC
000003DC
000003DC
FFFFFE71
FFFFFA34
FFFFF2EE
FFFFF2EE
FFFFF2EE
FFFFF2EE
FFFFF2EE
FFFFF2EE
FFFFF2EE
FFFFF2EE
FFFFF2EE
FFFFF2EE
FFFFF2EE
FFFFF2EE
FFFFF2EE
FFFFF2EE
FFFFF2EE
FFFFF2EE
FFFFF2EE
FFFFF2EE
FFFFF2EE
FFFFF2EE
FFFFF2EE
FFFFF2EE
FFFFF2EE
FFFFF2EE
FFFFF2EE
FFFFF2EE
FFFFF2C8
FFFFF9FB
FFFFF20A
FFFFF20A
FFFFF20A
FFFFF20A
FFFFF20A
FFFFF20A
FFFFF20A
FFFFF20A
FFFFF20A
FFFFF20A
FFFFF20A
FFFFF20A
FFFFF20A
FFFFF20A
FFFFF20A
FFFFF20A
FFFFF20A
FFFFF20A
FFFFF20A
FFFFF20A
FFFFF20A
FFFFF20A
FFFFF20A
FFFFF20A
FFFFF20A
FFFFF20A
FFFFF02F
FFFFF9FB
FFFFF20A
FFFFF20A
FFFFF20A
FFFFF20A
FFFFF20A
FFFFF20A
FFFFF20A
FFFFF20A
FFFFF20A
FFFFF20A
FFFFF20A
FFFFF20A
FFFFF20A
FFFFF20A
FFFFF20A
FFFFF20A
FFFFF20A
FFFFF20A
FFFFF20A
FFFFF20A
FFFFF20A
FFFFF20A
FFFFF20A
FFFFF20A
FFFFF20A
FFFFF20A
FFFFF02F
FFFFF9FB
FFFFF20A
FFFFF20A
FFFFF20A
FFFFF20A
FFFFF20A
FFFFF20A
FFFFF20A
FFFFF20A
FFFFF20A
FFFFF20A
FFFFF20A
FFFFF20A
FFFFF20A
FFFFF20A
FFFFF20A
FFFFF20A
FFFFF20A
FFFFF20A
FFFFF20A
FFFFF20A
FFFFF20A
FFFFF20A
FFFFF20A
FFFFF20A
FFFFF20A
FFFFF20A
FFFFF02F
FFFFF9FB
FFFFF20A
FFFFF20A
FFFFF20A
FFFFF20A
FFFFF20A
FFFFF20A
FFFFF20A
FFFFF20A
FFFFF20A
FFFFF20A
FFFFF20A
FFFFF0AC
FFFFF446
FFFFFC30
FFFFFE46
FFFFFA44
FFFFF20A
FFFFF20A
FFFFF20A
FFFFF20A
FFFFF20A
FFFFF20A
FFFFF20A
FFFFF20A
FFFFF20A
FFFFF20A
FFFFF02F
FFFFF9FB
FFFFF20A
FFFFF20A
FFFFF20A
FFFFF20A
FFFFF20A
FFFFF20A
FFFFF20A
FFFFF20A
FFFFF20A
FFFFF1C4
FFFFEF64
FFFFF61E
00000ECE
0000295C
00002A48
00002B8A
0000215C
0000210E
000022DC
00002096
0000110C
FFFFFE5A
FFFFF42C
FFFFF20A
FFFFF20A
FFFFF20A
FFFFF02F
FFFFF9FB
FFFFF20A
FFFFF20A
FFFFF20A
FFFFF20A
FFFFF20A
FFFFF20A
FFFFF20A
FFFFF20A
FFFFF1C4
FFFFED46
FFFFFD30
000018D9
00001CC1
000023CA
00002539
0000274F
00002484
00002470
000022E4
000026D4
00002D1A
00003124
000019D6
FFFFF64E
FFFFF20A
FFFFF20A
FFFFF02F
FFFFF9FB
FFFFF20A
FFFFF20A
FFFFF20A
FFFFF20A
FFFFF20A
FFFFF20A
FFFFF20A
FFFFF058
FFFFF088
0000084F
0000116A
00001AF2
000025C3
00001948
00001154
000007F3
FFFFFE25
000003A6
0000012F
00000423
00001324
00002059
00003307
00000F2A
FFFFF20A
FFFFF20A
FFFFF02F
FFFFF9FB
FFFFF20A
FFFFF20A
FFFFF20A
FFFFF20A
FFFFF20A
FFFFF20A
FFFFF20A
FFFFEF2C
FFFFF503
0000023F
00001FFE
0000296A
00001694
FFFFFAD4
FFFFF272
FFFFFAA6
FFFFF3CE
FFFFF5CE
FFFFF94E
FFFFECD8
FFFFF5E3
00001F57
00002FF8
00001E96
FFFFF20A
FFFFF20A
FFFFF02F
FFFFF9FB
FFFFF20A
FFFFF20A
FFFFF20A
FFFFF20A
FFFFF20A
FFFFF20A
FFFFF20A
FFFFEEA3
FFFFE68C
00000954
00002E75
00001FC1
0000060C
FFFFF7C3
FFFFF8F7
FFFFF34C
FFFFF44E
FFFFF546
FFFFEDAA
FFFFF398
00000465
0000275B
00003343
00002398
FFFFF20A
FFFFF20A
FFFFF02F
FFFFF9FB
FFFFF20A
FFFFF20A
FFFFF20A
FFFFF20A
FFFFF20A
FFFFF20A
FFFFF20A
FFFFEB5D
FFFFE5FF
0000082C
00002AC3
00003FF8
0000099E
FFFFF26D
FFFFF20A
FFFFF20A
FFFFF20A
FFFFF100
FFFFEFAA
FFFFF9F1
000013C3
00002AF6
000031E7
00001BC7
FFFFF20A
FFFFF20A
FFFFF02F
FFFFF9FB
FFFFF20A
FFFFF20A
FFFFF20A
FFFFF20A
FFFFF20A
FFFFF20A
FFFFF20A
FFFFEDC1
FFFFE3EF
FFFFEB80
00002015
000036F9
00002240
FFFFF90C
FFFFF20A
FFFFF0D6
FFFFF07E
FFFFFEC4
00001940
00001366
0000266B
000029E7
00001EF7
000001BF
FFFFF20A
FFFFF20A
FFFFF02F
FFFFF9FB
FFFFF20A
FFFFF20A
FFFFF20A
FFFFF20A
FFFFF20A
FFFFF20A
FFFFF20A
FFFFECA6
FFFFEE7D
FFFFE829
FFFFFE71
0000225F
0000376C
0000177E
FFFFF424
FFFFF790
00000AA4
00001F13
00001563
000024BA
00001FCE
00000FAF
00000809
FFFFF65E
FFFFF20A
FFFFF20A
FFFFF02F
FFFFF9FB
FFFFF20A
FFFFF20A
FFFFF20A
FFFFF20A
FFFFF20A
FFFFF20A
FFFFF20A
FFFFF20A
FFFFEAEB
FFFFF055
FFFFE552
000002A0
00002215
000032F7
000022AC
00002786
0000176E
000020F5
00002017
000007A4
FFFFFAFC
00000547
FFFFF7A1
FFFFF288
FFFFF20A
FFFFF20A
FFFFF02F
FFFFF9FB
FFFFF20A
FFFFF20A
FFFFF20A
FFFFF20A
FFFFF20A
FFFFF20A
FFFFF20A
FFFFF20A
FFFFF10D
FFFFE64D
FFFFF61E
00000837
00002C36
00002973
000021B8
00001E46
000018A6
FFFFFC8E
FFFFF9BF
000000C7
FFFFFED1
FFFFF590
FFFFF249
FFFFF20A
FFFFF20A
FFFFF20A
FFFFF02F
FFFFF9FB
FFFFF20A
FFFFF20A
FFFFF20A
FFFFF20A
FFFFF20A
FFFFF20A
FFFFEFDA
FFFFF2AC
000004B2
00001F02
00001D39
00001E31
00002996
00002808
00002B84
000023A8
000010DB
00000050
FFFFFDD0
FFFFF59F
FFFFF264
FFFFF20A
FFFFF20A
FFFFF20A
FFFFF20A
FFFFF20A
FFFFF02F
FFFFF9FB
FFFFF20A
FFFFF20A
FFFFF20A
FFFFF138
FFFFF038
FFFFFA60
00001620
000024E6
0000238C
00001BEC
00001B67
0000135D
00000244
00000514
0000200C
00003FAB
00002CD8
FFFFF7F4
FFFFF249
FFFFF20A
FFFFF20A
FFFFF20A
FFFFF20A
FFFFF20A
FFFFF20A
FFFFF20A
FFFFF02F
FFFFF9FB
FFFFF20A
FFFFF20A
FFFFECD8
FFFFF992
00001B74
000021A4
00001C44
00001F55
00001E8D
00000C12
FFFFFC20
FFFFF65C
FFFFFE02
00000888
00002CED
00002F43
00002E34
FFFFFCBA
FFFFF20A
FFFFF20A
FFFFF20A
FFFFF20A
FFFFF20A
FFFFF20A
FFFFF20A
FFFFF20A
FFFFF02F
FFFFF9FB
FFFFF20A
FFFFF20A
FFFFF280
FFFFE805
00000608
00001DFF
000026E9
000028B9
00001C12
00001511
00001A3B
0000208B
00001B9D
00001CFC
00002959
0000354F
000026AE
FFFFF766
FFFFF20A
FFFFF20A
FFFFF20A
FFFFF20A
FFFFF20A
FFFFF20A
FFFFF20A
FFFFF20A
FFFFF02F
FFFFF9FB
FFFFF20A
FFFFF20A
FFFFECED
FFFFE4A3
FFFFEB0E
0000135E
0000268C
00002E56
00003B0B
00002BD0
00002734
00001FC3
00001968
00002689
00002D87
000020DD
000008E9
FFFFF3CA
FFFFF20A
FFFFF20A
FFFFF20A
FFFFF20A
FFFFF20A
FFFFF20A
FFFFF20A
FFFFF20A
FFFFF02F
FFFFF9FB
FFFFF20A
FFFFF20A
FFFFEB7B
FFFFF009
FFFFED84
FFFFEA64
FFFFFB83
00000ED8
00000F89
00001918
0000194A
00001A0C
0000206E
00001D06
00000444
00000CD5
FFFFF8F1
FFFFF252
FFFFF20A
FFFFF20A
FFFFF20A
FFFFF20A
FFFFF20A
FFFFF20A
FFFFF20A
FFFFF20A
FFFFF02F
FFFFF9FB
FFFFF20A
FFFFF20A
FFFFF20A
FFFFEB1F
FFFFEE2A
FFFFF604
FFFFF10C
FFFFF4A0
FFFFEE87
FFFFF176
FFFFF176
FFFFF176
FFFFEF36
FFFFF690
000006B4
FFFFF933
FFFFF2B5
FFFFF20A
FFFFF20A
FFFFF20A
FFFFF20A
FFFFF20A
FFFFF20A
FFFFF20A
FFFFF20A
FFFFF20A
FFFFF02F
FFFFF9FB
FFFFF20A
FFFFF20A
FFFFF20A
FFFFF20A
FFFFF0B1
FFFFEDA2
FFFFF215
FFFFF1E2
FFFFF63C
FFFFF792
FFFFF792
FFFFF792
FFFFFBE2
FFFFFC94
FFFFF550
FFFFF252
FFFFF20A
FFFFF20A
FFFFF20A
FFFFF20A
FFFFF20A
FFFFF20A
FFFFF20A
FFFFF20A
FFFFF20A
FFFFF20A
FFFFF02F
FFFFF9FB
FFFFF20A
FFFFF20A
FFFFF20A
FFFFF20A
FFFFF20A
FFFFF20A
FFFFF20A
FFFFF20A
FFFFF20A
FFFFF20A
FFFFF20A
FFFFF20A
FFFFF20A
FFFFF20A
FFFFF20A
FFFFF20A
FFFFF20A
FFFFF20A
FFFFF20A
FFFFF20A
FFFFF20A
FFFFF20A
FFFFF20A
FFFFF20A
FFFFF20A
FFFFF20A
FFFFF02F
FFFFF9FB
FFFFF20A
FFFFF20A
FFFFF20A
FFFFF20A
FFFFF20A
FFFFF20A
FFFFF20A
FFFFF20A
FFFFF20A
FFFFF20A
FFFFF20A
FFFFF20A
FFFFF20A
FFFFF20A
FFFFF20A
FFFFF20A
FFFFF20A
FFFFF20A
FFFFF20A
FFFFF20A
FFFFF20A
FFFFF20A
FFFFF20A
FFFFF20A
FFFFF20A
FFFFF20A
FFFFF02F
FFFFF9FB
FFFFF20A
FFFFF20A
FFFFF20A
FFFFF20A
FFFFF20A
FFFFF20A
FFFFF20A
FFFFF20A
FFFFF20A
FFFFF20A
FFFFF20A
FFFFF20A
FFFFF20A
FFFFF20A
FFFFF20A
FFFFF20A
FFFFF20A
FFFFF20A
FFFFF20A
FFFFF20A
FFFFF20A
FFFFF20A
FFFFF20A
FFFFF20A
FFFFF20A
FFFFF20A
FFFFF02F
FFFFF9FB
FFFFF20A
FFFFF20A
FFFFF20A
FFFFF20A
FFFFF20A
FFFFF20A
FFFFF20A
FFFFF20A
FFFFF20A
FFFFF20A
FFFFF20A
FFFFF20A
FFFFF20A
FFFFF20A
FFFFF20A
FFFFF20A
FFFFF20A
FFFFF20A
FFFFF20A
FFFFF20A
FFFFF20A
FFFFF20A
FFFFF20A
FFFFF20A
FFFFF20A
FFFFF20A
FFFFF02F
FFFFFBC3
FFFFF99C
FFFFF99C
FFFFF99C
FFFFF99C
FFFFF99C
FFFFF99C
FFFFF99C
FFFFF99C
FFFFF99C
FFFFF99C
FFFFF99C
FFFFF99C
FFFFF99C
FFFFF99C
FFFFF99C
FFFFF99C
FFFFF99C
FFFFF99C
FFFFF99C
FFFFF99C
FFFFF99C
FFFFF99C
FFFFF99C
FFFFF99C
FFFFF99C
FFFFF99C
FFFFF8CB
FFFFFBE2
FFFFFF5F
FFFFFF5F
FFFFFF5F
FFFFFF5F
FFFFFF5F
FFFFFF5F
FFFFFF5F
FFFFFF5F
FFFFFF5F
FFFFFF5F
FFFFFF5F
FFFFFF5F
FFFFFF5F
FFFFFF5F
FFFFFF5F
FFFFFF5F
FFFFFF5F
FFFFFF5F
FFFFFF5F
FFFFFF5F
FFFFFF5F
FFFFFF5F
FFFFFF5F
FFFFFF5F
FFFFFF5F
FFFFFF5F
00000A94
FFFFF8EA
FFFFFA40
FFFFFA40
FFFFFA40
FFFFFA40
FFFFFA40
FFFFFA40
FFFFFA40
FFFFFA40
FFFFFA40
FFFFFA40
FFFFFA40
FFFFFA40
FFFFFA40
FFFFFA40
FFFFFA40
FFFFFA40
FFFFFA40
FFFFFA40
FFFFFA40
FFFFFA40
FFFFFA40
FFFFFA40
FFFFFA40
FFFFFA40
FFFFFA40
FFFFFA40
00000A6E
FFFFF8EA
FFFFFA40
FFFFFA40
FFFFFA40
FFFFFA40
FFFFFA40
FFFFFA40
FFFFFA40
FFFFFA40
FFFFFA40
FFFFFA40
FFFFFA40
FFFFFA40
FFFFFA40
FFFFFA40
FFFFFA40
FFFFFA40
FFFFFA40
FFFFFA40
FFFFFA40
FFFFFA40
FFFFFA40
FFFFFA40
FFFFFA40
FFFFFA40
FFFFFA40
FFFFFA40
00000A6E
FFFFF8EA
FFFFFA40
FFFFFA40
FFFFFA40
FFFFFA40
FFFFFA40
FFFFFA40
FFFFFA40
FFFFFA40
FFFFFA40
FFFFFA40
FFFFFA40
FFFFFA40
FFFFFA40
FFFFFA40
FFFFFA40
FFFFFA40
FFFFFA40
FFFFFA40
FFFFFA40
FFFFFA40
FFFFFA40
FFFFFA40
FFFFFA40
FFFFFA40
FFFFFA40
FFFFFA40
00000A6E
FFFFF8EA
FFFFFA40
FFFFFA40
FFFFFA40
FFFFFA40
FFFFFA40
FFFFFA40
FFFFFA40
FFFFFA40
FFFFFA40
FFFFFA40
FFFFFA40
00000116
FFFFFC75
FFFFFEF9
FFFFF7D3
FFFFFD6A
FFFFFA40
FFFFFA40
FFFFFA40
FFFFFA40
FFFFFA40
FFFFFA40
FFFFFA40
FFFFFA40
FFFFFA40
FFFFFA40
00000A6E
FFFFF8EA
FFFFFA40
FFFFFA40
FFFFFA40
FFFFFA40
FFFFFA40
FFFFFA40
FFFFFA40
FFFFFA40
FFFFFA40
FFFFFB9E
00000A2B
00001D03
00000C4A
00000D39
FFFFFD34
00000AC0
00001008
00000FEA
000006E4
00000099
FFFFFE77
FFFFFD23
FFFFFB12
FFFFFA40
FFFFFA40
FFFFFA40
00000A6E
FFFFF8EA
FFFFFA40
FFFFFA40
FFFFFA40
FFFFFA40
FFFFFA40
FFFFFA40
FFFFFA40
FFFFFA40
FFFFFB9E
00001782
00001ECD
00002F18
000007D8
FFFFF17A
FFFFE1CF
FFFFEC77
FFFFF18A
FFFFF1D7
FFFFE766
FFFFE286
FFFFEBAB
FFFFE87F
0000038B
FFFFFBE4
FFFFFA40
FFFFFA40
00000A6E
FFFFF8EA
FFFFFA40
FFFFFA40
FFFFFA40
FFFFFA40
FFFFFA40
FFFFFA40
FFFFFA40
000002BA
00001522
00002E7C
00002CBC
00000CD5
FFFFFA72
00000844
FFFFF238
000001F8
FFFFF542
FFFFF5F2
FFFFFB70
FFFFF2C8
FFFFE6EB
FFFFBA6A
FFFFCFEB
000000D2
FFFFFA40
FFFFFA40
00000A6E
FFFFF8EA
FFFFFA40
FFFFFA40
FFFFFA40
FFFFFA40
FFFFFA40
FFFFFA40
FFFFFA40
000019A9
00002DDE
00002865
00000583
FFFFE458
FFFFF446
0000009E
FFFFFF52
00001185
000015BB
00000EBB
000021EB
00003B3F
00001CDC
FFFFD891
FFFFB62C
FFFFEE58
FFFFFA40
FFFFFA40
00000A6E
FFFFF8EA
FFFFFA40
FFFFFA40
FFFFFA40
FFFFFA40
FFFFFA40
FFFFFA40
FFFFFA40
000030F6
000041D3
0000132B
FFFFDEE6
FFFFDC62
FFFFED34
00000F43
000003B8
00000CCE
00000513
00000566
00001D91
00005009
00003E9D
000002DD
FFFFA77D
FFFFEE75
FFFFFA40
FFFFFA40
00000A6E
FFFFF8EA
FFFFFA40
FFFFFA40
FFFFFA40
FFFFFA40
FFFFFA40
FFFFFA40
FFFFFA40
00003854
00004849
00001352
FFFFC64A
FFFFD7C7
000009CB
FFFFFB7F
FFFFFA40
FFFFFA40
FFFFFA40
FFFFFF72
0000276D
00003ED6
000025EA
FFFFF04D
FFFFAA6F
FFFFEE58
FFFFFA40
FFFFFA40
00000A6E
FFFFF8EA
FFFFFA40
FFFFFA40
FFFFFA40
FFFFFA40
FFFFFA40
FFFFFA40
FFFFFA40
000021E9
00004A3D
00001E6D
FFFFC730
FFFFC80B
FFFFF487
FFFFFCF2
FFFFFA40
00000044
00000DC2
00001845
00003CB2
000033C9
FFFFFEB4
FFFFDDF0
FFFFBEB9
FFFFEDED
FFFFFA40
FFFFFA40
00000A6E
FFFFF8EA
FFFFFA40
FFFFFA40
FFFFFA40
FFFFFA40
FFFFFA40
FFFFFA40
FFFFFA40
000009F4
000037C6
000047A4
FFFFFEAD
FFFFC6C6
FFFFCC29
00000552
0000021D
00001FDD
00001FB9
0000246F
0000169A
FFFFF5DB
FFFFE7C3
FFFFD404
FFFFDE70
00000076
FFFFFA40
FFFFFA40
00000A6E
FFFFF8EA
FFFFFA40
FFFFFA40
FFFFFA40
FFFFFA40
FFFFFA40
FFFFFA40
FFFFFA40
FFFFFA40
000013FA
00003A49
00003D25
FFFFE8AF
FFFFC98D
FFFFFACD
0000197B
000031E1
00001DEF
FFFFFA95
FFFFEDC6
FFFFED84
FFFFDA3A
FFFFE93A
00000256
FFFFFBD6
FFFFFA40
FFFFFA40
00000A6E
FFFFF8EA
FFFFFA40
FFFFFA40
FFFFFA40
FFFFFA40
FFFFFA40
FFFFFA40
FFFFFA40
FFFFFA40
FFFFFD21
000029B0
00005080
00002F06
FFFFEDBB
FFFFFFFB
FFFFF868
FFFFF4AC
FFFFF03C
FFFFE584
FFFFE1C0
FFFFF908
FFFFFF23
00000293
FFFFFB0B
FFFFFA40
FFFFFA40
FFFFFA40
00000A6E
FFFFF8EA
FFFFFA40
FFFFFA40
FFFFFA40
FFFFFA40
FFFFFA40
FFFFFA40
00000530
00000C7E
00001281
00002437
00004ACF
000022B0
00000CA4
00001122
FFFFF5C6
FFFFDCB6
FFFFF37C
0000003A
0000023E
00000177
FFFFFB62
FFFFFA40
FFFFFA40
FFFFFA40
FFFFFA40
FFFFFA40
00000A6E
FFFFF8EA
FFFFFA40
FFFFFA40
FFFFFA40
FFFFFE5A
00000B61
000010C8
00001BE6
0000258A
00001868
FFFFFCC7
FFFFF877
FFFFF6C8
000015DC
00000938
FFFFF13F
FFFFBE63
FFFFFFFC
FFFFFFE7
FFFFFB0B
FFFFFA40
FFFFFA40
FFFFFA40
FFFFFA40
FFFFFA40
FFFFFA40
FFFFFA40
00000A6E
FFFFF8EA
FFFFFA40
FFFFFA40
0000143A
00000FB2
00002439
00002198
00000C9E
FFFFF583
FFFFF3D5
FFFFEBF0
FFFFEC2B
000006BE
00004430
00002F07
00000270
FFFFAB09
FFFFDDDC
FFFFFA64
FFFFFA40
FFFFFA40
FFFFFA40
FFFFFA40
FFFFFA40
FFFFFA40
FFFFFA40
FFFFFA40
00000A6E
FFFFF8EA
FFFFFA40
FFFFFA40
00002C45
0000231B
000005F6
000009E0
00000222
FFFFEC40
FFFFF923
00000539
00001DBC
0000302B
00004FAD
000024BD
00000B14
FFFFA819
FFFFE127
FFFFF2EC
FFFFFA40
FFFFFA40
FFFFFA40
FFFFFA40
FFFFFA40
FFFFFA40
FFFFFA40
FFFFFA40
00000A6E
FFFFF8EA
FFFFFA40
FFFFFA40
00002A36
00003F29
00001D56
00000907
00000767
FFFFEE37
00000466
00001489
00000AC0
000010CC
000011DB
00000312
FFFFEC5B
FFFFBD28
FFFFDFA0
FFFFFB78
FFFFFA40
FFFFFA40
FFFFFA40
FFFFFA40
FFFFFA40
FFFFFA40
FFFFFA40
FFFFFA40
00000A6E
FFFFF8EA
FFFFFA40
FFFFFA40
00000D5B
000030DD
000030E1
00001BDE
FFFFFC22
FFFFF7F8
FFFFFB39
FFFFFAFD
00000229
000008C9
FFFFFBA7
FFFFF361
FFFFD5AD
FFFFD28D
00000288
FFFFFB28
FFFFFA40
FFFFFA40
FFFFFA40
FFFFFA40
FFFFFA40
FFFFFA40
FFFFFA40
FFFFFA40
00000A6E
FFFFF8EA
FFFFFA40
FFFFFA40
FFFFFA40
00000E67
00001AFE
00002A90
000020FA
000019B6
000009D8
FFFFFE4D
FFFFFE4D
FFFFFE4D
FFFFEF1D
FFFFE6D5
FFFFEA47
000004AE
FFFFFC67
FFFFFA40
FFFFFA40
FFFFFA40
FFFFFA40
FFFFFA40
FFFFFA40
FFFFFA40
FFFFFA40
FFFFFA40
00000A6E
FFFFF8EA
FFFFFA40
FFFFFA40
FFFFFA40
FFFFFA40
FFFFFE2D
000009F1
000009ED
0000182C
000015C0
00001A0E
00001A0E
00001A0E
00000D7E
00000254
00000156
FFFFFB28
FFFFFA40
FFFFFA40
FFFFFA40
FFFFFA40
FFFFFA40
FFFFFA40
FFFFFA40
FFFFFA40
FFFFFA40
FFFFFA40
00000A6E
FFFFF8EA
FFFFFA40
FFFFFA40
FFFFFA40
FFFFFA40
FFFFFA40
FFFFFA40
FFFFFA40
FFFFFA40
FFFFFA40
FFFFFA40
FFFFFA40
FFFFFA40
FFFFFA40
FFFFFA40
FFFFFA40
FFFFFA40
FFFFFA40
FFFFFA40
FFFFFA40
FFFFFA40
FFFFFA40
FFFFFA40
FFFFFA40
FFFFFA40
FFFFFA40
FFFFFA40
00000A6E
FFFFF8EA
FFFFFA40
FFFFFA40
FFFFFA40
FFFFFA40
FFFFFA40
FFFFFA40
FFFFFA40
FFFFFA40
FFFFFA40
FFFFFA40
FFFFFA40
FFFFFA40
FFFFFA40
FFFFFA40
FFFFFA40
FFFFFA40
FFFFFA40
FFFFFA40
FFFFFA40
FFFFFA40
FFFFFA40
FFFFFA40
FFFFFA40
FFFFFA40
FFFFFA40
FFFFFA40
00000A6E
FFFFF8EA
FFFFFA40
FFFFFA40
FFFFFA40
FFFFFA40
FFFFFA40
FFFFFA40
FFFFFA40
FFFFFA40
FFFFFA40
FFFFFA40
FFFFFA40
FFFFFA40
FFFFFA40
FFFFFA40
FFFFFA40
FFFFFA40
FFFFFA40
FFFFFA40
FFFFFA40
FFFFFA40
FFFFFA40
FFFFFA40
FFFFFA40
FFFFFA40
FFFFFA40
FFFFFA40
00000A6E
FFFFF8EA
FFFFFA40
FFFFFA40
FFFFFA40
FFFFFA40
FFFFFA40
FFFFFA40
FFFFFA40
FFFFFA40
FFFFFA40
FFFFFA40
FFFFFA40
FFFFFA40
FFFFFA40
FFFFFA40
FFFFFA40
FFFFFA40
FFFFFA40
FFFFFA40
FFFFFA40
FFFFFA40
FFFFFA40
FFFFFA40
FFFFFA40
FFFFFA40
FFFFFA40
FFFFFA40
00000A6E
FFFFFA2D
FFFFFDBD
FFFFFDBD
FFFFFDBD
FFFFFDBD
FFFFFDBD
FFFFFDBD
FFFFFDBD
FFFFFDBD
FFFFFDBD
FFFFFDBD
FFFFFDBD
FFFFFDBD
FFFFFDBD
FFFFFDBD
FFFFFDBD
FFFFFDBD
FFFFFDBD
FFFFFDBD
FFFFFDBD
FFFFFDBD
FFFFFDBD
FFFFFDBD
FFFFFDBD
FFFFFDBD
FFFFFDBD
FFFFFDBD
000008B9
FFFFF213
FFFFF2E4
FFFFF2E4
FFFFF2E4
FFFFF2E4
FFFFF2E4
FFFFF2E4
FFFFF2E4
FFFFF2E4
FFFFF2E4
FFFFF2E4
FFFFF2E4
FFFFF2E4
FFFFF2E4
FFFFF2E4
FFFFF2E4
FFFFF2E4
FFFFF2E4
FFFFF2E4
FFFFF2E4
FFFFF2E4
FFFFF2E4
FFFFF2E4
FFFFF2E4
FFFFF2E4
FFFFF2E4
FFFFF2E4
FFFFFA04
FFFFFE65
0000002D
0000002D
0000002D
0000002D
0000002D
0000002D
0000002D
0000002D
0000002D
0000002D
0000002D
0000002D
0000002D
0000002D
0000002D
0000002D
0000002D
0000002D
0000002D
0000002D
0000002D
0000002D
0000002D
0000002D
0000002D
0000002D
FFFFFFCE
FFFFFE65
0000002D
0000002D
0000002D
0000002D
0000002D
0000002D
0000002D
0000002D
0000002D
0000002D
0000002D
0000002D
0000002D
0000002D
0000002D
0000002D
0000002D
0000002D
0000002D
0000002D
0000002D
0000002D
0000002D
0000002D
0000002D
0000002D
FFFFFFCE
FFFFFE65
0000002D
0000002D
0000002D
0000002D
0000002D
0000002D
0000002D
0000002D
0000002D
0000002D
0000002D
0000002D
0000002D
0000002D
0000002D
0000002D
0000002D
0000002D
0000002D
0000002D
0000002D
0000002D
0000002D
0000002D
0000002D
0000002D
FFFFFFCE
FFFFFE65
0000002D
0000002D
0000002D
0000002D
0000002D
0000002D
0000002D
0000002D
0000002D
0000002D
0000002D
00000B4F
00000896
00000F09
0000038D
00000774
0000002D
0000002D
0000002D
0000002D
0000002D
0000002D
0000002D
0000002D
0000002D
0000002D
FFFFFFCE
FFFFFE65
0000002D
0000002D
0000002D
0000002D
0000002D
0000002D
0000002D
0000002D
0000002D
00000267
00001B10
0000367C
0000408E
00004EBD
000044F9
0000422B
000043BE
00004379
000034C7
0000242C
000014DB
00000923
00000210
0000002D
0000002D
0000002D
FFFFFFCE
FFFFFE65
0000002D
0000002D
0000002D
0000002D
0000002D
0000002D
0000002D
0000002D
00000267
00002DDC
00002FB1
000040A8
000044B3
00002A10
000035D1
000036DA
0000401F
0000406F
000042C1
00003EA7
000035F5
000011E2
00001CD9
000003F3
0000002D
0000002D
FFFFFFCE
FFFFFE65
0000002D
0000002D
0000002D
0000002D
0000002D
0000002D
0000002D
00000DFB
00002F00
0000301D
00003D5B
FFFFF27F
FFFFBFF8
FFFFB8EB
FFFFA6A8
FFFFBBC0
FFFFADD7
FFFFAFBA
FFFFD1A1
FFFFF5FC
0000200F
0000201B
FFFFF6A7
00001499
0000002D
0000002D
FFFFFFCE
FFFFFE65
0000002D
0000002D
0000002D
0000002D
0000002D
0000002D
0000002D
0000212D
00003239
00001CC9
FFFFE35A
FFFFA3D9
FFFF9F4F
FFFF8589
FFFF9220
FFFF87F4
FFFF98CC
FFFF925C
FFFF8E94
FFFFC0CA
FFFFCF46
FFFFFFEC
FFFFF38D
00000354
0000002D
0000002D
FFFFFFCE
FFFFFE65
0000002D
0000002D
0000002D
0000002D
0000002D
0000002D
0000002D
00001192
00000765
FFFFE6D1
FFFF9E5D
FFFFB866
FFFFA0A1
FFFFC79D
FFFFDC85
FFFFDEED
FFFFDE0E
FFFFE1E9
FFFFE49C
FFFFE761
FFFFE445
FFFFF344
FFFFE526
FFFFF64E
0000002D
0000002D
FFFFFFCE
FFFFFE65
0000002D
0000002D
0000002D
0000002D
0000002D
0000002D
0000002D
FFFFF62C
FFFFF283
FFFFD7E5
FFFFC5CF
FFFFCB2E
0000041A
FFFFFF9E
0000002D
0000002D
0000002D
000008A3
000034D0
00000FA2
0000073D
FFFFCF6A
FFFFE1FA
FFFFED04
0000002D
0000002D
FFFFFFCE
FFFFFE65
0000002D
0000002D
0000002D
0000002D
0000002D
0000002D
0000002D
FFFFDCCA
FFFFDC29
FFFFD655
FFFFFBCD
FFFFF47E
00000D87
00000660
0000002D
000009F9
0000242F
0000389F
00002E08
00001F4F
FFFFCF82
FFFFB01D
FFFFDB5C
FFFFE10E
0000002D
0000002D
FFFFFFCE
FFFFFE65
0000002D
0000002D
0000002D
0000002D
0000002D
0000002D
0000002D
FFFFE881
FFFFB6A8
FFFFD8E6
FFFFED65
000016E2
FFFFF1C2
00002088
00001109
000039F1
00003715
00004B8C
00000DF3
FFFFC64B
FFFFA1DA
FFFFAD4A
FFFFC653
FFFFF721
0000002D
0000002D
FFFFFFCE
FFFFFE65
0000002D
0000002D
0000002D
0000002D
0000002D
0000002D
0000002D
0000002D
FFFFDDDE
FFFFB063
FFFFE3C4
FFFFF57F
0000232F
00002C3E
00004DF5
000041E5
00002D3F
FFFFD033
FFFFA63E
FFFF9715
FFFF97B0
FFFFC1B9
FFFFF534
FFFFFF77
0000002D
0000002D
FFFFFFCE
FFFFFE65
0000002D
0000002D
0000002D
0000002D
0000002D
0000002D
0000002D
0000002D
FFFFFBD6
FFFFE9ED
FFFFD56E
FFFFF26E
00001A31
00002909
000025CA
FFFFD320
FFFFACCB
FFFF920F
FFFF8958
FFFFA434
FFFFDF7A
FFFFFA56
FFFFFFD2
0000002D
0000002D
0000002D
FFFFFFCE
FFFFFE65
0000002D
0000002D
0000002D
0000002D
0000002D
0000002D
000011FD
00002597
00003D82
00003DE9
00002486
FFFFFBCB
FFFFE51A
FFFFDF92
FFFFB8AC
FFFFA5B9
FFFF91FF
FFFFADD3
FFFFE0B4
FFFFF9EE
FFFFFFAB
0000002D
0000002D
0000002D
0000002D
0000002D
FFFFFFCE
FFFFFE65
0000002D
0000002D
0000002D
000006DB
00001EF6
0000344E
00003ECD
0000519C
00005227
000022F7
FFFFDC43
FFFFAF9D
FFFFC72B
FFFFBD30
FFFFD9F6
FFFFC030
FFFFFAE1
FFFFFF66
FFFFFFD2
0000002D
0000002D
0000002D
0000002D
0000002D
0000002D
0000002D
FFFFFFCE
FFFFFE65
0000002D
0000002D
00002A7B
00002C9E
00004553
0000526F
00003DE5
FFFFF946
FFFFB9CB
FFFFA1BD
FFFF88A1
FFFF9E7B
FFFFBDF2
FFFFDACC
FFFFFB92
FFFFF9F0
FFFFF586
0000050D
0000002D
0000002D
0000002D
0000002D
0000002D
0000002D
0000002D
0000002D
FFFFFFCE
FFFFFE65
0000002D
0000002D
00001A01
00003C73
000014B6
FFFFF856
FFFFD2E2
FFFFB4E2
FFFFBB29
FFFFBEC5
FFFFF7AA
00001EB0
00000F87
FFFFFE56
FFFFD48F
FFFFD906
FFFFF202
FFFFF7B9
0000002D
0000002D
0000002D
0000002D
0000002D
0000002D
0000002D
0000002D
FFFFFFCE
FFFFFE65
0000002D
0000002D
FFFFD590
FFFFDC37
FFFFD28B
FFFFC61F
FFFFD8B9
FFFFED05
00000B7C
00003E5D
000043C6
000030DC
00000053
FFFFD696
FFFFA1FB
FFFFD7BD
FFFFCEAF
FFFFFC0D
0000002D
0000002D
0000002D
0000002D
0000002D
0000002D
0000002D
0000002D
FFFFFFCE
FFFFFE65
0000002D
0000002D
FFFFE360
FFFFAF05
FFFFACDE
FFFFB305
FFFFAE3E
FFFFE9C7
FFFFF1E9
FFFFF3B0
FFFFE3D8
FFFFD148
FFFFB37A
FFFF9E5E
FFFFA10E
FFFFB1EB
FFFFF18E
FFFFFFC5
0000002D
0000002D
0000002D
0000002D
0000002D
0000002D
0000002D
0000002D
FFFFFFCE
FFFFFE65
0000002D
0000002D
0000002D
FFFFE1CC
FFFFB520
FFFF9EC7
FFFF9F64
FFFF8FBD
FFFF942D
FFFF885A
FFFF885A
FFFF885A
FFFF8BBA
FFFF8ABC
FFFFBBFE
FFFFF233
FFFFFF36
0000002D
0000002D
0000002D
0000002D
0000002D
0000002D
0000002D
0000002D
0000002D
FFFFFFCE
FFFFFE65
0000002D
0000002D
0000002D
0000002D
FFFFFA42
FFFFE254
FFFFCF18
FFFFB9F5
FFFFAF99
FFFFADAB
FFFFADAB
FFFFADAB
FFFFC09B
FFFFE541
FFFFFA97
FFFFFFC5
0000002D
0000002D
0000002D
0000002D
0000002D
0000002D
0000002D
0000002D
0000002D
0000002D
FFFFFFCE
FFFFFE65
0000002D
0000002D
0000002D
0000002D
0000002D
0000002D
0000002D
0000002D
0000002D
0000002D
0000002D
0000002D
0000002D
0000002D
0000002D
0000002D
0000002D
0000002D
0000002D
0000002D
0000002D
0000002D
0000002D
0000002D
0000002D
0000002D
FFFFFFCE
FFFFFE65
0000002D
0000002D
0000002D
0000002D
0000002D
0000002D
0000002D
0000002D
0000002D
0000002D
0000002D
0000002D
0000002D
0000002D
0000002D
0000002D
0000002D
0000002D
0000002D
0000002D
0000002D
0000002D
0000002D
0000002D
0000002D
0000002D
FFFFFFCE
FFFFFE65
0000002D
0000002D
0000002D
0000002D
0000002D
0000002D
0000002D
0000002D
0000002D
0000002D
0000002D
0000002D
0000002D
0000002D
0000002D
0000002D
0000002D
0000002D
0000002D
0000002D
0000002D
0000002D
0000002D
0000002D
0000002D
0000002D
FFFFFFCE
FFFFFE65
0000002D
0000002D
0000002D
0000002D
0000002D
0000002D
0000002D
0000002D
0000002D
0000002D
0000002D
0000002D
0000002D
0000002D
0000002D
0000002D
0000002D
0000002D
0000002D
0000002D
0000002D
0000002D
0000002D
0000002D
0000002D
0000002D
FFFFFFCE
0000041C
00000B03
00000B03
00000B03
00000B03
00000B03
00000B03
00000B03
00000B03
00000B03
00000B03
00000B03
00000B03
00000B03
00000B03
00000B03
00000B03
00000B03
00000B03
00000B03
00000B03
00000B03
00000B03
00000B03
00000B03
00000B03
00000B03
0000022E
00001041
000016B6
000016B6
000016B6
000016B6
000016B6
000016B6
000016B6
000016B6
000016B6
000016B6
000016B6
000016B6
000016B6
000016B6
000016B6
000016B6
000016B6
000016B6
000016B6
000016B6
000016B6
000016B6
000016B6
000016B6
000016B6
000016B6
000013BE
000013AB
000017C0
000017C0
000017C0
000017C0
000017C0
000017C0
000017C0
000017C0
000017C0
000017C0
000017C0
000017C0
000017C0
000017C0
000017C0
000017C0
000017C0
000017C0
000017C0
000017C0
000017C0
000017C0
000017C0
000017C0
000017C0
000017C0
00000F70
000013AB
000017C0
000017C0
000017C0
000017C0
000017C0
000017C0
000017C0
000017C0
000017C0
000017C0
000017C0
000017C0
000017C0
000017C0
000017C0
000017C0
000017C0
000017C0
000017C0
000017C0
000017C0
000017C0
000017C0
000017C0
000017C0
000017C0
00000F70
000013AB
000017C0
000017C0
000017C0
000017C0
000017C0
000017C0
000017C0
000017C0
000017C0
000017C0
000017C0
000017C0
000017C0
000017C0
000017C0
000017C0
000017C0
000017C0
000017C0
000017C0
000017C0
000017C0
000017C0
000017C0
000017C0
000017C0
00000F70
000013AB
000017C0
000017C0
000017C0
000017C0
000017C0
000017C0
000017C0
000017C0
000017C0
000017C0
000017C0
000016AD
0000196C
0000131B
000013BE
000010AF
000017C0
000017C0
000017C0
000017C0
000017C0
000017C0
000017C0
000017C0
000017C0
000017C0
00000F70
000013AB
000017C0
000017C0
000017C0
000017C0
000017C0
000017C0
000017C0
000017C0
000017C0
00001789
000015A7
0000147D
00000492
FFFFECDB
FFFFF05A
FFFFF81A
000000E7
0000012A
00000295
000000E8
00000565
00000EDC
000015EB
000017C0
000017C0
000017C0
00000F70
000013AB
000017C0
000017C0
000017C0
000017C0
000017C0
000017C0
000017C0
000017C0
00001789
0000133D
0000131C
FFFFD662
FFFFA941
FFFFA577
FFFFB019
FFFFB7BA
FFFFB6C7
FFFFB6DB
FFFFBA98
FFFFCD0D
FFFFE6F4
FFFFF95E
FFFFF8DC
00001416
000017C0
000017C0
00000F70
000013AB
000017C0
000017C0
000017C0
000017C0
000017C0
000017C0
000017C0
0000166B
000015B6
00000746
FFFFB86A
FFFF8A32
FFFF941C
FFFFA1E8
FFFFB5E0
FFFFAE48
FFFFB781
FFFFB23A
FFFFB9C7
FFFFC9D8
FFFFC375
FFFFCB46
FFFFEE0B
FFFFFE94
000017C0
000017C0
00000F70
000013AB
000017C0
000017C0
000017C0
000017C0
000017C0
000017C0
000017C0
000010D8
FFFFFFB1
FFFFAFA2
FFFF8D24
FFFF9FDD
FFFFB2A8
FFFFDEF7
FFFFE977
FFFFF6B3
FFFFF2D1
FFFFF453
FFFFF2F1
FFFFD8A2
FFFFD0E4
FFFFD8B6
FFFFE08E
FFFFF2A5
000017C0
000017C0
00000F70
000013AB
000017C0
000017C0
000017C0
000017C0
000017C0
000017C0
000017C0
000002B0
FFFFCD66
FFFFA457
FFFFA4CB
FFFFBA2C
0000110F
00001806
00001EBA
0000156C
000013E2
00001848
000007B8
FFFFF663
FFFFD17D
FFFFB5B8
FFFFDFE9
FFFFFA21
000017C0
000017C0
00000F70
000013AB
000017C0
000017C0
000017C0
000017C0
000017C0
000017C0
000017C0
FFFFF601
FFFFC7F7
FFFFB242
FFFFBADB
000003B5
00001728
00001920
000017C0
000017C0
000017C0
000016EF
00000F84
FFFFE227
FFFF95C4
FFFFA466
FFFFDF92
00000558
000017C0
000017C0
00000F70
000013AB
000017C0
000017C0
000017C0
000017C0
000017C0
000017C0
000017C0
FFFFFABC
FFFFCB3E
FFFFBCA6
FFFFDF3C
FFFFF095
FFFFF4CA
000011BB
000017C0
000016CE
00001676
00001394
FFFFE8C4
FFFF93DB
FFFF946B
FFFFABDB
FFFFED2B
00001C06
000017C0
000017C0
00000F70
000013AB
000017C0
000017C0
000017C0
000017C0
000017C0
000017C0
000017C0
000006E0
FFFFEAF6
FFFFCFA0
FFFFDD4B
FFFFDBEE
FFFFF2E5
FFFFF6D2
000016D5
00000F21
0000036F
FFFFC468
FFFF894E
FFFF8ECD
FFFFA521
FFFFD508
000023D1
00002228
000017C0
000017C0
00000F70
000013AB
000017C0
000017C0
000017C0
000017C0
000017C0
000017C0
000017C0
000017C0
FFFFFE99
FFFFE608
FFFFCA53
FFFFE62B
FFFFDB7C
FFFFEF61
FFFFF451
FFFFD6F3
FFFF9D10
FFFF8C92
FFFF9A6E
FFFFB6F5
FFFFEEA9
00002763
00002580
00001980
000017C0
000017C0
00000F70
000013AB
000017C0
000017C0
000017C0
000017C0
000017C0
000017C0
000017C0
000017C0
000014A8
FFFFF576
FFFFEB1C
FFFFCBE6
FFFFCBC5
FFFFBA89
FFFFA389
FFFF8AFC
FFFF907D
FFFFBB62
FFFFEA5E
000016BA
00002D20
00002276
000018A0
000017C0
000017C0
000017C0
00000F70
000013AB
000017C0
000017C0
000017C0
000017C0
000017C0
000017C0
00001608
0000181D
0000120A
FFFFFF2D
FFFFB542
FFFF981D
FFFFA363
FFFF9F1F
FFFFA070
FFFFAC94
FFFFE4BB
00001CC1
00002C8E
000021E4
00001900
000017C0
000017C0
000017C0
000017C0
000017C0
00000F70
000013AB
000017C0
000017C0
000017C0
0000171B
00001645
00001689
00000893
FFFFE4A1
FFFFC22D
FFFF9C26
FFFF870F
FFFF98B5
FFFFA6D4
FFFFB8A7
FFFFB22D
FFFFEE45
00000182
00001AD2
000018A0
000017C0
000017C0
000017C0
000017C0
000017C0
000017C0
000017C0
00000F70
000013AB
000017C0
000017C0
000013AB
00001B19
FFFFF96C
FFFFD1D1
FFFFA6A2
FFFF929D
FFFF8D60
FFFFA395
FFFFCD03
FFFFE5B2
FFFFED30
FFFFC8C9
FFFFB849
FFFFD52C
FFFFEE19
00000E70
000017C0
000017C0
000017C0
000017C0
000017C0
000017C0
000017C0
000017C0
00000F70
000013AB
000017C0
000017C0
000009DA
FFFFE106
FFFFAF3B
FFFF8C3D
FFFF9670
FFFFA612
FFFFC0A1
FFFFFEF6
00000F02
0000087D
FFFFC89D
FFFF9868
FFFF9DF1
FFFFD54F
FFFFF163
000014A8
000017C0
000017C0
000017C0
000017C0
000017C0
000017C0
000017C0
000017C0
00000F70
000013AB
000017C0
000017C0
FFFFF4C3
FFFFCB75
FFFFBBCF
FFFFAE9C
FFFFA4DA
FFFFC1B9
FFFFE8F0
FFFFDD0B
FFFFC7F9
FFFFA8F5
FFFF87A1
FFFF9393
FFFFA3E5
FFFFCF8D
00001AC3
00001B20
000017C0
000017C0
000017C0
000017C0
000017C0
000017C0
000017C0
000017C0
00000F70
000013AB
000017C0
000017C0
00000338
FFFFEDA9
FFFFD82A
FFFFC1CC
FFFFC270
FFFFC485
FFFFB5EC
FFFFA0A6
FFFF9DAA
FFFF9AAE
FFFFA2D6
FFFFA526
FFFFC12E
0000211B
00002774
000018C0
000017C0
000017C0
000017C0
000017C0
000017C0
000017C0
000017C0
000017C0
00000F70
000013AB
000017C0
000017C0
000017C0
00000218
FFFFF70F
FFFFF937
FFFFEA64
FFFFDDD6
FFFFCDC6
FFFFCAAE
FFFFCAAE
FFFFCAAE
FFFFD01E
FFFFEE04
00002936
0000296E
00001A20
000017C0
000017C0
000017C0
000017C0
000017C0
000017C0
000017C0
000017C0
000017C0
00000F70
000013AB
000017C0
000017C0
000017C0
000017C0
00001388
000006B6
000009D4
000006F0
00000C8C
0000114C
0000114C
0000114C
00001ECC
00002B5C
00002150
000018C0
000017C0
000017C0
000017C0
000017C0
000017C0
000017C0
000017C0
000017C0
000017C0
000017C0
00000F70
000013AB
000017C0
000017C0
000017C0
000017C0
000017C0
000017C0
000017C0
000017C0
000017C0
000017C0
000017C0
000017C0
000017C0
000017C0
000017C0
000017C0
000017C0
000017C0
000017C0
000017C0
000017C0
000017C0
000017C0
000017C0
000017C0
000017C0
00000F70
000013AB
000017C0
000017C0
000017C0
000017C0
000017C0
000017C0
000017C0
000017C0
000017C0
000017C0
000017C0
000017C0
000017C0
000017C0
000017C0
000017C0
000017C0
000017C0
000017C0
000017C0
000017C0
000017C0
000017C0
000017C0
000017C0
000017C0
00000F70
000013AB
000017C0
000017C0
000017C0
000017C0
000017C0
000017C0
000017C0
000017C0
000017C0
000017C0
000017C0
000017C0
000017C0
000017C0
000017C0
000017C0
000017C0
000017C0
000017C0
000017C0
000017C0
000017C0
000017C0
000017C0
000017C0
000017C0
00000F70
000013AB
000017C0
000017C0
000017C0
000017C0
000017C0
000017C0
000017C0
000017C0
000017C0
000017C0
000017C0
000017C0
000017C0
000017C0
000017C0
000017C0
000017C0
000017C0
000017C0
000017C0
000017C0
000017C0
000017C0
000017C0
000017C0
000017C0
00000F70
00001501
0000141D
0000141D
0000141D
0000141D
0000141D
0000141D
0000141D
0000141D
0000141D
0000141D
0000141D
0000141D
0000141D
0000141D
0000141D
0000141D
0000141D
0000141D
0000141D
0000141D
0000141D
0000141D
0000141D
0000141D
0000141D
0000141D
00000C9E
FFFFF416
FFFFEE72
FFFFEE72
FFFFEE72
FFFFEE72
FFFFEE72
FFFFEE72
FFFFEE72
FFFFEE72
FFFFEE72
FFFFEE72
FFFFEE72
FFFFEE72
FFFFEE72
FFFFEE72
FFFFEE72
FFFFEE72
FFFFEE72
FFFFEE72
FFFFEE72
FFFFEE72
FFFFEE72
FFFFEE72
FFFFEE72
FFFFEE72
FFFFEE72
FFFFEE72
FFFFF144
FFFFFB95
FFFFF086
FFFFF086
FFFFF086
FFFFF086
FFFFF086
FFFFF086
FFFFF086
FFFFF086
FFFFF086
FFFFF086
FFFFF086
FFFFF086
FFFFF086
FFFFF086
FFFFF086
FFFFF086
FFFFF086
FFFFF086
FFFFF086
FFFFF086
FFFFF086
FFFFF086
FFFFF086
FFFFF086
FFFFF086
FFFFF086
FFFFED68
FFFFFB95
FFFFF086
FFFFF086
FFFFF086
FFFFF086
FFFFF086
FFFFF086
FFFFF086
FFFFF086
FFFFF086
FFFFF086
FFFFF086
FFFFF086
FFFFF086
FFFFF086
FFFFF086
FFFFF086
FFFFF086
FFFFF086
FFFFF086
FFFFF086
FFFFF086
FFFFF086
FFFFF086
FFFFF086
FFFFF086
FFFFF086
FFFFED68
FFFFFB95
FFFFF086
FFFFF086
FFFFF086
FFFFF086
FFFFF086
FFFFF086
FFFFF086
FFFFF086
FFFFF086
FFFFF086
FFFFF086
FFFFF086
FFFFF086
FFFFF086
FFFFF086
FFFFF086
FFFFF086
FFFFF086
FFFFF086
FFFFF086
FFFFF086
FFFFF086
FFFFF086
FFFFF086
FFFFF086
FFFFF086
FFFFED68
FFFFFB95
FFFFF086
FFFFF086
FFFFF086
FFFFF086
FFFFF086
FFFFF086
FFFFF086
FFFFF086
FFFFF086
FFFFF086
FFFFF086
FFFFF568
FFFFF6DF
FFFFF934
FFFFF41C
FFFFF2F3
FFFFF086
FFFFF086
FFFFF086
FFFFF086
FFFFF086
FFFFF086
FFFFF086
FFFFF086
FFFFF086
FFFFF086
FFFFED68
FFFFFB95
FFFFF086
FFFFF086
FFFFF086
FFFFF086
FFFFF086
FFFFF086
FFFFF086
FFFFF086
FFFFF086
FFFFF180
FFFFFCD9
00000E65
00001890
00002534
000021FC
00001F4D
00001755
0000173E
000010CC
00000601
FFFFFB1E
FFFFF426
FFFFF127
FFFFF086
FFFFF086
FFFFF086
FFFFED68
FFFFFB95
FFFFF086
FFFFF086
FFFFF086
FFFFF086
FFFFF086
FFFFF086
FFFFF086
FFFFF086
FFFFF180
00000503
00000F27
0000122D
000022EA
00003AC0
00004564
00004655
00003933
000038FE
00003A8A
00003B1D
00002EC2
00000D8B
FFFFFD89
FFFFF1C8
FFFFF086
FFFFF086
FFFFED68
FFFFFB95
FFFFF086
FFFFF086
FFFFF086
FFFFF086
FFFFF086
FFFFF086
FFFFF086
FFFFF694
00000847
00000E62
00000948
00000001
000007EE
00001A51
000017B6
00001C31
00001132
000010A5
0000234D
00003E3A
00004CB5
000041AB
00001D78
FFFFFBB0
FFFFF086
FFFFF086
FFFFED68
FFFFFB95
FFFFF086
FFFFF086
FFFFF086
FFFFF086
FFFFF086
FFFFF086
FFFFF086
FFFFFE80
00000AD0
FFFFFE76
FFFFFE21
0000095F
00000BC4
FFFFF98A
FFFFF1E4
FFFFEF05
FFFFE825
FFFFEC3F
FFFFE88D
FFFFF889
00001974
00004EB1
00004715
0000126F
FFFFF086
FFFFF086
FFFFED68
FFFFFB95
FFFFF086
FFFFF086
FFFFF086
FFFFF086
FFFFF086
FFFFF086
FFFFF086
FFFFF290
FFFFE6A9
FFFFFD1B
00000DA5
00001B1A
000012C4
FFFFF682
FFFFF4BA
FFFFF1FD
FFFFE6DF
FFFFEF83
FFFFE857
FFFFE57D
FFFFF510
00002A79
000048B7
00002EAE
FFFFF086
FFFFF086
FFFFED68
FFFFFB95
FFFFF086
FFFFF086
FFFFF086
FFFFF086
FFFFF086
FFFFF086
FFFFF086
FFFFDFDA
FFFFD8D8
000006B5
00002DDA
00003B21
00001769
FFFFF3A9
FFFFF086
FFFFF086
FFFFF086
FFFFF43C
000008F5
FFFFF408
FFFFF323
00001BAF
00004517
00003458
FFFFF086
FFFFF086
FFFFED68
FFFFFB95
FFFFF086
FFFFF086
FFFFF086
FFFFF086
FFFFF086
FFFFF086
FFFFF086
FFFFD506
FFFFC995
FFFFFACE
000054F8
0000512A
00000C24
FFFFF297
FFFFF086
FFFFF4D2
000002A8
000011B6
000008AE
FFFFF552
000006EE
00001B6D
00003C7E
00002755
FFFFF086
FFFFF086
FFFFED68
FFFFFB95
FFFFF086
FFFFF086
FFFFF086
FFFFF086
FFFFF086
FFFFF086
FFFFF086
FFFFDDC6
FFFFBC74
FFFFDC7D
000030D6
00006023
0000306D
000003D0
FFFFF9CC
00000D54
00001352
00001B7E
00000512
FFFFFE9F
00000D88
00001B4F
000028FD
00000DA8
FFFFF086
FFFFF086
FFFFED68
FFFFFB95
FFFFF086
FFFFF086
FFFFF086
FFFFF086
FFFFF086
FFFFF086
FFFFF086
FFFFF086
FFFFD572
FFFFB974
FFFFED36
00004395
000060E5
00003BF2
00001DDC
00001832
00000932
FFFFFFD3
000000EC
0000086C
00000CEC
00001DF7
00000E32
FFFFF484
FFFFF086
FFFFF086
FFFFED68
FFFFFB95
FFFFF086
FFFFF086
FFFFF086
FFFFF086
FFFFF086
FFFFF086
FFFFF086
FFFFF086
FFFFED16
FFFFD72B
FFFFD3FE
0000088E
00005799
0000593F
00002A0C
00000092
FFFFF1F5
00000378
00000596
000005FE
00000E58
000006C3
FFFFF285
FFFFF086
FFFFF086
FFFFF086
FFFFED68
FFFFFB95
FFFFF086
FFFFF086
FFFFF086
FFFFF086
FFFFF086
FFFFF086
FFFFF856
00000530
0000149B
000015F2
FFFFF646
FFFFF794
00002BF6
00003322
00001AD4
000010F1
0000073D
00000188
00000F12
00000485
FFFFF360
FFFFF086
FFFFF086
FFFFF086
FFFFF086
FFFFF086
FFFFED68
FFFFFB95
FFFFF086
FFFFF086
FFFFF086
FFFFF374
FFFFFF9F
00000ED5
0000174A
00001C6B
00002683
00001B02
FFFFFFE3
FFFFFB2D
00001A69
00002418
00003412
00003852
00002B6F
FFFFFD93
FFFFF285
FFFFF086
FFFFF086
FFFFF086
FFFFF086
FFFFF086
FFFFF086
FFFFF086
FFFFED68
FFFFFB95
FFFFF086
FFFFF086
00000314
00000DE1
00001863
00001FB3
0000220C
00001013
FFFFFAFD
FFFFFE3B
00000464
0000032F
00000879
00000EAE
0000419D
00005278
00003053
FFFFF5E2
FFFFF086
FFFFF086
FFFFF086
FFFFF086
FFFFF086
FFFFF086
FFFFF086
FFFFF086
FFFFED68
FFFFFB95
FFFFF086
FFFFF086
FFFFFA54
000009E2
000014E7
00001129
000016F4
00001A50
00001CAD
00001AC5
0000236C
00002683
00000477
FFFFFE7E
00002527
00004293
000043CA
FFFFFB4A
FFFFF086
FFFFF086
FFFFF086
FFFFF086
FFFFF086
FFFFF086
FFFFF086
FFFFF086
FFFFED68
FFFFFB95
FFFFF086
FFFFF086
FFFFCF6A
FFFFCB1E
00000155
000024FF
000030D1
0000427E
000050C2
000040B7
000033F1
00002381
00000A04
000011FC
000014D9
000034DC
0000347B
FFFFFB4E
FFFFF086
FFFFF086
FFFFF086
FFFFF086
FFFFF086
FFFFF086
FFFFF086
FFFFF086
FFFFED68
FFFFFB95
FFFFF086
FFFFF086
FFFFD9B6
FFFFB99D
FFFFCC81
FFFFFE5A
00001960
00003E84
000039AE
00002284
00001E9E
000018DE
0000149C
00000F14
00000F74
0000296E
00001928
FFFFF2CE
FFFFF086
FFFFF086
FFFFF086
FFFFF086
FFFFF086
FFFFF086
FFFFF086
FFFFF086
FFFFED68
FFFFFB95
FFFFF086
FFFFF086
FFFFF086
FFFFD876
FFFFBE61
FFFFCB84
FFFFE110
FFFFECC7
FFFFF1F9
FFFFF98E
FFFFF98E
FFFFF98E
FFFFFBCE
000000A6
00001816
000015FA
FFFFF5F1
FFFFF086
FFFFF086
FFFFF086
FFFFF086
FFFFF086
FFFFF086
FFFFF086
FFFFF086
FFFFF086
FFFFED68
FFFFFB95
FFFFF086
FFFFF086
FFFFF086
FFFFF086
FFFFEBD6
FFFFDAAB
FFFFD663
FFFFD7E8
FFFFD8C8
FFFFE39E
FFFFE39E
FFFFE39E
FFFFF29E
000009EE
000003D4
FFFFF2CE
FFFFF086
FFFFF086
FFFFF086
FFFFF086
FFFFF086
FFFFF086
FFFFF086
FFFFF086
FFFFF086
FFFFF086
FFFFED68
FFFFFB95
FFFFF086
FFFFF086
FFFFF086
FFFFF086
FFFFF086
FFFFF086
FFFFF086
FFFFF086
FFFFF086
FFFFF086
FFFFF086
FFFFF086
FFFFF086
FFFFF086
FFFFF086
FFFFF086
FFFFF086
FFFFF086
FFFFF086
FFFFF086
FFFFF086
FFFFF086
FFFFF086
FFFFF086
FFFFF086
FFFFF086
FFFFED68
FFFFFB95
FFFFF086
FFFFF086
FFFFF086
FFFFF086
FFFFF086
FFFFF086
FFFFF086
FFFFF086
FFFFF086
FFFFF086
FFFFF086
FFFFF086
FFFFF086
FFFFF086
FFFFF086
FFFFF086
FFFFF086
FFFFF086
FFFFF086
FFFFF086
FFFFF086
FFFFF086
FFFFF086
FFFFF086
FFFFF086
FFFFF086
FFFFED68
FFFFFB95
FFFFF086
FFFFF086
FFFFF086
FFFFF086
FFFFF086
FFFFF086
FFFFF086
FFFFF086
FFFFF086
FFFFF086
FFFFF086
FFFFF086
FFFFF086
FFFFF086
FFFFF086
FFFFF086
FFFFF086
FFFFF086
FFFFF086
FFFFF086
FFFFF086
FFFFF086
FFFFF086
FFFFF086
FFFFF086
FFFFF086
FFFFED68
FFFFFB95
FFFFF086
FFFFF086
FFFFF086
FFFFF086
FFFFF086
FFFFF086
FFFFF086
FFFFF086
FFFFF086
FFFFF086
FFFFF086
FFFFF086
FFFFF086
FFFFF086
FFFFF086
FFFFF086
FFFFF086
FFFFF086
FFFFF086
FFFFF086
FFFFF086
FFFFF086
FFFFF086
FFFFF086
FFFFF086
FFFFF086
FFFFED68
0000001C
FFFFF6C2
FFFFF6C2
FFFFF6C2
FFFFF6C2
FFFFF6C2
FFFFF6C2
FFFFF6C2
FFFFF6C2
FFFFF6C2
FFFFF6C2
FFFFF6C2
FFFFF6C2
FFFFF6C2
FFFFF6C2
FFFFF6C2
FFFFF6C2
FFFFF6C2
FFFFF6C2
FFFFF6C2
FFFFF6C2
FFFFF6C2
FFFFF6C2
FFFFF6C2
FFFFF6C2
FFFFF6C2
FFFFF6C2
FFFFEFEE
0000067B
00000CCA
00000CCA
00000CCA
00000CCA
00000CCA
00000CCA
00000CCA
00000CCA
00000CCA
00000CCA
00000CCA
00000CCA
00000CCA
00000CCA
00000CCA
00000CCA
00000CCA
00000CCA
00000CCA
00000CCA
00000CCA
00000CCA
00000CCA
00000CCA
00000CCA
00000CCA
00000AEF
FFFFFF48
FFFFFED6
FFFFFED6
FFFFFED6
FFFFFED6
FFFFFED6
FFFFFED6
FFFFFED6
FFFFFED6
FFFFFED6
FFFFFED6
FFFFFED6
FFFFFED6
FFFFFED6
FFFFFED6
FFFFFED6
FFFFFED6
FFFFFED6
FFFFFED6
FFFFFED6
FFFFFED6
FFFFFED6
FFFFFED6
FFFFFED6
FFFFFED6
FFFFFED6
FFFFFED6
FFFFFF81
FFFFFF48
FFFFFED6
FFFFFED6
FFFFFED6
FFFFFED6
FFFFFED6
FFFFFED6
FFFFFED6
FFFFFED6
FFFFFED6
FFFFFED6
FFFFFED6
FFFFFED6
FFFFFED6
FFFFFED6
FFFFFED6
FFFFFED6
FFFFFED6
FFFFFED6
FFFFFED6
FFFFFED6
FFFFFED6
FFFFFED6
FFFFFED6
FFFFFED6
FFFFFED6
FFFFFED6
FFFFFF81
FFFFFF48
FFFFFED6
FFFFFED6
FFFFFED6
FFFFFED6
FFFFFED6
FFFFFED6
FFFFFED6
FFFFFED6
FFFFFED6
FFFFFED6
FFFFFED6
FFFFFED6
FFFFFED6
FFFFFED6
FFFFFED6
FFFFFED6
FFFFFED6
FFFFFED6
FFFFFED6
FFFFFED6
FFFFFED6
FFFFFED6
FFFFFED6
FFFFFED6
FFFFFED6
FFFFFED6
FFFFFF81
FFFFFF48
FFFFFED6
FFFFFED6
FFFFFED6
FFFFFED6
FFFFFED6
FFFFFED6
FFFFFED6
FFFFFED6
FFFFFED6
FFFFFED6
FFFFFED6
00000160
FFFFF8B1
FFFFF125
FFFFEDDB
FFFFF774
FFFFFED6
FFFFFED6
FFFFFED6
FFFFFED6
FFFFFED6
FFFFFED6
FFFFFED6
FFFFFED6
FFFFFED6
FFFFFED6
FFFFFF81
FFFFFF48
FFFFFED6
FFFFFED6
FFFFFED6
FFFFFED6
FFFFFED6
FFFFFED6
FFFFFED6
FFFFFED6
FFFFFED6
FFFFFF58
0000035B
FFFFF0F9
FFFFC5AB
FFFFAD72
FFFFAF85
FFFFB74A
FFFFC056
FFFFC09C
FFFFBD42
FFFFC41D
FFFFDB27
FFFFF23B
FFFFFCEC
FFFFFED6
FFFFFED6
FFFFFED6
FFFFFF81
FFFFFF48
FFFFFED6
FFFFFED6
FFFFFED6
FFFFFED6
FFFFFED6
FFFFFED6
FFFFFED6
FFFFFED6
FFFFFF58
000006BA
FFFFDAC6
FFFFA6FF
FFFFA2DA
FFFFA796
FFFFA9C6
FFFFA202
FFFF99E2
FFFF99F1
FFFFA084
FFFFA867
FFFFAB8A
FFFFAB6E
FFFFD817
FFFFFB02
FFFFFED6
FFFFFED6
FFFFFF81
FFFFFF48
FFFFFED6
FFFFFED6
FFFFFED6
FFFFFED6
FFFFFED6
FFFFFED6
FFFFFED6
000001FC
FFFFFE9A
FFFFC7DA
FFFFABEB
FFFFB793
FFFFE48C
000018E2
00001D64
000026A7
00002091
00001BE1
000020D6
00000842
FFFFD7B7
FFFFBBB2
FFFFB289
FFFFE4DC
FFFFFED6
FFFFFED6
FFFFFF81
FFFFFF48
FFFFFED6
FFFFFED6
FFFFFED6
FFFFFED6
FFFFFED6
FFFFFED6
FFFFFED6
000000AF
FFFFDC9C
FFFFBAC8
FFFFC1C7
FFFFF434
000034FD
000054CC
000061FA
00005C36
00006075
000060E2
0000575B
00005B24
000039E1
00000044
FFFFD72A
FFFFDD56
FFFFFED6
FFFFFED6
FFFFFF81
FFFFFF48
FFFFFED6
FFFFFED6
FFFFFED6
FFFFFED6
FFFFFED6
FFFFFED6
FFFFFED6
FFFFFB3D
FFFFEFA4
FFFFE517
FFFFECFE
0000351A
00004F46
00004260
00002F44
00002831
00001E57
000022AB
0000292F
00002016
000009BD
FFFFF8F0
FFFFF402
FFFFF75D
FFFFFED6
FFFFFED6
FFFFFF81
FFFFFF48
FFFFFED6
FFFFFED6
FFFFFED6
FFFFFED6
FFFFFED6
FFFFFED6
FFFFFED6
FFFFFFAF
0000060F
0000027C
00000CC7
00000BA4
0000199F
000002BF
FFFFFED6
FFFFFED6
FFFFFED6
000000C4
FFFFFD05
FFFFCC43
FFFFC705
FFFFE78D
00000574
0000099A
FFFFFED6
FFFFFED6
FFFFFF81
FFFFFF48
FFFFFED6
FFFFFED6
FFFFFED6
FFFFFED6
FFFFFED6
FFFFFED6
FFFFFED6
FFFFFD60
00001454
00002955
00000D39
FFFFDB69
FFFFD2FF
FFFFF88C
FFFFFED6
00000112
FFFFFFF4
FFFFE47B
FFFFAE67
FFFFB7B0
FFFFD50E
00000558
00002B31
000020A1
FFFFFED6
FFFFFED6
FFFFFF81
FFFFFF48
FFFFFED6
FFFFFED6
FFFFFED6
FFFFFED6
FFFFFED6
FFFFFED6
FFFFFED6
000006CE
0000110B
00003A1A
0000299A
FFFFF3C5
FFFFBBDC
FFFFDD60
FFFFFAE1
FFFFF465
FFFFC1F3
FFFF9DEC
FFFFAC0A
FFFFCE0B
00000FF7
000043DD
000041C8
00001EB8
FFFFFED6
FFFFFED6
FFFFFF81
FFFFFF48
FFFFFED6
FFFFFED6
FFFFFED6
FFFFFED6
FFFFFED6
FFFFFED6
FFFFFED6
FFFFFED6
000007EF
00001213
00004313
00001FE3
FFFFE76D
FFFFB71C
FFFFB3BC
FFFF9D8E
FFFFA9EC
FFFFC245
FFFFFCDA
00003FDF
00005C2D
00004941
0000267C
000003D0
FFFFFED6
FFFFFED6
FFFFFF81
FFFFFF48
FFFFFED6
FFFFFED6
FFFFFED6
FFFFFED6
FFFFFED6
FFFFFED6
FFFFFED6
FFFFFED6
0000004C
00001473
000012E7
00001355
FFFFEF37
FFFFC287
FFFF9FB6
FFFFB250
FFFFF350
00004703
00005F03
000058BC
0000405E
00001CFF
00000153
FFFFFED6
FFFFFED6
FFFFFED6
FFFFFF81
FFFFFF48
FFFFFED6
FFFFFED6
FFFFFED6
FFFFFED6
FFFFFED6
FFFFFED6
000002E6
FFFFFA78
FFFFE025
FFFFB545
FFFFADC0
FFFFCD54
FFFFF434
FFFFF85C
FFFFF004
00001C0C
00004E6E
00005AD4
0000415A
00001B3F
00000264
FFFFFED6
FFFFFED6
FFFFFED6
FFFFFED6
FFFFFED6
FFFFFF81
FFFFFF48
FFFFFED6
FFFFFED6
FFFFFED6
0000005C
00000105
FFFFEDD6
FFFFC270
FFFFA4A2
FFFF9811
FFFF9AE8
FFFFB9DD
FFFFF83E
0000336A
000024E6
00001293
FFFFFA83
00000A15
00000CEB
00000153
FFFFFED6
FFFFFED6
FFFFFED6
FFFFFED6
FFFFFED6
FFFFFED6
FFFFFED6
FFFFFF81
FFFFFF48
FFFFFED6
FFFFFED6
0000087C
FFFFE796
FFFFB654
FFFF9E3C
FFFF9CC2
FFFFA7FB
FFFFD531
0000200C
00004FDE
00006109
000049DE
00001F27
FFFFF7FB
FFFFE77F
FFFFDC46
FFFFF562
FFFFFED6
FFFFFED6
FFFFFED6
FFFFFED6
FFFFFED6
FFFFFED6
FFFFFED6
FFFFFED6
FFFFFF81
FFFFFF48
FFFFFED6
FFFFFED6
FFFFF353
FFFFDFEF
FFFFB7E1
FFFFBE21
FFFFE0A8
000003EA
0000345D
00003F6B
00002AD7
FFFFFB5C
FFFFD12E
FFFFD7BC
FFFFF4C7
FFFFFA02
000006BB
FFFFFF0A
FFFFFED6
FFFFFED6
FFFFFED6
FFFFFED6
FFFFFED6
FFFFFED6
FFFFFED6
FFFFFED6
FFFFFF81
FFFFFF48
FFFFFED6
FFFFFED6
FFFFFCE9
00001685
00002D70
00000FA7
0000054D
000007A6
FFFFEBAD
FFFFC93B
FFFFA6E7
FFFFA079
FFFFB6CE
FFFFDB20
FFFFF807
00002C4D
00002DCA
000009BE
FFFFFED6
FFFFFED6
FFFFFED6
FFFFFED6
FFFFFED6
FFFFFED6
FFFFFED6
FFFFFED6
FFFFFF81
FFFFFF48
FFFFFED6
FFFFFED6
00000888
000014B8
000039AB
0000504D
000034C1
0000167B
FFFFEE51
FFFFD37B
FFFFE279
FFFFF2FD
FFFFFE3F
000015C1
00004BD9
00004AC8
00002E42
000001AE
FFFFFED6
FFFFFED6
FFFFFED6
FFFFFED6
FFFFFED6
FFFFFED6
FFFFFED6
FFFFFED6
FFFFFF81
FFFFFF48
FFFFFED6
FFFFFED6
FFFFFED6
00000910
00002120
0000430A
00005980
00005241
00005379
000050E4
000050E4
000050E4
00005A74
00006282
00005172
0000319C
00000597
FFFFFED6
FFFFFED6
FFFFFED6
FFFFFED6
FFFFFED6
FFFFFED6
FFFFFED6
FFFFFED6
FFFFFED6
FFFFFF81
FFFFFF48
FFFFFED6
FFFFFED6
FFFFFED6
FFFFFED6
000000D4
00000B4B
00001F09
000039A8
000047FC
0000557E
0000557E
0000557E
00004F1E
00003B12
000019B0
000001AE
FFFFFED6
FFFFFED6
FFFFFED6
FFFFFED6
FFFFFED6
FFFFFED6
FFFFFED6
FFFFFED6
FFFFFED6
FFFFFED6
FFFFFF81
FFFFFF48
FFFFFED6
FFFFFED6
FFFFFED6
FFFFFED6
FFFFFED6
FFFFFED6
FFFFFED6
FFFFFED6
FFFFFED6
FFFFFED6
FFFFFED6
FFFFFED6
FFFFFED6
FFFFFED6
FFFFFED6
FFFFFED6
FFFFFED6
FFFFFED6
FFFFFED6
FFFFFED6
FFFFFED6
FFFFFED6
FFFFFED6
FFFFFED6
FFFFFED6
FFFFFED6
FFFFFF81
FFFFFF48
FFFFFED6
FFFFFED6
FFFFFED6
FFFFFED6
FFFFFED6
FFFFFED6
FFFFFED6
FFFFFED6
FFFFFED6
FFFFFED6
FFFFFED6
FFFFFED6
FFFFFED6
FFFFFED6
FFFFFED6
FFFFFED6
FFFFFED6
FFFFFED6
FFFFFED6
FFFFFED6
FFFFFED6
FFFFFED6
FFFFFED6
FFFFFED6
FFFFFED6
FFFFFED6
FFFFFF81
FFFFFF48
FFFFFED6
FFFFFED6
FFFFFED6
FFFFFED6
FFFFFED6
FFFFFED6
FFFFFED6
FFFFFED6
FFFFFED6
FFFFFED6
FFFFFED6
FFFFFED6
FFFFFED6
FFFFFED6
FFFFFED6
FFFFFED6
FFFFFED6
FFFFFED6
FFFFFED6
FFFFFED6
FFFFFED6
FFFFFED6
FFFFFED6
FFFFFED6
FFFFFED6
FFFFFED6
FFFFFF81
FFFFFF48
FFFFFED6
FFFFFED6
FFFFFED6
FFFFFED6
FFFFFED6
FFFFFED6
FFFFFED6
FFFFFED6
FFFFFED6
FFFFFED6
FFFFFED6
FFFFFED6
FFFFFED6
FFFFFED6
FFFFFED6
FFFFFED6
FFFFFED6
FFFFFED6
FFFFFED6
FFFFFED6
FFFFFED6
FFFFFED6
FFFFFED6
FFFFFED6
FFFFFED6
FFFFFED6
FFFFFF81
FFFFFA75
FFFFF4D1
FFFFF4D1
FFFFF4D1
FFFFF4D1
FFFFF4D1
FFFFF4D1
FFFFF4D1
FFFFF4D1
FFFFF4D1
FFFFF4D1
FFFFF4D1
FFFFF4D1
FFFFF4D1
FFFFF4D1
FFFFF4D1
FFFFF4D1
FFFFF4D1
FFFFF4D1
FFFFF4D1
FFFFF4D1
FFFFF4D1
FFFFF4D1
FFFFF4D1
FFFFF4D1
FFFFF4D1
FFFFF4D1
FFFFF38E
000005A1
0000006F
0000006F
0000006F
0000006F
0000006F
0000006F
0000006F
0000006F
0000006F
0000006F
0000006F
0000006F
0000006F
0000006F
0000006F
0000006F
0000006F
0000006F
0000006F
0000006F
0000006F
0000006F
0000006F
0000006F
0000006F
0000006F
FFFFF3AB
0000103E
00000E63
00000E63
00000E63
00000E63
00000E63
00000E63
00000E63
00000E63
00000E63
00000E63
00000E63
00000E63
00000E63
00000E63
00000E63
00000E63
00000E63
00000E63
00000E63
00000E63
00000E63
00000E63
00000E63
00000E63
00000E63
00000E63
FFFFFA46
0000103E
00000E63
00000E63
00000E63
00000E63
00000E63
00000E63
00000E63
00000E63
00000E63
00000E63
00000E63
00000E63
00000E63
00000E63
00000E63
00000E63
00000E63
00000E63
00000E63
00000E63
00000E63
00000E63
00000E63
00000E63
00000E63
00000E63
FFFFFA46
0000103E
00000E63
00000E63
00000E63
00000E63
00000E63
00000E63
00000E63
00000E63
00000E63
00000E63
00000E63
00000E63
00000E63
00000E63
00000E63
00000E63
00000E63
00000E63
00000E63
00000E63
00000E63
00000E63
00000E63
00000E63
00000E63
00000E63
FFFFFA46
0000103E
00000E63
00000E63
00000E63
00000E63
00000E63
00000E63
00000E63
00000E63
00000E63
00000E63
00000E63
000005E4
00000AAE
00000EED
00001868
00001280
00000E63
00000E63
00000E63
00000E63
00000E63
00000E63
00000E63
00000E63
00000E63
00000E63
FFFFFA46
0000103E
00000E63
00000E63
00000E63
00000E63
00000E63
00000E63
00000E63
00000E63
00000E63
00000CB0
FFFFFA69
FFFFE3D0
00000338
00001388
000025E1
000019AD
0000123A
00001213
00001D4A
00002662
0000210D
0000158E
00000F74
00000E63
00000E63
00000E63
FFFFFA46
0000103E
00000E63
00000E63
00000E63
00000E63
00000E63
00000E63
00000E63
00000E63
00000CB0
FFFFEA23
FFFFE186
FFFFE406
FFFFFFDA
0000056E
00001865
000016C4
0000181C
000017FD
000022F2
00002A81
00002C19
000040AA
000024E2
00001085
00000E63
00000E63
FFFFFA46
0000103E
00000E63
00000E63
00000E63
00000E63
00000E63
00000E63
00000E63
000003DA
FFFFEC16
FFFFD7AE
FFFFE0C9
FFFFDC01
FFFFCF49
FFFFB303
FFFFC3B9
FFFFB997
FFFFBE3F
FFFFC348
FFFFBD57
FFFFD08D
FFFFFBDA
0000465E
000049B3
00001E19
00000E63
00000E63
FFFFFA46
0000103E
00000E63
00000E63
00000E63
00000E63
00000E63
00000E63
00000E63
FFFFE93F
FFFFCDD0
FFFFD076
FFFFD52C
FFFFE6BF
FFFFCDF1
FFFFADAE
FFFFB3FD
FFFFA3C7
FFFFA58A
FFFFA98F
FFFF9710
FFFF760C
FFFF8981
FFFFF452
00005003
00002980
00000E63
00000E63
FFFFFA46
0000103E
00000E63
00000E63
00000E63
00000E63
00000E63
00000E63
00000E63
FFFFCD52
FFFFA01E
FFFFB5A4
FFFFEBEF
FFFFF305
FFFFD732
FFFFD2E7
FFFFE7DC
FFFFE737
FFFFECBD
FFFFEDBD
FFFFCFB7
FFFF8460
FFFF8B21
FFFFCE9A
000045ED
00001F4D
00000E63
00000E63
FFFFFA46
0000103E
00000E63
00000E63
00000E63
00000E63
00000E63
00000E63
00000E63
FFFFC137
FFFF887F
FFFFA553
0000050B
000013ED
00000281
00000C74
00000E63
00000E63
00000E63
000007EE
FFFFD814
FFFFB716
FFFFC165
FFFFDAEC
00003A99
000015C9
00000E63
00000E63
FFFFFA46
0000103E
00000E63
00000E63
00000E63
00000E63
00000E63
00000E63
00000E63
FFFFDBEA
FFFF8AF0
FFFF8CC2
FFFFFB60
00003E65
00002CA4
000011E4
00000E63
000006E9
FFFFF54B
FFFFED67
FFFFD352
FFFFC9C0
FFFFCE8D
FFFFEE1B
00001BC6
00000664
00000E63
00000E63
FFFFFA46
0000103E
00000E63
00000E63
00000E63
00000E63
00000E63
00000E63
00000E63
FFFFF72F
FFFFAC0A
FFFF7449
FFFFB247
00001EF2
00004819
00001DC9
0000055F
FFFFE511
FFFFE941
FFFFF2E9
FFFFE219
FFFFD997
FFFFDD29
FFFFED2E
FFFFF62E
FFFFFFE9
00000E63
00000E63
FFFFFA46
0000103E
00000E63
00000E63
00000E63
00000E63
00000E63
00000E63
00000E63
00000E63
FFFFE9DD
FFFFA194
FFFF7ACF
FFFFCB86
0000299E
00001608
000005A2
FFFFE914
FFFFE7F1
FFFFE2EF
FFFFDAC8
FFFFC8B5
FFFFD728
FFFFE93F
FFFFFAB9
00000BED
00000E63
00000E63
FFFFFA46
0000103E
00000E63
00000E63
00000E63
00000E63
00000E63
00000E63
00000E63
00000E63
00000A22
FFFFC9C4
FFFF7B7D
FFFF97F9
FFFFEBB6
FFFFF945
00000536
FFFFF8D9
FFFFDCFD
FFFFC93D
FFFFCAFC
FFFFCB57
FFFFE8A4
FFFFFF1F
00000D28
00000E63
00000E63
00000E63
FFFFFA46
0000103E
00000E63
00000E63
00000E63
00000E63
00000E63
00000E63
000000CB
FFFFF62C
FFFFF86C
FFFFF47B
FFFFC5A3
FFFFBC6E
FFFFB9B2
FFFFB58A
FFFFD2B9
FFFFEE7C
FFFFCB3A
FFFFC8BE
FFFFE744
FFFFFFD6
00000CA1
00000E63
00000E63
00000E63
00000E63
00000E63
FFFFFA46
0000103E
00000E63
00000E63
00000E63
0000094A
FFFFF885
FFFFF400
FFFFF7FA
FFFFFAE3
0000003F
00000A29
FFFFEED6
FFFFCDD8
FFFF959F
FFFF98F6
FFFFCB02
00002144
00000D95
00000747
00000D28
00000E63
00000E63
00000E63
00000E63
00000E63
00000E63
00000E63
FFFFFA46
0000103E
00000E63
00000E63
FFFFEE1A
FFFFF0FD
FFFFF3EA
FFFFF9DE
FFFFFF24
FFFFFBFC
FFFFE5D4
FFFFD0FF
FFFFBE98
FFFFA57B
FFFF6985
FFFF8C3B
FFFFC9C5
000045C6
000033C4
000014B7
00000E63
00000E63
00000E63
00000E63
00000E63
00000E63
00000E63
00000E63
FFFFFA46
0000103E
00000E63
00000E63
FFFFD609
FFFFD33D
FFFFE5E2
FFFFD54B
FFFFC734
FFFFDAFF
FFFFC906
FFFFBBA4
FFFFC405
FFFFC8E1
FFFFAD1A
FFFFB93E
FFFFB832
000033A1
000022C1
0000115F
00000E63
00000E63
00000E63
00000E63
00000E63
00000E63
00000E63
00000E63
FFFFFA46
0000103E
00000E63
00000E63
FFFFD169
FFFF92D9
FFFF8E36
FFFFA4E2
FFFFB71B
FFFFDBE1
FFFFE3FF
FFFFF622
000004B2
FFFFF579
FFFFD5FA
FFFFC4A1
FFFFDBF3
000017E1
00000430
000009BB
00000E63
00000E63
00000E63
00000E63
00000E63
00000E63
00000E63
00000E63
FFFFFA46
0000103E
00000E63
00000E63
FFFFF228
FFFFB033
FFFF9131
FFFF8CF9
FFFFA828
FFFFC5B7
FFFFD834
FFFFDF40
FFFFCE96
FFFFBC20
FFFFC30E
FFFFCD5A
FFFFE23E
FFFFF132
FFFFF849
00000CFB
00000E63
00000E63
00000E63
00000E63
00000E63
00000E63
00000E63
00000E63
FFFFFA46
0000103E
00000E63
00000E63
00000E63
FFFFF09C
FFFFC6CE
FFFF9EF4
FFFF9CC2
FFFF98DB
FFFFA432
FFFFA8F9
FFFFA8F9
FFFFA8F9
FFFFB8E9
FFFFC6B9
FFFFE18B
FFFFF510
00000B0C
00000E63
00000E63
00000E63
00000E63
00000E63
00000E63
00000E63
00000E63
00000E63
FFFFFA46
0000103E
00000E63
00000E63
00000E63
00000E63
00000896
FFFFF249
FFFFE178
FFFFC767
FFFFBE69
FFFFB7BB
FFFFB7BB
FFFFB7BB
FFFFCA4B
FFFFEA85
000000B5
00000CFB
00000E63
00000E63
00000E63
00000E63
00000E63
00000E63
00000E63
00000E63
00000E63
00000E63
FFFFFA46
0000103E
00000E63
00000E63
00000E63
00000E63
00000E63
00000E63
00000E63
00000E63
00000E63
00000E63
00000E63
00000E63
00000E63
00000E63
00000E63
00000E63
00000E63
00000E63
00000E63
00000E63
00000E63
00000E63
00000E63
00000E63
00000E63
00000E63
FFFFFA46
0000103E
00000E63
00000E63
00000E63
00000E63
00000E63
00000E63
00000E63
00000E63
00000E63
00000E63
00000E63
00000E63
00000E63
00000E63
00000E63
00000E63
00000E63
00000E63
00000E63
00000E63
00000E63
00000E63
00000E63
00000E63
00000E63
00000E63
FFFFFA46
0000103E
00000E63
00000E63
00000E63
00000E63
00000E63
00000E63
00000E63
00000E63
00000E63
00000E63
00000E63
00000E63
00000E63
00000E63
00000E63
00000E63
00000E63
00000E63
00000E63
00000E63
00000E63
00000E63
00000E63
00000E63
00000E63
00000E63
FFFFFA46
0000103E
00000E63
00000E63
00000E63
00000E63
00000E63
00000E63
00000E63
00000E63
00000E63
00000E63
00000E63
00000E63
00000E63
00000E63
00000E63
00000E63
00000E63
00000E63
00000E63
00000E63
00000E63
00000E63
00000E63
00000E63
00000E63
00000E63
FFFFFA46
00000DF1
00000EFB
00000EFB
00000EFB
00000EFB
00000EFB
00000EFB
00000EFB
00000EFB
00000EFB
00000EFB
00000EFB
00000EFB
00000EFB
00000EFB
00000EFB
00000EFB
00000EFB
00000EFB
00000EFB
00000EFB
00000EFB
00000EFB
00000EFB
00000EFB
00000EFB
00000EFB
00000153
FFFFF8E5
FFFFF91E
FFFFF91E
FFFFF91E
FFFFF91E
FFFFF91E
FFFFF91E
FFFFF91E
FFFFF91E
FFFFF91E
FFFFF91E
FFFFF91E
FFFFF91E
FFFFF91E
FFFFF91E
FFFFF91E
FFFFF91E
FFFFF91E
FFFFF91E
FFFFF91E
FFFFF91E
FFFFF91E
FFFFF91E
FFFFF91E
FFFFF91E
FFFFF91E
FFFFF91E
FFFFFB32
FFFFF555
FFFFF45E
FFFFF45E
FFFFF45E
FFFFF45E
FFFFF45E
FFFFF45E
FFFFF45E
FFFFF45E
FFFFF45E
FFFFF45E
FFFFF45E
FFFFF45E
FFFFF45E
FFFFF45E
FFFFF45E
FFFFF45E
FFFFF45E
FFFFF45E
FFFFF45E
FFFFF45E
FFFFF45E
FFFFF45E
FFFFF45E
FFFFF45E
FFFFF45E
FFFFF45E
FFFFF769
FFFFF555
FFFFF45E
FFFFF45E
FFFFF45E
FFFFF45E
FFFFF45E
FFFFF45E
FFFFF45E
FFFFF45E
FFFFF45E
FFFFF45E
FFFFF45E
FFFFF45E
FFFFF45E
FFFFF45E
FFFFF45E
FFFFF45E
FFFFF45E
FFFFF45E
FFFFF45E
FFFFF45E
FFFFF45E
FFFFF45E
FFFFF45E
FFFFF45E
FFFFF45E
FFFFF45E
FFFFF769
FFFFF555
FFFFF45E
FFFFF45E
FFFFF45E
FFFFF45E
FFFFF45E
FFFFF45E
FFFFF45E
FFFFF45E
FFFFF45E
FFFFF45E
FFFFF45E
FFFFF45E
FFFFF45E
FFFFF45E
FFFFF45E
FFFFF45E
FFFFF45E
FFFFF45E
FFFFF45E
FFFFF45E
FFFFF45E
FFFFF45E
FFFFF45E
FFFFF45E
FFFFF45E
FFFFF45E
FFFFF769
FFFFF555
FFFFF45E
FFFFF45E
FFFFF45E
FFFFF45E
FFFFF45E
FFFFF45E
FFFFF45E
FFFFF45E
FFFFF45E
FFFFF45E
FFFFF45E
FFFFF4A9
FFFFF707
FFFFF6A1
FFFFF644
FFFFF3BC
FFFFF45E
FFFFF45E
FFFFF45E
FFFFF45E
FFFFF45E
FFFFF45E
FFFFF45E
FFFFF45E
FFFFF45E
FFFFF45E
FFFFF769
FFFFF555
FFFFF45E
FFFFF45E
FFFFF45E
FFFFF45E
FFFFF45E
FFFFF45E
FFFFF45E
FFFFF45E
FFFFF45E
FFFFF46D
FFFFF590
FFFFFE2E
0000074B
00000616
0000031F
FFFFFDD3
FFFFFE06
FFFFFE0C
FFFFFDA9
FFFFFA01
FFFFF5ED
FFFFF428
FFFFF434
FFFFF45E
FFFFF45E
FFFFF45E
FFFFF769
FFFFF555
FFFFF45E
FFFFF45E
FFFFF45E
FFFFF45E
FFFFF45E
FFFFF45E
FFFFF45E
FFFFF45E
FFFFF46D
FFFFF68E
00000660
00001708
00002305
00002604
00002241
00001BB9
000019A0
0000199D
00001664
00000E39
00000593
FFFFFDBE
FFFFF2E7
FFFFF40A
FFFFF45E
FFFFF45E
FFFFF769
FFFFF555
FFFFF45E
FFFFF45E
FFFFF45E
FFFFF45E
FFFFF45E
FFFFF45E
FFFFF45E
FFFFF4BB
FFFFF91F
00000B40
00001E11
00002EA2
00003A74
00003CAC
00003BFB
000034F1
000035D1
000034BC
000032E2
00003108
00002797
00001344
FFFFFCF0
FFFFF260
FFFFF45E
FFFFF45E
FFFFF769
FFFFF555
FFFFF45E
FFFFF45E
FFFFF45E
FFFFF45E
FFFFF45E
FFFFF45E
FFFFF45E
FFFFF852
00000C53
00002295
000034BE
000039A9
00002BD4
00002886
0000247E
0000223C
0000234B
0000221C
000025B1
00002F97
00003E0E
00003583
00001141
FFFFF37C
FFFFF45E
FFFFF45E
FFFFF769
FFFFF555
FFFFF45E
FFFFF45E
FFFFF45E
FFFFF45E
FFFFF45E
FFFFF45E
FFFFF45E
FFFFFE95
00001E18
00003959
00003D3E
00002361
000012FC
0000094F
000004A3
00000045
0000002D
00000039
0000018F
00001742
000037AB
00003CBB
0000206A
FFFFF8B3
FFFFF45E
FFFFF45E
FFFFF769
FFFFF555
FFFFF45E
FFFFF45E
FFFFF45E
FFFFF45E
FFFFF45E
FFFFF45E
FFFFF45E
000000CC
00002459
000040C2
000033E3
0000125E
FFFFFBC1
FFFFF50E
FFFFF45E
FFFFF45E
FFFFF45E
FFFFF497
FFFFFBC9
00001854
00003154
00003BE6
000021A9
FFFFFB31
FFFFF45E
FFFFF45E
FFFFF769
FFFFF555
FFFFF45E
FFFFF45E
FFFFF45E
FFFFF45E
FFFFF45E
FFFFF45E
FFFFF45E
FFFFFE3D
00001C04
00003C51
0000358E
00000FC4
FFFFF4C2
FFFFF3D4
FFFFF45E
FFFFF4A0
FFFFF776
FFFFFFA8
00001287
00002936
00003B9D
0000375C
00001846
FFFFFCAE
FFFFF45E
FFFFF45E
FFFFF769
FFFFF555
FFFFF45E
FFFFF45E
FFFFF45E
FFFFF45E
FFFFF45E
FFFFF45E
FFFFF45E
FFFFF76A
00000C5D
00002CC9
00003D51
00002373
000003AD
FFFFF290
FFFFF683
FFFFFB7F
00000CAD
00001929
000027CC
00003785
00003760
000022A3
00000C87
FFFFFA48
FFFFF45E
FFFFF45E
FFFFF769
FFFFF555
FFFFF45E
FFFFF45E
FFFFF45E
FFFFF45E
FFFFF45E
FFFFF45E
FFFFF45E
FFFFF45E
FFFFF9C2
000013AA
000030B8
00003975
00001A88
0000034F
00000618
0000134C
0000247D
00003231
0000365E
00002EDB
000020DF
00000DE6
FFFFFCCD
FFFFF53E
FFFFF45E
FFFFF45E
FFFFF769
FFFFF555
FFFFF45E
FFFFF45E
FFFFF45E
FFFFF45E
FFFFF45E
FFFFF45E
FFFFF45E
FFFFF45E
FFFFF4ED
FFFFFD44
00001FB6
00003CE8
000036C3
00002556
00002324
00002A79
00002FF7
00002E94
000021D6
000014E7
000007C7
FFFFFA53
FFFFF4CE
FFFFF45E
FFFFF45E
FFFFF45E
FFFFF769
FFFFF555
FFFFF45E
FFFFF45E
FFFFF45E
FFFFF45E
FFFFF45E
FFFFF45E
FFFFF4D6
FFFFF941
FFFFFE39
0000078F
00001AAF
00003573
000040E2
00004040
00003EED
00002EE8
00001D53
000014B6
00000750
FFFFFA4C
FFFFF4FE
FFFFF45E
FFFFF45E
FFFFF45E
FFFFF45E
FFFFF45E
FFFFF769
FFFFF555
FFFFF45E
FFFFF45E
FFFFF45E
FFFFF48B
FFFFF6A4
FFFFFC80
0000049D
00000E42
0000191F
00002157
0000296A
0000348E
00003A3C
000043F2
00003BF6
00002480
00000185
FFFFF7CB
FFFFF4CE
FFFFF45E
FFFFF45E
FFFFF45E
FFFFF45E
FFFFF45E
FFFFF45E
FFFFF45E
FFFFF769
FFFFF555
FFFFF45E
FFFFF45E
FFFFF57B
0000004C
0000091E
0000156A
00001F32
000028AC
0000305D
0000314D
00002C09
00002541
00002F88
00004194
00003F4C
00002325
FFFFFB26
FFFFF3C2
FFFFF45E
FFFFF45E
FFFFF45E
FFFFF45E
FFFFF45E
FFFFF45E
FFFFF45E
FFFFF45E
FFFFF769
FFFFF555
FFFFF45E
FFFFF45E
FFFFFE80
000014AE
0000250F
00003108
00003CC4
000039EE
000029A1
000021D2
000018E6
00001603
00002373
00003804
000041CA
00002E8C
000001A3
FFFFF54E
FFFFF45E
FFFFF45E
FFFFF45E
FFFFF45E
FFFFF45E
FFFFF45E
FFFFF45E
FFFFF45E
FFFFF769
FFFFF555
FFFFF45E
FFFFF45E
00000052
00001EDF
00003AFF
000043DA
00004132
000034F3
00002536
00001B31
000018ED
00001F74
00002D8E
00003D01
00003F32
000021E3
000003BD
FFFFF676
FFFFF45E
FFFFF45E
FFFFF45E
FFFFF45E
FFFFF45E
FFFFF45E
FFFFF45E
FFFFF45E
FFFFF769
FFFFF555
FFFFF45E
FFFFF45E
FFFFF813
00000D3B
000029E4
0000386A
00003D4A
0000371F
0000308E
00002F1D
00003425
00003A3F
00003F23
00003A4B
00002863
00001319
FFFFFDDF
FFFFF4DE
FFFFF45E
FFFFF45E
FFFFF45E
FFFFF45E
FFFFF45E
FFFFF45E
FFFFF45E
FFFFF45E
FFFFF769
FFFFF555
FFFFF45E
FFFFF45E
FFFFF45E
FFFFF847
0000075E
00001B70
0000272E
00002D7D
00003196
000031F8
000031F8
000031F8
00002D48
00002174
000011F8
FFFFFF3F
FFFFF58E
FFFFF45E
FFFFF45E
FFFFF45E
FFFFF45E
FFFFF45E
FFFFF45E
FFFFF45E
FFFFF45E
FFFFF45E
FFFFF769
FFFFF555
FFFFF45E
FFFFF45E
FFFFF45E
FFFFF45E
FFFFF521
FFFFF9C5
00000264
0000096C
00000F7E
000011DE
000011DE
000011DE
00000F6E
000005B8
FFFFF9D6
FFFFF4DE
FFFFF45E
FFFFF45E
FFFFF45E
FFFFF45E
FFFFF45E
FFFFF45E
FFFFF45E
FFFFF45E
FFFFF45E
FFFFF45E
FFFFF769
FFFFF555
FFFFF45E
FFFFF45E
FFFFF45E
FFFFF45E
FFFFF45E
FFFFF45E
FFFFF45E
FFFFF45E
FFFFF45E
FFFFF45E
FFFFF45E
FFFFF45E
FFFFF45E
FFFFF45E
FFFFF45E
FFFFF45E
FFFFF45E
FFFFF45E
FFFFF45E
FFFFF45E
FFFFF45E
FFFFF45E
FFFFF45E
FFFFF45E
FFFFF45E
FFFFF45E
FFFFF769
FFFFF555
FFFFF45E
FFFFF45E
FFFFF45E
FFFFF45E
FFFFF45E
FFFFF45E
FFFFF45E
FFFFF45E
FFFFF45E
FFFFF45E
FFFFF45E
FFFFF45E
FFFFF45E
FFFFF45E
FFFFF45E
FFFFF45E
FFFFF45E
FFFFF45E
FFFFF45E
FFFFF45E
FFFFF45E
FFFFF45E
FFFFF45E
FFFFF45E
FFFFF45E
FFFFF45E
FFFFF769
FFFFF555
FFFFF45E
FFFFF45E
FFFFF45E
FFFFF45E
FFFFF45E
FFFFF45E
FFFFF45E
FFFFF45E
FFFFF45E
FFFFF45E
FFFFF45E
FFFFF45E
FFFFF45E
FFFFF45E
FFFFF45E
FFFFF45E
FFFFF45E
FFFFF45E
FFFFF45E
FFFFF45E
FFFFF45E
FFFFF45E
FFFFF45E
FFFFF45E
FFFFF45E
FFFFF45E
FFFFF769
FFFFF555
FFFFF45E
FFFFF45E
FFFFF45E
FFFFF45E
FFFFF45E
FFFFF45E
FFFFF45E
FFFFF45E
FFFFF45E
FFFFF45E
FFFFF45E
FFFFF45E
FFFFF45E
FFFFF45E
FFFFF45E
FFFFF45E
FFFFF45E
FFFFF45E
FFFFF45E
FFFFF45E
FFFFF45E
FFFFF45E
FFFFF45E
FFFFF45E
FFFFF45E
FFFFF45E
FFFFF769
FFFFF756
FFFFF5ED
FFFFF5ED
FFFFF5ED
FFFFF5ED
FFFFF5ED
FFFFF5ED
FFFFF5ED
FFFFF5ED
FFFFF5ED
FFFFF5ED
FFFFF5ED
FFFFF5ED
FFFFF5ED
FFFFF5ED
FFFFF5ED
FFFFF5ED
FFFFF5ED
FFFFF5ED
FFFFF5ED
FFFFF5ED
FFFFF5ED
FFFFF5ED
FFFFF5ED
FFFFF5ED
FFFFF5ED
FFFFF5ED
FFFFF8BF
FFFFFE6C
FFFFF6ED
FFFFF6ED
FFFFF6ED
FFFFF6ED
FFFFF6ED
FFFFF6ED
FFFFF6ED
FFFFF6ED
FFFFF6ED
FFFFF6ED
FFFFF6ED
FFFFF6ED
FFFFF6ED
FFFFF6ED
FFFFF6ED
FFFFF6ED
FFFFF6ED
FFFFF6ED
FFFFF6ED
FFFFF6ED
FFFFF6ED
FFFFF6ED
FFFFF6ED
FFFFF6ED
FFFFF6ED
FFFFF6ED
FFFFF4C6
FFFFFC32
FFFFF61C
FFFFF61C
FFFFF61C
FFFFF61C
FFFFF61C
FFFFF61C
FFFFF61C
FFFFF61C
FFFFF61C
FFFFF61C
FFFFF61C
FFFFF61C
FFFFF61C
FFFFF61C
FFFFF61C
FFFFF61C
FFFFF61C
FFFFF61C
FFFFF61C
FFFFF61C
FFFFF61C
FFFFF61C
FFFFF61C
FFFFF61C
FFFFF61C
FFFFF61C
FFFFF843
FFFFFC32
FFFFF61C
FFFFF61C
FFFFF61C
FFFFF61C
FFFFF61C
FFFFF61C
FFFFF61C
FFFFF61C
FFFFF61C
FFFFF61C
FFFFF61C
FFFFF61C
FFFFF61C
FFFFF61C
FFFFF61C
FFFFF61C
FFFFF61C
FFFFF61C
FFFFF61C
FFFFF61C
FFFFF61C
FFFFF61C
FFFFF61C
FFFFF61C
FFFFF61C
FFFFF61C
FFFFF843
FFFFFC32
FFFFF61C
FFFFF61C
FFFFF61C
FFFFF61C
FFFFF61C
FFFFF61C
FFFFF61C
FFFFF61C
FFFFF61C
FFFFF61C
FFFFF61C
FFFFF61C
FFFFF61C
FFFFF61C
FFFFF61C
FFFFF61C
FFFFF61C
FFFFF61C
FFFFF61C
FFFFF61C
FFFFF61C
FFFFF61C
FFFFF61C
FFFFF61C
FFFFF61C
FFFFF61C
FFFFF843
FFFFFC32
FFFFF61C
FFFFF61C
FFFFF61C
FFFFF61C
FFFFF61C
FFFFF61C
FFFFF61C
FFFFF61C
FFFFF61C
FFFFF61C
FFFFF61C
FFFFF266
FFFFECA2
FFFFEE58
FFFFF286
FFFFF86E
FFFFF61C
FFFFF61C
FFFFF61C
FFFFF61C
FFFFF61C
FFFFF61C
FFFFF61C
FFFFF61C
FFFFF61C
FFFFF61C
FFFFF843
FFFFFC32
FFFFF61C
FFFFF61C
FFFFF61C
FFFFF61C
FFFFF61C
FFFFF61C
FFFFF61C
FFFFF61C
FFFFF61C
FFFFF55E
FFFFEBD0
FFFFD4A1
FFFFCDEE
FFFFDCAD
FFFFE060
FFFFDF5B
FFFFD502
FFFFD4EC
FFFFD9D2
FFFFE82A
FFFFF448
FFFFF7C2
FFFFF6B6
FFFFF61C
FFFFF61C
FFFFF61C
FFFFF843
FFFFFC32
FFFFF61C
FFFFF61C
FFFFF61C
FFFFF61C
FFFFF61C
FFFFF61C
FFFFF61C
FFFFF61C
FFFFF55E
FFFFE59B
FFFFCD7F
FFFFE5DE
00000D40
000024AE
00001E1E
00001A6F
00001429
000013DA
000012B1
000008A0
FFFFF49D
FFFFF300
FFFFFFB1
FFFFF750
FFFFF61C
FFFFF61C
FFFFF843
FFFFFC32
FFFFF61C
FFFFF61C
FFFFF61C
FFFFF61C
FFFFF61C
FFFFF61C
FFFFF61C
FFFFF182
FFFFDE49
FFFFCFF8
FFFFF9A3
0000357E
00004211
00004224
00003E5E
000046B2
000041F8
0000461B
00003931
000020C9
00001947
00001C5A
00001721
00000256
FFFFF61C
FFFFF61C
FFFFF843
FFFFFC32
FFFFF61C
FFFFF61C
FFFFF61C
FFFFF61C
FFFFF61C
FFFFF61C
FFFFF61C
FFFFEB79
FFFFDC63
00000B04
000034A3
000046C5
00004FFD
00003591
00002699
00001D5D
000015FA
00001A41
00001814
00001577
00000E05
00000663
0000219F
00001BDC
FFFFF61C
FFFFF61C
FFFFF843
FFFFFC32
FFFFF61C
FFFFF61C
FFFFF61C
FFFFF61C
FFFFF61C
FFFFF61C
FFFFF61C
FFFFF42F
FFFFFF5A
00001BD0
00003F52
000049AB
00001640
FFFFF999
FFFFF069
FFFFF8FB
FFFFF8AA
FFFFF5C3
FFFFFB88
FFFFEC0A
FFFFEE48
00001062
00001EBF
00001F05
FFFFF61C
FFFFF61C
FFFFF843
FFFFFC32
FFFFF61C
FFFFF61C
FFFFF61C
FFFFF61C
FFFFF61C
FFFFF61C
FFFFF61C
000001E1
000004D4
00001372
00002B5D
0000106E
FFFFF484
FFFFF54B
FFFFF61C
FFFFF61C
FFFFF61C
FFFFF34A
FFFFDFFC
FFFFE93E
00001857
00002DCD
000021EB
00001A60
FFFFF61C
FFFFF61C
FFFFF843
FFFFFC32
FFFFF61C
FFFFF61C
FFFFF61C
FFFFF61C
FFFFF61C
FFFFF61C
FFFFF61C
00000A1E
00001609
0000158D
0000057F
0000121E
00000D7E
FFFFF816
FFFFF61C
FFFFF2D8
FFFFE43C
FFFFCFE5
FFFFDB60
00001439
0000348B
00004012
00002802
00000AB9
FFFFF61C
FFFFF61C
FFFFF843
FFFFFC32
FFFFF61C
FFFFF61C
FFFFF61C
FFFFF61C
FFFFF61C
FFFFF61C
FFFFF61C
000003B4
000011C1
00000A26
FFFFFEFC
00000C4C
000011FA
0000036F
FFFFEC4C
FFFFDB82
FFFFCF42
FFFFF301
00003086
00004278
00004B06
00003D11
0000053A
FFFFF39A
FFFFF61C
FFFFF61C
FFFFF843
FFFFFC32
FFFFF61C
FFFFF61C
FFFFF61C
FFFFF61C
FFFFF61C
FFFFF61C
FFFFF61C
FFFFF61C
000009C1
000012F2
00000EA8
FFFFFEEF
00000D2D
FFFFF7F9
FFFFD4FF
FFFFE6A5
00001485
00004397
000050B2
0000507C
00002FBE
FFFFFDB8
FFFFEF18
FFFFF512
FFFFF61C
FFFFF61C
FFFFF843
FFFFFC32
FFFFF61C
FFFFF61C
FFFFF61C
FFFFF61C
FFFFF61C
FFFFF61C
FFFFF61C
FFFFF61C
FFFFF89A
00000640
FFFFF072
FFFFF24F
00000412
0000191F
00002416
00004C44
00005C05
000050AB
00003554
0000088A
FFFFE888
FFFFEF68
FFFFF597
FFFFF61C
FFFFF61C
FFFFF61C
FFFFF843
FFFFFC32
FFFFF61C
FFFFF61C
FFFFF61C
FFFFF61C
FFFFF61C
FFFFF61C
FFFFF02C
FFFFDEF6
FFFFCECE
FFFFCD82
FFFFFAFB
00001876
000022B2
00002AD0
000037AA
00004A13
00003389
FFFFFC96
FFFFE89B
FFFFEF99
FFFFF55E
FFFFF61C
FFFFF61C
FFFFF61C
FFFFF61C
FFFFF61C
FFFFF843
FFFFFC32
FFFFF61C
FFFFF61C
FFFFF61C
FFFFF3E2
FFFFE7D8
FFFFD39E
FFFFCB7A
FFFFD9C7
FFFFF766
0000281B
00004F95
0000502B
00003FA8
00002630
000022B9
0000109E
000007B9
FFFFF31C
FFFFF597
FFFFF61C
FFFFF61C
FFFFF61C
FFFFF61C
FFFFF61C
FFFFF61C
FFFFF61C
FFFFF843
FFFFFC32
FFFFF61C
FFFFF61C
FFFFE802
FFFFCE1D
FFFFD211
FFFFE85B
0000146F
00003A2C
000053F5
00005675
0000466E
0000271E
FFFFFE8B
FFFFFBE6
000010D5
00001D20
00002564
FFFFFC90
FFFFF61C
FFFFF61C
FFFFF61C
FFFFF61C
FFFFF61C
FFFFF61C
FFFFF61C
FFFFF61C
FFFFF843
FFFFFC32
FFFFF61C
FFFFF61C
FFFFEE9D
FFFFF0D0
00001A73
000034FC
0000347B
00003B77
00003443
FFFFFE21
FFFFD9A6
FFFFCD1D
FFFFF0C0
000016E4
00002BDB
00001FD7
000028A3
FFFFFFC8
FFFFF61C
FFFFF61C
FFFFF61C
FFFFF61C
FFFFF61C
FFFFF61C
FFFFF61C
FFFFF61C
FFFFF843
FFFFFC32
FFFFF61C
FFFFF61C
00000E33
0000160E
00001C7A
000026CC
000027AF
00001513
FFFFF3B9
FFFFEB42
FFFFFD49
0000170A
00003515
000033BF
00003FDD
00003821
000013F0
FFFFF634
FFFFF61C
FFFFF61C
FFFFF61C
FFFFF61C
FFFFF61C
FFFFF61C
FFFFF61C
FFFFF61C
FFFFF843
FFFFFC32
FFFFF61C
FFFFF61C
000006A6
000011AF
000017DC
00002F29
00003230
000023CD
00002A76
00003448
000036B8
000038E2
00003B04
00004C26
00004C1C
00000CC5
FFFFF160
FFFFF584
FFFFF61C
FFFFF61C
FFFFF61C
FFFFF61C
FFFFF61C
FFFFF61C
FFFFF61C
FFFFF61C
FFFFF843
FFFFFC32
FFFFF61C
FFFFF61C
FFFFF61C
0000078E
00000D7B
00000848
00001549
0000290F
00003710
000042DD
000042DD
000042DD
0000412D
00002FA3
FFFFF8F5
FFFFECC7
FFFFF4B3
FFFFF61C
FFFFF61C
FFFFF61C
FFFFF61C
FFFFF61C
FFFFF61C
FFFFF61C
FFFFF61C
FFFFF61C
FFFFF843
FFFFFC32
FFFFF61C
FFFFF61C
FFFFF61C
FFFFF61C
FFFFF982
0000036C
FFFFFFE7
00000332
FFFFFE00
FFFFFB2E
FFFFFB2E
FFFFFB2E
FFFFF04E
FFFFE782
FFFFF00A
FFFFF584
FFFFF61C
FFFFF61C
FFFFF61C
FFFFF61C
FFFFF61C
FFFFF61C
FFFFF61C
FFFFF61C
FFFFF61C
FFFFF61C
FFFFF843
FFFFFC32
FFFFF61C
FFFFF61C
FFFFF61C
FFFFF61C
FFFFF61C
FFFFF61C
FFFFF61C
FFFFF61C
FFFFF61C
FFFFF61C
FFFFF61C
FFFFF61C
FFFFF61C
FFFFF61C
FFFFF61C
FFFFF61C
FFFFF61C
FFFFF61C
FFFFF61C
FFFFF61C
FFFFF61C
FFFFF61C
FFFFF61C
FFFFF61C
FFFFF61C
FFFFF61C
FFFFF843
FFFFFC32
FFFFF61C
FFFFF61C
FFFFF61C
FFFFF61C
FFFFF61C
FFFFF61C
FFFFF61C
FFFFF61C
FFFFF61C
FFFFF61C
FFFFF61C
FFFFF61C
FFFFF61C
FFFFF61C
FFFFF61C
FFFFF61C
FFFFF61C
FFFFF61C
FFFFF61C
FFFFF61C
FFFFF61C
FFFFF61C
FFFFF61C
FFFFF61C
FFFFF61C
FFFFF61C
FFFFF843
FFFFFC32
FFFFF61C
FFFFF61C
FFFFF61C
FFFFF61C
FFFFF61C
FFFFF61C
FFFFF61C
FFFFF61C
FFFFF61C
FFFFF61C
FFFFF61C
FFFFF61C
FFFFF61C
FFFFF61C
FFFFF61C
FFFFF61C
FFFFF61C
FFFFF61C
FFFFF61C
FFFFF61C
FFFFF61C
FFFFF61C
FFFFF61C
FFFFF61C
FFFFF61C
FFFFF61C
FFFFF843
FFFFFC32
FFFFF61C
FFFFF61C
FFFFF61C
FFFFF61C
FFFFF61C
FFFFF61C
FFFFF61C
FFFFF61C
FFFFF61C
FFFFF61C
FFFFF61C
FFFFF61C
FFFFF61C
FFFFF61C
FFFFF61C
FFFFF61C
FFFFF61C
FFFFF61C
FFFFF61C
FFFFF61C
FFFFF61C
FFFFF61C
FFFFF61C
FFFFF61C
FFFFF61C
FFFFF61C
FFFFF843
FFFFF538
FFFFF0C4
FFFFF0C4
FFFFF0C4
FFFFF0C4
FFFFF0C4
FFFFF0C4
FFFFF0C4
FFFFF0C4
FFFFF0C4
FFFFF0C4
FFFFF0C4
FFFFF0C4
FFFFF0C4
FFFFF0C4
FFFFF0C4
FFFFF0C4
FFFFF0C4
FFFFF0C4
FFFFF0C4
FFFFF0C4
FFFFF0C4
FFFFF0C4
FFFFF0C4
FFFFF0C4
FFFFF0C4
FFFFF0C4
FFFFF5BD
000003C0
FFFFFAC5
FFFFFAC5
FFFFFAC5
FFFFFAC5
FFFFFAC5
FFFFFAC5
FFFFFAC5
FFFFFAC5
FFFFFAC5
FFFFFAC5
FFFFFAC5
FFFFFAC5
FFFFFAC5
FFFFFAC5
FFFFFAC5
FFFFFAC5
FFFFFAC5
FFFFFAC5
FFFFFAC5
FFFFFAC5
FFFFFAC5
FFFFFAC5
FFFFFAC5
FFFFFAC5
FFFFFAC5
FFFFFAC5
FFFFF450
000005AE
0000026A
0000026A
0000026A
0000026A
0000026A
0000026A
0000026A
0000026A
0000026A
0000026A
0000026A
0000026A
0000026A
0000026A
0000026A
0000026A
0000026A
0000026A
0000026A
0000026A
0000026A
0000026A
0000026A
0000026A
0000026A
0000026A
FFFFF910
000005AE
0000026A
0000026A
0000026A
0000026A
0000026A
0000026A
0000026A
0000026A
0000026A
0000026A
0000026A
0000026A
0000026A
0000026A
0000026A
0000026A
0000026A
0000026A
0000026A
0000026A
0000026A
0000026A
0000026A
0000026A
0000026A
0000026A
FFFFF910
000005AE
0000026A
0000026A
0000026A
0000026A
0000026A
0000026A
0000026A
0000026A
0000026A
0000026A
0000026A
0000026A
0000026A
0000026A
0000026A
0000026A
0000026A
0000026A
0000026A
0000026A
0000026A
0000026A
0000026A
0000026A
0000026A
0000026A
FFFFF910
000005AE
0000026A
0000026A
0000026A
0000026A
0000026A
0000026A
0000026A
0000026A
0000026A
0000026A
0000026A
FFFFF7C5
FFFFF704
FFFFF832
000003C9
000003AE
0000026A
0000026A
0000026A
0000026A
0000026A
0000026A
0000026A
0000026A
0000026A
0000026A
FFFFF910
000005AE
0000026A
0000026A
0000026A
0000026A
0000026A
0000026A
0000026A
0000026A
0000026A
00000049
FFFFE809
FFFFC827
FFFFCD00
FFFFDBA7
FFFFE559
FFFFE2EE
FFFFD636
FFFFD62A
FFFFE437
FFFFF886
00000390
0000042D
000002BE
0000026A
0000026A
0000026A
FFFFF910
000005AE
0000026A
0000026A
0000026A
0000026A
0000026A
0000026A
0000026A
0000026A
00000049
FFFFD628
FFFFCB28
FFFFDB12
FFFFFE94
000019DA
00001BFB
000017E2
000014D5
00001468
00001192
00000A18
FFFFFE62
00001431
00000B2B
00000312
0000026A
0000026A
FFFFF910
000005AE
0000026A
0000026A
0000026A
0000026A
0000026A
0000026A
0000026A
FFFFF537
FFFFD193
FFFFCF5A
FFFFDABE
00000CFE
00002206
00000826
00001A31
000010C8
000018ED
00001DEE
00000EAD
0000029E
00000766
00002252
00003CD5
00000CB0
0000026A
0000026A
FFFFF910
000005AE
0000026A
0000026A
0000026A
0000026A
0000026A
0000026A
0000026A
FFFFE371
FFFFD157
FFFFDEA5
0000138E
00002CED
00001D0D
000006D1
FFFFF17E
FFFFEF2A
FFFFE00F
FFFFE6DE
FFFFE7DD
FFFFC66F
FFFFCC2A
FFFFF8CA
00002CC8
00002B0C
0000026A
0000026A
FFFFF910
000005AE
0000026A
0000026A
0000026A
0000026A
0000026A
0000026A
0000026A
FFFFE2D8
FFFFC95F
FFFFEC3F
00002A2A
00001DE5
00000398
FFFFDD65
FFFFEAFC
FFFFE61C
FFFFF391
FFFFEEF8
FFFFD6F9
FFFFB4C2
FFFFB32D
FFFFE819
00002CC5
00001FEF
0000026A
0000026A
FFFFF910
000005AE
0000026A
0000026A
0000026A
0000026A
0000026A
0000026A
0000026A
FFFFE39F
FFFFC751
FFFFDE64
000008CA
000020B1
FFFFE7A9
FFFFFF1B
0000026A
0000026A
0000026A
FFFFFA53
FFFFCE52
FFFFC8A5
FFFFE62C
000010A6
00002E21
000015DA
0000026A
0000026A
FFFFF910
000005AE
0000026A
0000026A
0000026A
0000026A
0000026A
0000026A
0000026A
FFFFFB89
FFFFDEB3
FFFFD341
FFFFFADD
00001874
00001E55
0000037E
0000026A
FFFFF90C
FFFFDD08
FFFFC7AF
FFFFD028
FFFFDB01
0000152C
00002372
000028E9
000005D9
0000026A
0000026A
FFFFF910
000005AE
0000026A
0000026A
0000026A
0000026A
0000026A
0000026A
0000026A
FFFFF946
FFFFF1FE
FFFFC6AA
FFFFD6B9
FFFFFA63
00003036
000009AB
FFFFF144
FFFFCBE0
FFFFD0EC
FFFFE771
000000F1
00002B6C
000024EF
00001D54
00000914
FFFFECB4
0000026A
0000026A
FFFFF910
000005AE
0000026A
0000026A
0000026A
0000026A
0000026A
0000026A
0000026A
0000026A
FFFFF669
FFFFF736
FFFFC565
FFFFE622
FFFFF833
FFFFFCD3
FFFFD28F
FFFFE02B
FFFFF010
00002715
000032FE
00001D26
00000E2B
FFFFFCAC
FFFFE720
FFFFFE34
0000026A
0000026A
FFFFF910
000005AE
0000026A
0000026A
0000026A
0000026A
0000026A
0000026A
0000026A
0000026A
000000BD
FFFFD9EC
FFFFC29E
FFFFB850
FFFFF1D1
FFFFFBE9
000019F6
0000344F
00004229
00001ECB
00000C52
FFFFF136
FFFFE32B
FFFFEAB5
0000004F
0000026A
0000026A
0000026A
FFFFF910
000005AE
0000026A
0000026A
0000026A
0000026A
0000026A
0000026A
FFFFF162
FFFFD945
FFFFC6EE
FFFFCD40
FFFFCB43
FFFFEB8C
FFFFEF3C
FFFFEABA
0000106B
0000205E
000009C9
FFFFE5EE
FFFFDF46
FFFFECF7
FFFFFF68
0000026A
0000026A
0000026A
0000026A
0000026A
FFFFF910
000005AE
0000026A
0000026A
0000026A
FFFFFC07
FFFFE2F7
FFFFCB34
FFFFCC19
FFFFD7D4
FFFFF362
0000184C
00003570
00002FEE
FFFFF4EE
FFFFE578
FFFFE64B
00001DA3
FFFFFFD6
FFFFF619
0000004F
0000026A
0000026A
0000026A
0000026A
0000026A
0000026A
0000026A
FFFFF910
000005AE
0000026A
0000026A
FFFFD9F7
FFFFCB72
FFFFD188
FFFFE4B9
00000106
000028CF
00003A0C
00002D91
000015CB
FFFFE94B
FFFFB71D
FFFFB5D3
FFFFEBA5
0000212F
00003290
00000906
0000026A
0000026A
0000026A
0000026A
0000026A
0000026A
0000026A
0000026A
FFFFF910
000005AE
0000026A
0000026A
FFFFEB7F
FFFFD7C1
00000092
00000AFE
0000099F
000010BC
FFFFF68A
FFFFD4E1
FFFFB037
FFFFAF16
FFFFB956
FFFFE1C9
FFFFF622
00002F4D
00001F79
00000CCE
0000026A
0000026A
0000026A
0000026A
0000026A
0000026A
0000026A
0000026A
FFFFF910
000005AE
0000026A
0000026A
FFFFFA37
FFFFE611
FFFFD651
FFFFEB05
FFFFE855
FFFFE7E7
FFFFE130
FFFFD61F
FFFFF658
0000014E
00000527
00000C4E
00002085
00002B3C
000011E8
FFFFFC32
0000026A
0000026A
0000026A
0000026A
0000026A
0000026A
0000026A
0000026A
FFFFF910
000005AE
0000026A
0000026A
FFFFF74B
FFFFF6A6
FFFFEB06
FFFFE74B
000000D0
FFFFFF03
00000136
000014FE
00000BEE
00000392
0000119C
00002232
00001A32
00001651
FFFFE382
00000002
0000026A
0000026A
0000026A
0000026A
0000026A
0000026A
0000026A
0000026A
FFFFF910
000005AE
0000026A
0000026A
0000026A
FFFFF6AF
FFFFF297
FFFFE35E
FFFFDDFE
FFFFF67E
FFFFFFF6
00001071
00001071
00001071
00000C51
0000043F
FFFFF92D
FFFFDF62
FFFFFCB3
0000026A
0000026A
0000026A
0000026A
0000026A
0000026A
0000026A
0000026A
0000026A
FFFFF910
000005AE
0000026A
0000026A
0000026A
0000026A
00000021
FFFFF91F
FFFFF511
FFFFE0A6
FFFFDE5E
FFFFD2F0
FFFFD2F0
FFFFD2F0
FFFFDA40
FFFFE142
FFFFEDC4
00000002
0000026A
0000026A
0000026A
0000026A
0000026A
0000026A
0000026A
0000026A
0000026A
0000026A
FFFFF910
000005AE
0000026A
0000026A
0000026A
0000026A
0000026A
0000026A
0000026A
0000026A
0000026A
0000026A
0000026A
0000026A
0000026A
0000026A
0000026A
0000026A
0000026A
0000026A
0000026A
0000026A
0000026A
0000026A
0000026A
0000026A
0000026A
0000026A
FFFFF910
000005AE
0000026A
0000026A
0000026A
0000026A
0000026A
0000026A
0000026A
0000026A
0000026A
0000026A
0000026A
0000026A
0000026A
0000026A
0000026A
0000026A
0000026A
0000026A
0000026A
0000026A
0000026A
0000026A
0000026A
0000026A
0000026A
0000026A
FFFFF910
000005AE
0000026A
0000026A
0000026A
0000026A
0000026A
0000026A
0000026A
0000026A
0000026A
0000026A
0000026A
0000026A
0000026A
0000026A
0000026A
0000026A
0000026A
0000026A
0000026A
0000026A
0000026A
0000026A
0000026A
0000026A
0000026A
0000026A
FFFFF910
000005AE
0000026A
0000026A
0000026A
0000026A
0000026A
0000026A
0000026A
0000026A
0000026A
0000026A
0000026A
0000026A
0000026A
0000026A
0000026A
0000026A
0000026A
0000026A
0000026A
0000026A
0000026A
0000026A
0000026A
0000026A
0000026A
0000026A
FFFFF910
FFFFFDAA
FFFFFB4A
FFFFFB4A
FFFFFB4A
FFFFFB4A
FFFFFB4A
FFFFFB4A
FFFFFB4A
FFFFFB4A
FFFFFB4A
FFFFFB4A
FFFFFB4A
FFFFFB4A
FFFFFB4A
FFFFFB4A
FFFFFB4A
FFFFFB4A
FFFFFB4A
FFFFFB4A
FFFFFB4A
FFFFFB4A
FFFFFB4A
FFFFFB4A
FFFFFB4A
FFFFFB4A
FFFFFB4A
FFFFFB4A
FFFFFA07
FFFFF43C
FFFFF49B
FFFFF49B
FFFFF49B
FFFFF49B
FFFFF49B
FFFFF49B
FFFFF49B
FFFFF49B
FFFFF49B
FFFFF49B
FFFFF49B
FFFFF49B
FFFFF49B
FFFFF49B
FFFFF49B
FFFFF49B
FFFFF49B
FFFFF49B
FFFFF49B
FFFFF49B
FFFFF49B
FFFFF49B
FFFFF49B
FFFFF49B
FFFFF49B
FFFFF49B
FFFFFAD7
FFFFF546
FFFFFC53
FFFFFC53
FFFFFC53
FFFFFC53
FFFFFC53
FFFFFC53
FFFFFC53
FFFFFC53
FFFFFC53
FFFFFC53
FFFFFC53
FFFFFC53
FFFFFC53
FFFFFC53
FFFFFC53
FFFFFC53
FFFFFC53
FFFFFC53
FFFFFC53
FFFFFC53
FFFFFC53
FFFFFC53
FFFFFC53
FFFFFC53
FFFFFC53
FFFFFC53
00000515
FFFFF546
FFFFFC53
FFFFFC53
FFFFFC53
FFFFFC53
FFFFFC53
FFFFFC53
FFFFFC53
FFFFFC53
FFFFFC53
FFFFFC53
FFFFFC53
FFFFFC53
FFFFFC53
FFFFFC53
FFFFFC53
FFFFFC53
FFFFFC53
FFFFFC53
FFFFFC53
FFFFFC53
FFFFFC53
FFFFFC53
FFFFFC53
FFFFFC53
FFFFFC53
FFFFFC53
00000515
FFFFF546
FFFFFC53
FFFFFC53
FFFFFC53
FFFFFC53
FFFFFC53
FFFFFC53
FFFFFC53
FFFFFC53
FFFFFC53
FFFFFC53
FFFFFC53
FFFFFC53
FFFFFC53
FFFFFC53
FFFFFC53
FFFFFC53
FFFFFC53
FFFFFC53
FFFFFC53
FFFFFC53
FFFFFC53
FFFFFC53
FFFFFC53
FFFFFC53
FFFFFC53
FFFFFC53
00000515
FFFFF546
FFFFFC53
FFFFFC53
FFFFFC53
FFFFFC53
FFFFFC53
FFFFFC53
FFFFFC53
FFFFFC53
FFFFFC53
FFFFFC53
FFFFFC53
FFFFFDCA
FFFFFFAA
0000007D
FFFFFEF6
FFFFFD10
FFFFFC53
FFFFFC53
FFFFFC53
FFFFFC53
FFFFFC53
FFFFFC53
FFFFFC53
FFFFFC53
FFFFFC53
FFFFFC53
00000515
FFFFF546
FFFFFC53
FFFFFC53
FFFFFC53
FFFFFC53
FFFFFC53
FFFFFC53
FFFFFC53
FFFFFC53
FFFFFC53
FFFFFC9E
0000004F
00000FF0
000019FF
00001B5A
00001283
00000E4E
00000ECA
00000EC3
00000CD4
000007B2
000001A9
FFFFFDD4
FFFFFC84
FFFFFC53
FFFFFC53
FFFFFC53
00000515
FFFFF546
FFFFFC53
FFFFFC53
FFFFFC53
FFFFFC53
FFFFFC53
FFFFFC53
FFFFFC53
FFFFFC53
FFFFFC9E
0000042D
00001D7B
000040D8
00004258
0000358E
00002A2A
00002CB9
00003759
00003765
00002E80
00001EBA
000012B7
0000088E
00000051
FFFFFCB5
FFFFFC53
FFFFFC53
00000515
FFFFF546
FFFFFC53
FFFFFC53
FFFFFC53
FFFFFC53
FFFFFC53
FFFFFC53
FFFFFC53
FFFFFE24
000006A6
00002B38
0000495B
00004565
00001BFA
FFFFFB65
FFFFF3D5
FFFFF6F2
00000040
0000003E
FFFFFDD8
0000031E
000012C2
00000886
FFFFFFC8
FFFFFE2F
FFFFFC53
FFFFFC53
00000515
FFFFF546
FFFFFC53
FFFFFC53
FFFFFC53
FFFFFC53
FFFFFC53
FFFFFC53
FFFFFC53
0000094F
00002CF8
00004DC8
00003D15
0000007F
FFFFDBFC
FFFFD653
FFFFCD6F
FFFFCF34
FFFFD151
FFFFCD92
FFFFD9B3
FFFFEE6D
FFFFFB15
FFFFE75B
FFFFDC64
FFFFF666
FFFFFC53
FFFFFC53
00000515
FFFFF546
FFFFFC53
FFFFFC53
FFFFFC53
FFFFFC53
FFFFFC53
FFFFFC53
FFFFFC53
00001A5D
000041D7
000033A0
FFFFFEC0
FFFFC7EF
FFFFB98B
FFFFCFBD
FFFFD97D
FFFFE353
FFFFECCF
FFFFE5DF
FFFFF205
00001262
00001B9D
FFFFFEAB
FFFFC82C
FFFFD99E
FFFFFC53
FFFFFC53
00000515
FFFFF546
FFFFFC53
FFFFFC53
FFFFFC53
FFFFFC53
FFFFFC53
FFFFFC53
FFFFFC53
00001FA0
00003B5B
00001CCB
FFFFD738
FFFFB78A
FFFFD34D
FFFFF875
FFFFFC53
FFFFFC53
FFFFFC53
FFFFFD70
000010A8
0000432D
00004624
00000C13
FFFFC0B2
FFFFCEA1
FFFFFC53
FFFFFC53
00000515
FFFFF546
FFFFFC53
FFFFFC53
FFFFFC53
FFFFFC53
FFFFFC53
FFFFFC53
FFFFFC53
000016FD
000031FD
000017D3
FFFFD8FB
FFFFD42F
FFFFFB4A
FFFFFCF4
FFFFFC53
FFFFFD9D
00000307
000010BB
00003BF1
00004EE2
0000288A
FFFFEB2E
FFFFB792
FFFFCDDB
FFFFFC53
FFFFFC53
00000515
FFFFF546
FFFFFC53
FFFFFC53
FFFFFC53
FFFFFC53
FFFFFC53
FFFFFC53
FFFFFC53
0000044B
00001BE3
00001515
FFFFF264
FFFFDD55
FFFFF053
FFFFFFF0
00000033
00000D91
0000290B
000042D8
00004F3D
00002EBD
FFFFF14D
FFFFC2E3
FFFFB4AA
FFFFDB53
FFFFFC53
FFFFFC53
00000515
FFFFF546
FFFFFC53
FFFFFC53
FFFFFC53
FFFFFC53
FFFFFC53
FFFFFC53
FFFFFC53
FFFFFC53
00000A94
00001FA2
00000CB9
FFFFEC16
FFFFE35C
000008E6
00001E44
00003CB4
00004AA9
0000363A
00000701
FFFFDDE2
FFFFBEE0
FFFFB4BF
FFFFD529
FFFFF767
FFFFFC53
FFFFFC53
00000515
FFFFF546
FFFFFC53
FFFFFC53
FFFFFC53
FFFFFC53
FFFFFC53
FFFFFC53
FFFFFC53
FFFFFC53
FFFFFDC9
00000F5D
000023C1
00000D63
FFFFF21A
000013C8
00003F60
00003CC3
000018B9
FFFFDF06
FFFFC20A
FFFFB969
FFFFC0C9
FFFFDEE3
FFFFF9DD
FFFFFC53
FFFFFC53
FFFFFC53
00000515
FFFFF546
FFFFFC53
FFFFFC53
FFFFFC53
FFFFFC53
FFFFFC53
FFFFFC53
FFFFFEAB
000004D2
00000CBC
000022A1
00004978
00003BA8
00000AFE
000007E2
000005C5
FFFFDD4C
FFFFC158
FFFFB875
FFFFC087
FFFFE0C9
FFFFF8CF
FFFFFC53
FFFFFC53
FFFFFC53
FFFFFC53
FFFFFC53
00000515
FFFFF546
FFFFFC53
FFFFFC53
FFFFFC53
FFFFFD34
000001B7
000009AC
00001AE8
00003035
00004086
00004765
00003EE1
00001915
FFFFFE95
0000002E
FFFFED60
FFFFC454
FFFFC87D
FFFFEBDF
FFFFF9DD
FFFFFC53
FFFFFC53
FFFFFC53
FFFFFC53
FFFFFC53
FFFFFC53
FFFFFC53
00000515
FFFFF546
FFFFFC53
FFFFFC53
000001E4
00000ED7
00002601
00003BE3
00004704
00004264
000027FF
FFFFF94F
FFFFD6F5
FFFFCF9D
FFFFEE16
000004ED
FFFFFAC6
FFFFD546
FFFFE502
FFFFFCA3
FFFFFC53
FFFFFC53
FFFFFC53
FFFFFC53
FFFFFC53
FFFFFC53
FFFFFC53
FFFFFC53
00000515
FFFFF546
FFFFFC53
FFFFFC53
00001A35
000037F5
00004616
00003EAC
00001DAD
FFFFF3E2
FFFFD518
FFFFC7EA
FFFFCDF3
FFFFF0D7
00002E29
00003338
00000C46
FFFFCC40
FFFFC840
FFFFF6D3
FFFFFC53
FFFFFC53
FFFFFC53
FFFFFC53
FFFFFC53
FFFFFC53
FFFFFC53
FFFFFC53
00000515
FFFFF546
FFFFFC53
FFFFFC53
00001C9E
00002E0B
000012DE
000006B0
FFFFFD6B
FFFFE3CA
FFFFE60F
00000AA8
00002CFE
0000438C
0000487A
000025A2
FFFFFA70
FFFFBDF2
FFFFBE6A
FFFFF0B3
FFFFFC53
FFFFFC53
FFFFFC53
FFFFFC53
FFFFFC53
FFFFFC53
FFFFFC53
FFFFFC53
00000515
FFFFF546
FFFFFC53
FFFFFC53
00000605
000016A6
0000076C
FFFFF5AC
FFFFF52E
FFFFF510
00000FFE
00002746
00002052
000018D6
000007A2
FFFFF302
FFFFCB9E
FFFFAD8F
FFFFCBE1
FFFFF983
FFFFFC53
FFFFFC53
FFFFFC53
FFFFFC53
FFFFFC53
FFFFFC53
FFFFFC53
FFFFFC53
00000515
FFFFF546
FFFFFC53
FFFFFC53
FFFFFC53
0000068D
00000442
FFFFEDB7
FFFFDE8B
FFFFE4D1
FFFFE743
FFFFE5D5
FFFFE5D5
FFFFE5D5
FFFFD8E5
FFFFC233
FFFFB0B7
FFFFCA55
FFFFF5A5
FFFFFC53
FFFFFC53
FFFFFC53
FFFFFC53
FFFFFC53
FFFFFC53
FFFFFC53
FFFFFC53
FFFFFC53
00000515
FFFFF546
FFFFFC53
FFFFFC53
FFFFFC53
FFFFFC53
FFFFFE51
00000247
FFFFF54D
FFFFE5CB
FFFFD9BF
FFFFCC63
FFFFCC63
FFFFCC63
FFFFC603
FFFFC6C7
FFFFE237
FFFFF983
FFFFFC53
FFFFFC53
FFFFFC53
FFFFFC53
FFFFFC53
FFFFFC53
FFFFFC53
FFFFFC53
FFFFFC53
FFFFFC53
00000515
FFFFF546
FFFFFC53
FFFFFC53
FFFFFC53
FFFFFC53
FFFFFC53
FFFFFC53
FFFFFC53
FFFFFC53
FFFFFC53
FFFFFC53
FFFFFC53
FFFFFC53
FFFFFC53
FFFFFC53
FFFFFC53
FFFFFC53
FFFFFC53
FFFFFC53
FFFFFC53
FFFFFC53
FFFFFC53
FFFFFC53
FFFFFC53
FFFFFC53
FFFFFC53
FFFFFC53
00000515
FFFFF546
FFFFFC53
FFFFFC53
FFFFFC53
FFFFFC53
FFFFFC53
FFFFFC53
FFFFFC53
FFFFFC53
FFFFFC53
FFFFFC53
FFFFFC53
FFFFFC53
FFFFFC53
FFFFFC53
FFFFFC53
FFFFFC53
FFFFFC53
FFFFFC53
FFFFFC53
FFFFFC53
FFFFFC53
FFFFFC53
FFFFFC53
FFFFFC53
FFFFFC53
FFFFFC53
00000515
FFFFF546
FFFFFC53
FFFFFC53
FFFFFC53
FFFFFC53
FFFFFC53
FFFFFC53
FFFFFC53
FFFFFC53
FFFFFC53
FFFFFC53
FFFFFC53
FFFFFC53
FFFFFC53
FFFFFC53
FFFFFC53
FFFFFC53
FFFFFC53
FFFFFC53
FFFFFC53
FFFFFC53
FFFFFC53
FFFFFC53
FFFFFC53
FFFFFC53
FFFFFC53
FFFFFC53
00000515
FFFFF546
FFFFFC53
FFFFFC53
FFFFFC53
FFFFFC53
FFFFFC53
FFFFFC53
FFFFFC53
FFFFFC53
FFFFFC53
FFFFFC53
FFFFFC53
FFFFFC53
FFFFFC53
FFFFFC53
FFFFFC53
FFFFFC53
FFFFFC53
FFFFFC53
FFFFFC53
FFFFFC53
FFFFFC53
FFFFFC53
FFFFFC53
FFFFFC53
FFFFFC53
FFFFFC53
00000515
FFFFF7B9
FFFFFF4B
FFFFFF4B
FFFFFF4B
FFFFFF4B
FFFFFF4B
FFFFFF4B
FFFFFF4B
FFFFFF4B
FFFFFF4B
FFFFFF4B
FFFFFF4B
FFFFFF4B
FFFFFF4B
FFFFFF4B
FFFFFF4B
FFFFFF4B
FFFFFF4B
FFFFFF4B
FFFFFF4B
FFFFFF4B
FFFFFF4B
FFFFFF4B
FFFFFF4B
FFFFFF4B
FFFFFF4B
FFFFFF4B
000006F0
FFFFFA6D
FFFFF8DE
FFFFF8DE
FFFFF8DE
FFFFF8DE
FFFFF8DE
FFFFF8DE
FFFFF8DE
FFFFF8DE
FFFFF8DE
FFFFF8DE
FFFFF8DE
FFFFF8DE
FFFFF8DE
FFFFF8DE
FFFFF8DE
FFFFF8DE
FFFFF8DE
FFFFF8DE
FFFFF8DE
FFFFF8DE
FFFFF8DE
FFFFF8DE
FFFFF8DE
FFFFF8DE
FFFFF8DE
FFFFF8DE
FFFFF820
FFFFF658
FFFFF4EF
FFFFF4EF
FFFFF4EF
FFFFF4EF
FFFFF4EF
FFFFF4EF
FFFFF4EF
FFFFF4EF
FFFFF4EF
FFFFF4EF
FFFFF4EF
FFFFF4EF
FFFFF4EF
FFFFF4EF
FFFFF4EF
FFFFF4EF
FFFFF4EF
FFFFF4EF
FFFFF4EF
FFFFF4EF
FFFFF4EF
FFFFF4EF
FFFFF4EF
FFFFF4EF
FFFFF4EF
FFFFF4EF
FFFFF5E6
FFFFF658
FFFFF4EF
FFFFF4EF
FFFFF4EF
FFFFF4EF
FFFFF4EF
FFFFF4EF
FFFFF4EF
FFFFF4EF
FFFFF4EF
FFFFF4EF
FFFFF4EF
FFFFF4EF
FFFFF4EF
FFFFF4EF
FFFFF4EF
FFFFF4EF
FFFFF4EF
FFFFF4EF
FFFFF4EF
FFFFF4EF
FFFFF4EF
FFFFF4EF
FFFFF4EF
FFFFF4EF
FFFFF4EF
FFFFF4EF
FFFFF5E6
FFFFF658
FFFFF4EF
FFFFF4EF
FFFFF4EF
FFFFF4EF
FFFFF4EF
FFFFF4EF
FFFFF4EF
FFFFF4EF
FFFFF4EF
FFFFF4EF
FFFFF4EF
FFFFF4EF
FFFFF4EF
FFFFF4EF
FFFFF4EF
FFFFF4EF
FFFFF4EF
FFFFF4EF
FFFFF4EF
FFFFF4EF
FFFFF4EF
FFFFF4EF
FFFFF4EF
FFFFF4EF
FFFFF4EF
FFFFF4EF
FFFFF5E6
FFFFF658
FFFFF4EF
FFFFF4EF
FFFFF4EF
FFFFF4EF
FFFFF4EF
FFFFF4EF
FFFFF4EF
FFFFF4EF
FFFFF4EF
FFFFF4EF
FFFFF4EF
FFFFF4D6
FFFFF67D
FFFFFA6E
FFFFFAD7
FFFFF90C
FFFFF4EF
FFFFF4EF
FFFFF4EF
FFFFF4EF
FFFFF4EF
FFFFF4EF
FFFFF4EF
FFFFF4EF
FFFFF4EF
FFFFF4EF
FFFFF5E6
FFFFF658
FFFFF4EF
FFFFF4EF
FFFFF4EF
FFFFF4EF
FFFFF4EF
FFFFF4EF
FFFFF4EF
FFFFF4EF
FFFFF4EF
FFFFF4EA
FFFFF506
FFFFF860
00000A2B
00001530
00001667
00001091
00000E70
00000E49
00000E6A
00000C69
00000450
FFFFFB09
FFFFF600
FFFFF4EF
FFFFF4EF
FFFFF4EF
FFFFF5E6
FFFFF658
FFFFF4EF
FFFFF4EF
FFFFF4EF
FFFFF4EF
FFFFF4EF
FFFFF4EF
FFFFF4EF
FFFFF4EF
FFFFF4EA
FFFFF4AE
FFFFFAAF
0000144E
000025F7
000020A1
00001EF6
000017A9
0000198C
0000199E
00001AC7
00001770
00001397
00001189
000007F5
FFFFF711
FFFFF4EF
FFFFF4EF
FFFFF5E6
FFFFF658
FFFFF4EF
FFFFF4EF
FFFFF4EF
FFFFF4EF
FFFFF4EF
FFFFF4EF
FFFFF4EF
FFFFF4D0
FFFFF65D
FFFFFE50
00002069
00003260
00003786
00002FB2
00002740
0000213F
00001CAA
00001F45
00001AC3
000013EA
00001619
00001A09
00000AA2
000001F7
FFFFF4EF
FFFFF4EF
FFFFF5E6
FFFFF658
FFFFF4EF
FFFFF4EF
FFFFF4EF
FFFFF4EF
FFFFF4EF
FFFFF4EF
FFFFF4EF
FFFFF389
FFFFFAB5
00001E7C
00003728
000038C5
000029A8
0000152B
000017BF
00001123
000016F3
0000152B
0000127F
00001880
00001E6F
000024F3
000017AD
000000CA
FFFFF4EF
FFFFF4EF
FFFFF5E6
FFFFF658
FFFFF4EF
FFFFF4EF
FFFFF4EF
FFFFF4EF
FFFFF4EF
FFFFF4EF
FFFFF4EF
FFFFF4A2
00000ED9
000030C1
00003ABF
00002DB5
000003CB
000002F4
0000008B
FFFFFD60
FFFFFF9B
FFFFFE06
000000FF
000009E9
0000289F
00003817
000025AA
FFFFFE24
FFFFF4EF
FFFFF4EF
FFFFF5E6
FFFFF658
FFFFF4EF
FFFFF4EF
FFFFF4EF
FFFFF4EF
FFFFF4EF
FFFFF4EF
FFFFF4EF
FFFFF905
00001631
0000311C
00003B34
0000144F
FFFFFD8D
FFFFF4D9
FFFFF4EF
FFFFF4EF
FFFFF4EF
FFFFF4DC
FFFFF435
00000981
00003714
000038BA
0000275D
FFFFF97F
FFFFF4EF
FFFFF4EF
FFFFF5E6
FFFFF658
FFFFF4EF
FFFFF4EF
FFFFF4EF
FFFFF4EF
FFFFF4EF
FFFFF4EF
FFFFF4EF
FFFFF9EC
00000F8C
00002552
000026BF
00001264
00000643
FFFFF870
FFFFF4EF
FFFFF4D9
FFFFF60D
FFFFFCE5
00000D77
00003342
000039FB
00003663
0000175E
FFFFEFA7
FFFFF4EF
FFFFF4EF
FFFFF5E6
FFFFF658
FFFFF4EF
FFFFF4EF
FFFFF4EF
FFFFF4EF
FFFFF4EF
FFFFF4EF
FFFFF4EF
FFFFFA53
0000066E
00001BC2
00001F42
00001E63
00000CAE
0000058D
FFFFF6CC
FFFFF940
000003D6
00001B08
00002D1A
00003743
0000341F
00001FD9
FFFFFB42
FFFFF33B
FFFFF4EF
FFFFF4EF
FFFFF5E6
FFFFF658
FFFFF4EF
FFFFF4EF
FFFFF4EF
FFFFF4EF
FFFFF4EF
FFFFF4EF
FFFFF4EF
FFFFF4EF
FFFFFC2F
00000A40
00001DB3
0000193B
000019F9
00000A46
0000114E
00001502
00002B5F
000032FE
00003404
0000253B
000013A5
FFFFFD60
FFFFF563
FFFFF4D3
FFFFF4EF
FFFFF4EF
FFFFF5E6
FFFFF658
FFFFF4EF
FFFFF4EF
FFFFF4EF
FFFFF4EF
FFFFF4EF
FFFFF4EF
FFFFF4EF
FFFFF4EF
FFFFF5EC
FFFFFFE2
0000109C
00002E61
00002947
00001939
00002149
00002C04
0000308D
000021DA
000013D7
00000761
FFFFFDDC
FFFFF52F
FFFFF4E1
FFFFF4EF
FFFFF4EF
FFFFF4EF
FFFFF5E6
FFFFF658
FFFFF4EF
FFFFF4EF
FFFFF4EF
FFFFF4EF
FFFFF4EF
FFFFF4EF
FFFFF4C7
FFFFF736
000000E7
00000BA2
00002470
00003AF1
00003819
0000356F
000038DE
000035D6
00001992
00000915
FFFFFD6B
FFFFF59D
FFFFF4DB
FFFFF4EF
FFFFF4EF
FFFFF4EF
FFFFF4EF
FFFFF4EF
FFFFF5E6
FFFFF658
FFFFF4EF
FFFFF4EF
FFFFF4EF
FFFFF4E0
FFFFF5A4
FFFFFB9E
00000700
000014CA
00001AF4
0000239F
00002B9F
00002D11
000025E6
000026DB
000036B5
000027C4
00000BB0
FFFFF74B
FFFFF4E1
FFFFF4EF
FFFFF4EF
FFFFF4EF
FFFFF4EF
FFFFF4EF
FFFFF4EF
FFFFF4EF
FFFFF5E6
FFFFF658
FFFFF4EF
FFFFF4EF
FFFFF490
FFFFFA32
00000B5B
000017D6
00002181
00002973
00003020
00002B5D
00001AFF
00001562
00001336
00002E57
00003304
000026E9
00000476
FFFFF8F7
FFFFF4EF
FFFFF4EF
FFFFF4EF
FFFFF4EF
FFFFF4EF
FFFFF4EF
FFFFF4EF
FFFFF4EF
FFFFF5E6
FFFFF658
FFFFF4EF
FFFFF4EF
FFFFF14F
0000045C
00001A20
000030B8
00003812
000038EC
00002BCF
00001931
000016C9
00001309
00002185
00003C86
0000393A
00003028
0000047E
FFFFF3CF
FFFFF4EF
FFFFF4EF
FFFFF4EF
FFFFF4EF
FFFFF4EF
FFFFF4EF
FFFFF4EF
FFFFF4EF
FFFFF5E6
FFFFF658
FFFFF4EF
FFFFF4EF
FFFFFAE7
0000127B
00002247
00002E2C
0000385A
00003339
00001E2B
00001B6F
000019BC
00001F88
00002FE6
0000390F
000038FF
00002780
FFFFF2B4
FFFFF41F
FFFFF4EF
FFFFF4EF
FFFFF4EF
FFFFF4EF
FFFFF4EF
FFFFF4EF
FFFFF4EF
FFFFF4EF
FFFFF5E6
FFFFF658
FFFFF4EF
FFFFF4EF
FFFFFB7E
00000861
00001A56
00001E34
00001E51
00001D6B
00001B78
000025F8
00002A66
00003006
00003382
000030D6
000025FC
FFFFFFCC
FFFFF393
FFFFF4DF
FFFFF4EF
FFFFF4EF
FFFFF4EF
FFFFF4EF
FFFFF4EF
FFFFF4EF
FFFFF4EF
FFFFF4EF
FFFFF5E6
FFFFF658
FFFFF4EF
FFFFF4EF
FFFFF4EF
FFFFFBDA
00000A6E
00001293
00001949
0000167A
00001B26
0000187C
0000187C
0000187C
00001A2C
000013C8
0000022E
FFFFF5B9
FFFFF4C9
FFFFF4EF
FFFFF4EF
FFFFF4EF
FFFFF4EF
FFFFF4EF
FFFFF4EF
FFFFF4EF
FFFFF4EF
FFFFF4EF
FFFFF5E6
FFFFF658
FFFFF4EF
FFFFF4EF
FFFFF4EF
FFFFF4EF
FFFFF648
FFFFFCBD
00000441
00000905
00000DA9
00000D5D
00000D5D
00000D5D
0000090D
FFFFFD7B
FFFFF563
FFFFF4DF
FFFFF4EF
FFFFF4EF
FFFFF4EF
FFFFF4EF
FFFFF4EF
FFFFF4EF
FFFFF4EF
FFFFF4EF
FFFFF4EF
FFFFF4EF
FFFFF5E6
FFFFF658
FFFFF4EF
FFFFF4EF
FFFFF4EF
FFFFF4EF
FFFFF4EF
FFFFF4EF
FFFFF4EF
FFFFF4EF
FFFFF4EF
FFFFF4EF
FFFFF4EF
FFFFF4EF
FFFFF4EF
FFFFF4EF
FFFFF4EF
FFFFF4EF
FFFFF4EF
FFFFF4EF
FFFFF4EF
FFFFF4EF
FFFFF4EF
FFFFF4EF
FFFFF4EF
FFFFF4EF
FFFFF4EF
FFFFF4EF
FFFFF5E6
FFFFF658
FFFFF4EF
FFFFF4EF
FFFFF4EF
FFFFF4EF
FFFFF4EF
FFFFF4EF
FFFFF4EF
FFFFF4EF
FFFFF4EF
FFFFF4EF
FFFFF4EF
FFFFF4EF
FFFFF4EF
FFFFF4EF
FFFFF4EF
FFFFF4EF
FFFFF4EF
FFFFF4EF
FFFFF4EF
FFFFF4EF
FFFFF4EF
FFFFF4EF
FFFFF4EF
FFFFF4EF
FFFFF4EF
FFFFF4EF
FFFFF5E6
FFFFF658
FFFFF4EF
FFFFF4EF
FFFFF4EF
FFFFF4EF
FFFFF4EF
FFFFF4EF
FFFFF4EF
FFFFF4EF
FFFFF4EF
FFFFF4EF
FFFFF4EF
FFFFF4EF
FFFFF4EF
FFFFF4EF
FFFFF4EF
FFFFF4EF
FFFFF4EF
FFFFF4EF
FFFFF4EF
FFFFF4EF
FFFFF4EF
FFFFF4EF
FFFFF4EF
FFFFF4EF
FFFFF4EF
FFFFF4EF
FFFFF5E6
FFFFF658
FFFFF4EF
FFFFF4EF
FFFFF4EF
FFFFF4EF
FFFFF4EF
FFFFF4EF
FFFFF4EF
FFFFF4EF
FFFFF4EF
FFFFF4EF
FFFFF4EF
FFFFF4EF
FFFFF4EF
FFFFF4EF
FFFFF4EF
FFFFF4EF
FFFFF4EF
FFFFF4EF
FFFFF4EF
FFFFF4EF
FFFFF4EF
FFFFF4EF
FFFFF4EF
FFFFF4EF
FFFFF4EF
FFFFF4EF
FFFFF5E6
FFFFF788
FFFFF904
FFFFF904
FFFFF904
FFFFF904
FFFFF904
FFFFF904
FFFFF904
FFFFF904
FFFFF904
FFFFF904
FFFFF904
FFFFF904
FFFFF904
FFFFF904
FFFFF904
FFFFF904
FFFFF904
FFFFF904
FFFFF904
FFFFF904
FFFFF904
FFFFF904
FFFFF904
FFFFF904
FFFFF904
FFFFF904
FFFFFA0E
FFFFF9E6
FFFFF9AD
FFFFF9AD
FFFFF9AD
FFFFF9AD
FFFFF9AD
FFFFF9AD
FFFFF9AD
FFFFF9AD
FFFFF9AD
FFFFF9AD
FFFFF9AD
FFFFF9AD
FFFFF9AD
FFFFF9AD
FFFFF9AD
FFFFF9AD
FFFFF9AD
FFFFF9AD
FFFFF9AD
FFFFF9AD
FFFFF9AD
FFFFF9AD
FFFFF9AD
FFFFF9AD
FFFFF9AD
FFFFF9AD
FFFFF47B
FFFFF5D1
FFFFF928
FFFFF928
FFFFF928
FFFFF928
FFFFF928
FFFFF928
FFFFF928
FFFFF928
FFFFF928
FFFFF928
FFFFF928
FFFFF928
FFFFF928
FFFFF928
FFFFF928
FFFFF928
FFFFF928
FFFFF928
FFFFF928
FFFFF928
FFFFF928
FFFFF928
FFFFF928
FFFFF928
FFFFF928
FFFFF928
FFFFF9F9
FFFFF5D1
FFFFF928
FFFFF928
FFFFF928
FFFFF928
FFFFF928
FFFFF928
FFFFF928
FFFFF928
FFFFF928
FFFFF928
FFFFF928
FFFFF928
FFFFF928
FFFFF928
FFFFF928
FFFFF928
FFFFF928
FFFFF928
FFFFF928
FFFFF928
FFFFF928
FFFFF928
FFFFF928
FFFFF928
FFFFF928
FFFFF928
FFFFF9F9
FFFFF5D1
FFFFF928
FFFFF928
FFFFF928
FFFFF928
FFFFF928
FFFFF928
FFFFF928
FFFFF928
FFFFF928
FFFFF928
FFFFF928
FFFFF928
FFFFF928
FFFFF928
FFFFF928
FFFFF928
FFFFF928
FFFFF928
FFFFF928
FFFFF928
FFFFF928
FFFFF928
FFFFF928
FFFFF928
FFFFF928
FFFFF928
FFFFF9F9
FFFFF5D1
FFFFF928
FFFFF928
FFFFF928
FFFFF928
FFFFF928
FFFFF928
FFFFF928
FFFFF928
FFFFF928
FFFFF928
FFFFF928
FFFFF34C
FFFFF833
FFFFFEC8
0000059A
FFFFFFCD
FFFFF928
FFFFF928
FFFFF928
FFFFF928
FFFFF928
FFFFF928
FFFFF928
FFFFF928
FFFFF928
FFFFF928
FFFFF9F9
FFFFF5D1
FFFFF928
FFFFF928
FFFFF928
FFFFF928
FFFFF928
FFFFF928
FFFFF928
FFFFF928
FFFFF928
FFFFF7FC
FFFFEBB3
FFFFE537
00000B08
00001A17
00002143
0000146C
00001423
000013E4
00001BA0
00001FC9
00001462
000003C4
FFFFFAE1
FFFFF928
FFFFF928
FFFFF928
FFFFF9F9
FFFFF5D1
FFFFF928
FFFFF928
FFFFF928
FFFFF928
FFFFF928
FFFFF928
FFFFF928
FFFFF928
FFFFF7FC
FFFFE16D
FFFFEDED
00002283
0000337A
00001C28
000013C9
00000F5B
00001A3C
00001A78
00001BC2
0000147B
00001577
00002D0A
0000188C
FFFFFC9A
FFFFF928
FFFFF928
FFFFF9F9
FFFFF5D1
FFFFF928
FFFFF928
FFFFF928
FFFFF928
FFFFF928
FFFFF928
FFFFF928
FFFFF1E4
FFFFE46F
FFFFF697
00003C44
0000513A
00003885
000018B1
00000F24
000004A2
00000544
00000B2A
FFFFF28B
FFFFE4FB
FFFFF79B
000019A8
00001695
00000C84
FFFFF928
FFFFF928
FFFFF9F9
FFFFF5D1
FFFFF928
FFFFF928
FFFFF928
FFFFF928
FFFFF928
FFFFF928
FFFFF928
FFFFE56E
FFFFEDCB
00003DB9
00004AEA
00003FFF
00001652
FFFFF681
FFFFFEEE
FFFFF35F
000001FA
FFFFFC7D
FFFFF954
FFFFF203
FFFFF062
FFFFF58F
00001612
FFFFFEBF
FFFFF928
FFFFF928
FFFFF9F9
FFFFF5D1
FFFFF928
FFFFF928
FFFFF928
FFFFF928
FFFFF928
FFFFF928
FFFFF928
FFFFED5D
000019F2
00003616
000044D4
00001659
FFFFD448
FFFFF0E3
FFFFEED0
FFFFF8C9
FFFFFC96
FFFFF6AF
FFFFFD90
FFFFF67F
00002308
0000231C
000011E1
FFFFE953
FFFFF928
FFFFF928
FFFFF9F9
FFFFF5D1
FFFFF928
FFFFF928
FFFFF928
FFFFF928
FFFFF928
FFFFF928
FFFFF928
00000101
00001A2A
00002577
00002E65
FFFFE6CE
FFFFEE98
FFFFF718
FFFFF928
FFFFF928
FFFFF928
FFFFF4B4
FFFFDCE5
00001A69
0000522B
00003072
000008B4
FFFFDCC0
FFFFF928
FFFFF928
FFFFF9F9
FFFFF5D1
FFFFF928
FFFFF928
FFFFF928
FFFFF928
FFFFF928
FFFFF928
FFFFF928
00000FCF
00001611
00000E43
FFFFEBBD
0000057E
00000EDE
FFFFFED1
FFFFF928
FFFFF400
FFFFE942
FFFFEEC0
0000196C
00005B9F
00003FB0
00003002
FFFFE591
FFFFD05A
FFFFF928
FFFFF928
FFFFF9F9
FFFFF5D1
FFFFF928
FFFFF928
FFFFF928
FFFFF928
FFFFF928
FFFFF928
FFFFF928
00000C24
00001B0B
000006D9
FFFFE9C5
FFFFF8D5
000011D2
00000D6D
FFFFF4DC
FFFFE624
000000EE
00002B25
00005370
0000432B
00003100
FFFFFB94
FFFFC217
FFFFE4A0
FFFFF928
FFFFF928
FFFFF9F9
FFFFF5D1
FFFFF928
FFFFF928
FFFFF928
FFFFF928
FFFFF928
FFFFF928
FFFFF928
FFFFF928
0000139F
00001AB2
000000D4
FFFFDB89
FFFFFCE8
FFFFF7D5
0000155F
000020A5
00004C5D
00004C3F
0000375B
00000FA0
FFFFEA35
FFFFC721
FFFFE2C8
FFFFF688
FFFFF928
FFFFF928
FFFFF9F9
FFFFF5D1
FFFFF928
FFFFF928
FFFFF928
FFFFF928
FFFFF928
FFFFF928
FFFFF928
FFFFF928
FFFFFCA3
00000DCF
0000054D
00001C90
FFFFF806
0000042A
00002AE6
0000541A
00003AAF
00000BA8
FFFFEDEA
FFFFDBF2
FFFFD8E7
FFFFE972
FFFFF7D8
FFFFF928
FFFFF928
FFFFF928
FFFFF9F9
FFFFF5D1
FFFFF928
FFFFF928
FFFFF928
FFFFF928
FFFFF928
FFFFF928
FFFFEFC8
FFFFEB04
FFFFF5DB
00000F18
00004A3F
00004ACC
00001F5C
00001E3E
00003612
0000318B
FFFFF79A
FFFFDF16
FFFFDA24
FFFFEA74
FFFFF748
FFFFF928
FFFFF928
FFFFF928
FFFFF928
FFFFF928
FFFFF9F9
FFFFF5D1
FFFFF928
FFFFF928
FFFFF928
FFFFF5A4
FFFFEB09
FFFFEDCF
0000042E
00001E1D
000025DF
00004151
00004845
00002F04
FFFFFC25
FFFFFECE
000017EA
00000ED7
FFFFF3ED
FFFFF326
FFFFF7D8
FFFFF928
FFFFF928
FFFFF928
FFFFF928
FFFFF928
FFFFF928
FFFFF928
FFFFF9F9
FFFFF5D1
FFFFF928
FFFFF928
FFFFE2E4
FFFFEDCF
00000C65
000022E8
00003534
00004394
000046D6
0000230B
FFFFFCEC
FFFFEB88
FFFFDE88
0000193C
00000AB0
00001754
FFFFF903
FFFFFE38
FFFFF928
FFFFF928
FFFFF928
FFFFF928
FFFFF928
FFFFF928
FFFFF928
FFFFF928
FFFFF9F9
FFFFF5D1
FFFFF928
FFFFF928
FFFFE456
000000C1
00002723
00003CD3
00003330
00003217
00000CA9
FFFFE952
FFFFEDDF
FFFFF545
00003149
000049A3
0000268B
00001647
FFFFE629
FFFFF160
FFFFF928
FFFFF928
FFFFF928
FFFFF928
FFFFF928
FFFFF928
FFFFF928
FFFFF928
FFFFF9F9
FFFFF5D1
FFFFF928
FFFFF928
0000145D
00001620
0000095B
00000E8D
00001C4B
00000B5E
FFFFEE52
00000C6A
0000193F
00002E33
00004767
000033C4
00003A8C
FFFFFFB9
FFFFC2E9
FFFFF148
FFFFF928
FFFFF928
FFFFF928
FFFFF928
FFFFF928
FFFFF928
FFFFF928
FFFFF928
FFFFF9F9
FFFFF5D1
FFFFF928
FFFFF928
00001041
00001C9D
00001712
FFFFFF70
FFFFF680
FFFFE92B
00000616
00001FE6
0000228C
00002564
000028EC
00002870
00000D3E
FFFFBBBB
FFFFDB54
FFFFF7A8
FFFFF928
FFFFF928
FFFFF928
FFFFF928
FFFFF928
FFFFF928
FFFFF928
FFFFF928
FFFFF9F9
FFFFF5D1
FFFFF928
FFFFF928
FFFFF928
00001185
00001C6A
00000C2A
00000A6A
FFFFFF21
0000064D
FFFFFD95
FFFFFD95
FFFFFD95
FFFFFF75
FFFFF023
FFFFC87D
FFFFDCCA
FFFFF598
FFFFF928
FFFFF928
FFFFF928
FFFFF928
FFFFF928
FFFFF928
FFFFF928
FFFFF928
FFFFF928
FFFFF9F9
FFFFF5D1
FFFFF928
FFFFF928
FFFFF928
FFFFF928
FFFFFDE7
00000C84
000008F4
000009FE
00000382
FFFFFC62
FFFFFC62
FFFFFC62
FFFFED32
FFFFDE74
FFFFEB38
FFFFF7A8
FFFFF928
FFFFF928
FFFFF928
FFFFF928
FFFFF928
FFFFF928
FFFFF928
FFFFF928
FFFFF928
FFFFF928
FFFFF9F9
FFFFF5D1
FFFFF928
FFFFF928
FFFFF928
FFFFF928
FFFFF928
FFFFF928
FFFFF928
FFFFF928
FFFFF928
FFFFF928
FFFFF928
FFFFF928
FFFFF928
FFFFF928
FFFFF928
FFFFF928
FFFFF928
FFFFF928
FFFFF928
FFFFF928
FFFFF928
FFFFF928
FFFFF928
FFFFF928
FFFFF928
FFFFF928
FFFFF9F9
FFFFF5D1
FFFFF928
FFFFF928
FFFFF928
FFFFF928
FFFFF928
FFFFF928
FFFFF928
FFFFF928
FFFFF928
FFFFF928
FFFFF928
FFFFF928
FFFFF928
FFFFF928
FFFFF928
FFFFF928
FFFFF928
FFFFF928
FFFFF928
FFFFF928
FFFFF928
FFFFF928
FFFFF928
FFFFF928
FFFFF928
FFFFF928
FFFFF9F9
FFFFF5D1
FFFFF928
FFFFF928
FFFFF928
FFFFF928
FFFFF928
FFFFF928
FFFFF928
FFFFF928
FFFFF928
FFFFF928
FFFFF928
FFFFF928
FFFFF928
FFFFF928
FFFFF928
FFFFF928
FFFFF928
FFFFF928
FFFFF928
FFFFF928
FFFFF928
FFFFF928
FFFFF928
FFFFF928
FFFFF928
FFFFF928
FFFFF9F9
FFFFF5D1
FFFFF928
FFFFF928
FFFFF928
FFFFF928
FFFFF928
FFFFF928
FFFFF928
FFFFF928
FFFFF928
FFFFF928
FFFFF928
FFFFF928
FFFFF928
FFFFF928
FFFFF928
FFFFF928
FFFFF928
FFFFF928
FFFFF928
FFFFF928
FFFFF928
FFFFF928
FFFFF928
FFFFF928
FFFFF928
FFFFF928
FFFFF9F9
FFFFF572
FFFFFD76
FFFFFD76
FFFFFD76
FFFFFD76
FFFFFD76
FFFFFD76
FFFFFD76
FFFFFD76
FFFFFD76
FFFFFD76
FFFFFD76
FFFFFD76
FFFFFD76
FFFFFD76
FFFFFD76
FFFFFD76
FFFFFD76
FFFFFD76
FFFFFD76
FFFFFD76
FFFFFD76
FFFFFD76
FFFFFD76
FFFFFD76
FFFFFD76
FFFFFD76
000002BB
